label,brightness,padding_ratio,pixel_value
daging sapi,0.48491179943084717,0.0,203
daging sapi,0.5536431074142456,0.0,255
daging sapi,0.4211617708206177,0.0,255
daging sapi,0.49912402033805847,0.0,0
daging sapi,0.49068641662597656,0.0,227
daging sapi,0.4921577572822571,0.0,255
daging sapi,0.45888203382492065,0.0,110
daging sapi,0.4807492196559906,0.0,220
daging sapi,0.4467133581638336,0.0,195
daging sapi,0.482389897108078,0.0,252
daging sapi,0.5012168884277344,0.0,181
daging sapi,0.4976666569709778,0.0,110
daging sapi,0.5047208070755005,0.0,74
daging sapi,0.4425642490386963,0.0,170
daging sapi,0.4847153127193451,0.0,108
daging sapi,0.46830084919929504,0.0,1
daging sapi,0.4915938675403595,0.0,85
daging sapi,0.5192341804504395,0.0,216
daging sapi,0.5117599368095398,0.0,26
daging sapi,0.46960097551345825,0.0,204
daging sapi,0.4856274127960205,0.0,20
daging sapi,0.49093228578567505,0.0,0
daging sapi,0.48379045724868774,0.0,31
daging sapi,0.5002946257591248,0.0,48
daging sapi,0.47546714544296265,0.0,209
daging sapi,0.5030847191810608,0.0,33
daging sapi,0.5170510411262512,0.0,188
daging sapi,0.49019232392311096,0.0,9
daging sapi,0.48344308137893677,0.0,75
daging sapi,0.47342416644096375,0.0,255
daging sapi,0.46512946486473083,0.0,180
daging sapi,0.5043802261352539,0.0,253
daging sapi,0.4618209898471832,0.0,197
daging sapi,0.484319269657135,0.0,54
daging sapi,0.5090578198432922,0.0,182
daging sapi,0.4936145544052124,0.0,209
daging sapi,0.4586046636104584,0.0,137
daging sapi,0.49345216155052185,0.0,114
daging sapi,0.4816547930240631,0.0,89
daging sapi,0.4551621973514557,0.0,22
daging sapi,0.4293394684791565,0.0,94
daging sapi,0.5044018030166626,0.0,252
daging sapi,0.5031288266181946,0.0,255
daging sapi,0.49903604388237,0.0,116
daging sapi,0.4615716338157654,0.0,145
daging sapi,0.5025409460067749,0.0,201
daging sapi,0.4730587303638458,0.0,27
daging sapi,0.5056828260421753,0.0,99
daging sapi,0.5059266686439514,0.0,79
daging sapi,0.48747140169143677,0.0,255
daging sapi,0.457152396440506,0.0,147
daging sapi,0.4558476507663727,0.0,135
daging sapi,0.4664679169654846,0.0,63
daging sapi,0.4674263894557953,0.0,255
daging sapi,0.4848669171333313,0.0,65
daging sapi,0.5476358532905579,0.0,130
daging sapi,0.5005095601081848,0.0,255
daging sapi,0.45573657751083374,0.0,32
daging sapi,0.48741424083709717,0.0,190
daging sapi,0.41810548305511475,0.0,250
daging sapi,0.46073487401008606,0.0,193
daging sapi,0.4946886897087097,0.0,0
daging sapi,0.5179039835929871,0.0,73
daging sapi,0.5081067681312561,0.0,159
daging sapi,0.48431265354156494,0.0,14
daging sapi,0.4881025552749634,0.0,7
daging sapi,0.5043408870697021,0.0,38
daging sapi,0.49304109811782837,0.0,10
daging sapi,0.4664666950702667,0.0,44
daging sapi,0.5114521384239197,0.0,73
daging sapi,0.5439940690994263,0.0,249
daging sapi,0.4995748698711395,0.0,232
daging sapi,0.518894374370575,0.0,93
daging sapi,0.4631965756416321,0.0,255
daging sapi,0.42846041917800903,0.0,179
daging sapi,0.5043067932128906,0.0,48
daging sapi,0.5102396607398987,0.0,177
daging sapi,0.4799997806549072,0.0,244
daging sapi,0.4840797483921051,0.0,118
daging sapi,0.5031219124794006,0.0,144
daging sapi,0.5086079835891724,0.0,197
daging sapi,0.46218571066856384,0.0,91
daging sapi,0.46957874298095703,0.0,255
daging sapi,0.4387873411178589,0.0,14
daging sapi,0.5104109644889832,0.0,24
daging sapi,0.4671243727207184,0.0,106
daging sapi,0.5156548023223877,0.0,99
daging sapi,0.4931376874446869,0.0,165
daging sapi,0.4744971692562103,0.0,156
daging sapi,0.48706987500190735,0.0,111
daging sapi,0.43171536922454834,0.0,246
daging sapi,0.4908426105976105,0.0,90
daging sapi,0.49925142526626587,0.0,250
daging sapi,0.5401319861412048,0.0,155
daging sapi,0.4447927176952362,0.0,26
daging sapi,0.4745057225227356,0.0,186
daging sapi,0.5314123630523682,0.0,126
daging sapi,0.47896379232406616,0.0,15
daging sapi,0.4746067225933075,0.0,86
daging sapi,0.480781614780426,0.0,161
daging sapi,0.47985929250717163,0.0,194
daging sapi,0.4445315897464752,0.0,172
daging sapi,0.5037029981613159,0.0,187
daging sapi,0.4690338373184204,0.0,142
daging sapi,0.45639878511428833,0.0,87
daging sapi,0.4756815433502197,0.0,81
daging sapi,0.5174304842948914,0.0,88
daging sapi,0.4687454402446747,0.0,162
daging sapi,0.48518553376197815,0.0,138
daging sapi,0.45184046030044556,0.0,32
daging sapi,0.4434243142604828,0.0,0
daging sapi,0.4706628918647766,0.0,248
daging sapi,0.48403027653694153,0.0,19
daging sapi,0.4541567862033844,0.0,228
daging sapi,0.49127793312072754,0.0,164
daging sapi,0.48407599329948425,0.0,255
daging sapi,0.47330614924430847,0.0,248
daging sapi,0.46138742566108704,0.0,209
daging sapi,0.4762062430381775,0.0,49
daging sapi,0.5004149079322815,0.0,254
daging sapi,0.5084663033485413,0.0,36
daging sapi,0.498516321182251,0.0,160
daging sapi,0.502271294593811,0.0,222
daging sapi,0.47223833203315735,0.0,77
daging sapi,0.48326441645622253,0.0,53
daging sapi,0.47183892130851746,0.0,91
daging sapi,0.4809888005256653,0.0,30
daging sapi,0.4781416952610016,0.0,57
daging sapi,0.4824173152446747,0.0,59
daging sapi,0.48705583810806274,0.0,158
daging sapi,0.4785948693752289,0.0,104
daging sapi,0.48200276494026184,0.0,26
daging sapi,0.5086148977279663,0.0,253
daging sapi,0.5032079219818115,0.0,0
daging sapi,0.48732197284698486,0.0,69
daging sapi,0.506545901298523,0.0,0
daging sapi,0.48941633105278015,0.0,79
daging sapi,0.488766610622406,0.0,63
daging sapi,0.4748843014240265,0.0,59
daging sapi,0.4950239360332489,0.0,205
daging sapi,0.47579431533813477,0.0,203
daging sapi,0.4900796711444855,0.0,162
daging sapi,0.4666653573513031,0.0,25
daging sapi,0.47215530276298523,0.0,136
daging sapi,0.5334029793739319,0.0,245
daging sapi,0.4525420069694519,0.0,0
daging sapi,0.45467469096183777,0.0,229
daging sapi,0.43796056509017944,0.0,96
daging sapi,0.48587727546691895,0.0,45
daging sapi,0.46854162216186523,0.0,250
daging sapi,0.45752161741256714,0.0,209
daging sapi,0.49218517541885376,0.0,117
daging sapi,0.4920596182346344,0.0,166
daging sapi,0.5025920271873474,0.0,255
daging sapi,0.510844349861145,0.0,202
daging sapi,0.4788052439689636,0.0,254
daging sapi,0.510632336139679,0.0,17
daging sapi,0.4689635634422302,0.0,10
daging sapi,0.5019808411598206,0.0,252
daging sapi,0.5116603970527649,0.0,163
daging sapi,0.4810854196548462,0.0,59
daging sapi,0.46931442618370056,0.0,141
daging sapi,0.4982386529445648,0.0,0
daging sapi,0.46682465076446533,0.0,255
daging sapi,0.48024818301200867,0.0,162
daging sapi,0.47598686814308167,0.0,0
daging sapi,0.47273746132850647,0.0,205
daging sapi,0.4749608039855957,0.0,0
daging sapi,0.49798086285591125,0.0,35
daging sapi,0.46454542875289917,0.0,130
daging sapi,0.4411693811416626,0.0,254
daging sapi,0.48889389634132385,0.0,63
daging sapi,0.48421359062194824,0.0,32
daging sapi,0.4500337839126587,0.0,4
daging sapi,0.5143705010414124,0.0,0
daging sapi,0.468555212020874,0.0,182
daging sapi,0.41791412234306335,0.0,224
daging sapi,0.46284177899360657,0.0,44
daging sapi,0.47388505935668945,0.0,4
daging sapi,0.47349485754966736,0.0,111
daging sapi,0.4871276915073395,0.0,1
daging sapi,0.4801347255706787,0.0,39
daging sapi,0.4445309340953827,0.0,104
daging sapi,0.4611450135707855,0.0,252
daging sapi,0.47921058535575867,0.0,253
daging sapi,0.47641319036483765,0.0,91
daging sapi,0.49586689472198486,0.0,23
daging sapi,0.4863252639770508,0.0,255
daging sapi,0.49409395456314087,0.0,76
daging sapi,0.4279153645038605,0.0,9
daging sapi,0.49044814705848694,0.0,200
daging sapi,0.4348732531070709,0.0,201
daging sapi,0.5010219812393188,0.0,111
daging sapi,0.4934549033641815,0.0,215
daging sapi,0.48870429396629333,0.0,88
daging sapi,0.5039541721343994,0.0,203
daging sapi,0.46620234847068787,0.0,215
daging sapi,0.47383978962898254,0.0,0
daging sapi,0.4741573631763458,0.0,69
daging sapi,0.47119230031967163,0.0,11
daging sapi,0.49946433305740356,0.0,48
daging sapi,0.5389845371246338,0.0,80
daging sapi,0.49230438470840454,0.0,103
daging sapi,0.4617021381855011,0.0,0
daging sapi,0.45484083890914917,0.0,197
daging sapi,0.5429187417030334,0.0,233
daging sapi,0.4434669017791748,0.0,57
daging sapi,0.42613911628723145,0.0,27
daging sapi,0.49485358595848083,0.0,83
daging sapi,0.5114350318908691,0.0,216
daging sapi,0.4490853250026703,0.0,255
daging sapi,0.4395833909511566,0.0,132
daging sapi,0.47599366307258606,0.0,87
daging sapi,0.49552273750305176,0.0,167
daging sapi,0.48910704255104065,0.0,22
daging sapi,0.5056889057159424,0.0,0
daging sapi,0.5137295126914978,0.0,0
daging sapi,0.5195289850234985,0.0,54
daging sapi,0.4941084086894989,0.0,184
daging sapi,0.503559947013855,0.0,255
daging sapi,0.4973589777946472,0.0,120
daging sapi,0.446890652179718,0.0,105
daging sapi,0.4950675070285797,0.0,133
daging sapi,0.4842883348464966,0.0,1
daging sapi,0.4865356385707855,0.0,80
daging sapi,0.5020453333854675,0.0,93
daging sapi,0.5100757479667664,0.0,228
daging sapi,0.48659566044807434,0.0,40
daging sapi,0.45563673973083496,0.0,91
daging sapi,0.47838956117630005,0.0,252
daging sapi,0.5351122617721558,0.0,0
daging sapi,0.4985777735710144,0.0,134
daging sapi,0.45900893211364746,0.0,255
daging sapi,0.48488104343414307,0.0,248
daging sapi,0.4812994599342346,0.0,255
daging sapi,0.48460647463798523,0.0,132
daging sapi,0.48364579677581787,0.0,0
daging sapi,0.40685224533081055,0.0,76
daging sapi,0.5082084536552429,0.0,62
daging sapi,0.47806596755981445,0.0,40
daging sapi,0.5113155245780945,0.0,131
daging sapi,0.4660097062587738,0.0,251
daging sapi,0.4728962779045105,0.0,114
daging sapi,0.5133113265037537,0.0,255
daging sapi,0.45855844020843506,0.0,0
daging sapi,0.4679243564605713,0.0,25
daging sapi,0.509949266910553,0.0,255
daging sapi,0.5088191032409668,0.0,1
daging sapi,0.4694725573062897,0.0,102
daging sapi,0.5116331577301025,0.0,217
daging sapi,0.49212443828582764,0.0,1
daging sapi,0.48182839155197144,0.0,76
daging sapi,0.4817136824131012,0.0,127
daging sapi,0.490370512008667,0.0,134
daging sapi,0.47807878255844116,0.0,103
daging sapi,0.4779675006866455,0.0,45
daging sapi,0.4595513939857483,0.0,220
daging sapi,0.509896457195282,0.0,212
daging sapi,0.42516055703163147,0.0,255
daging sapi,0.5007796287536621,0.0,161
daging sapi,0.49837109446525574,0.0,46
daging sapi,0.47886964678764343,0.0,0
daging sapi,0.4783609211444855,0.0,69
daging sapi,0.47082120180130005,0.0,124
daging sapi,0.4884943962097168,0.0,255
daging sapi,0.4387825131416321,0.0,237
daging sapi,0.4994055926799774,0.0,148
daging sapi,0.4549510180950165,0.0,0
daging sapi,0.4884849190711975,0.0,229
daging sapi,0.4775324761867523,0.0,86
daging sapi,0.4506848454475403,0.0,192
daging sapi,0.4964665472507477,0.0,47
daging sapi,0.4947574734687805,0.0,124
daging sapi,0.47978803515434265,0.0,3
daging sapi,0.47868576645851135,0.0,63
daging sapi,0.44977647066116333,0.0,255
daging sapi,0.4091039001941681,0.0,91
daging sapi,0.5512238144874573,0.0,82
daging sapi,0.5312827229499817,0.0,11
daging sapi,0.4633581340312958,0.0,11
daging sapi,0.4430921971797943,0.0,70
daging sapi,0.4691374897956848,0.0,3
daging sapi,0.5007326602935791,0.0,207
daging sapi,0.4773523807525635,0.0,21
daging sapi,0.47636330127716064,0.0,3
daging sapi,0.5088518857955933,0.0,209
daging sapi,0.4777334928512573,0.0,253
daging sapi,0.4933890402317047,0.0,2
daging sapi,0.4978393316268921,0.0,194
daging sapi,0.4709368348121643,0.0,252
daging sapi,0.45989108085632324,0.0,254
daging sapi,0.48063546419143677,0.0,254
daging sapi,0.46938252449035645,0.0,111
daging sapi,0.4818035960197449,0.0,255
daging sapi,0.4773043692111969,0.0,122
daging sapi,0.49172288179397583,0.0,255
daging sapi,0.49238789081573486,0.0,132
daging sapi,0.46448811888694763,0.0,242
daging sapi,0.4741584062576294,0.0,255
daging sapi,0.4949454367160797,0.0,255
daging sapi,0.45798882842063904,0.0,170
daging sapi,0.5041344165802002,0.0,37
daging sapi,0.5090181827545166,0.0,221
daging sapi,0.45841315388679504,0.0,118
daging sapi,0.44348374009132385,0.0,14
daging sapi,0.4753476679325104,0.0,255
daging sapi,0.4834529757499695,0.0,82
daging sapi,0.4478946626186371,0.0,171
daging sapi,0.5391607880592346,0.0,0
daging sapi,0.4782733917236328,0.0,185
daging sapi,0.4545229971408844,0.0,168
daging sapi,0.5064727663993835,0.0,95
daging sapi,0.4850704073905945,0.0,25
daging sapi,0.4838853180408478,0.0,180
daging sapi,0.43700164556503296,0.0,255
daging sapi,0.49300727248191833,0.0,145
daging sapi,0.4573207497596741,0.0,169
daging sapi,0.4980006814002991,0.0,255
daging sapi,0.4719158411026001,0.0,255
daging sapi,0.4592796862125397,0.0,0
daging sapi,0.4481485188007355,0.0,255
daging sapi,0.47276777029037476,0.0,200
daging sapi,0.4971843957901001,0.0,0
daging sapi,0.4942055940628052,0.0,21
daging sapi,0.4866257607936859,0.0,0
daging sapi,0.47938767075538635,0.0,95
daging sapi,0.5048689842224121,0.0,177
daging sapi,0.47891369462013245,0.0,74
daging sapi,0.5176262855529785,0.0,255
daging sapi,0.49785304069519043,0.0,0
daging sapi,0.46371328830718994,0.0,87
daging sapi,0.47741174697875977,0.0,255
daging sapi,0.45067325234413147,0.0,46
daging sapi,0.4538821876049042,0.0,110
daging sapi,0.43283966183662415,0.0,253
daging sapi,0.4711676836013794,0.0,173
daging sapi,0.4423322081565857,0.0,255
daging sapi,0.5274463891983032,0.0,1
daging sapi,0.43772420287132263,0.0,34
daging sapi,0.5048724412918091,0.0,201
daging sapi,0.49060332775115967,0.0,245
daging sapi,0.4937543272972107,0.0,180
daging sapi,0.49739545583724976,0.0,0
daging sapi,0.47849589586257935,0.0,109
daging sapi,0.4856221079826355,0.0,212
daging sapi,0.45778948068618774,0.0,219
daging sapi,0.48321646451950073,0.0,131
daging sapi,0.48364782333374023,0.0,15
daging sapi,0.5017068386077881,0.0,66
daging sapi,0.46475547552108765,0.0,10
daging sapi,0.48392030596733093,0.0,128
daging sapi,0.47489798069000244,0.0,155
daging sapi,0.4809122383594513,0.0,195
daging sapi,0.47245803475379944,0.0,253
daging sapi,0.49414533376693726,0.0,20
daging sapi,0.5030259490013123,0.0,0
daging sapi,0.517318606376648,0.0,160
daging sapi,0.5042730569839478,0.0,77
daging sapi,0.4307190179824829,0.0,0
daging sapi,0.4522708058357239,0.0,216
daging sapi,0.4264162480831146,0.0,129
daging sapi,0.4629577398300171,0.0,108
daging sapi,0.5126793384552002,0.0,255
daging sapi,0.5032651424407959,0.0,76
daging sapi,0.4833298623561859,0.0,255
daging sapi,0.46069586277008057,0.0,255
daging sapi,0.5221527814865112,0.0,227
daging sapi,0.47561126947402954,0.0,255
daging sapi,0.437580406665802,0.0,0
daging sapi,0.5023271441459656,0.0,69
daging sapi,0.41475847363471985,0.0,59
daging sapi,0.42162269353866577,0.0,0
daging sapi,0.47320473194122314,0.0,213
daging sapi,0.48955997824668884,0.0,255
daging sapi,0.48660269379615784,0.0,255
daging sapi,0.48449671268463135,0.0,1
daging sapi,0.42650625109672546,0.0,154
daging sapi,0.4584929347038269,0.0,254
daging sapi,0.40623462200164795,0.0,193
daging sapi,0.4669453203678131,0.0,103
daging sapi,0.4697834551334381,0.0,195
daging sapi,0.53934645652771,0.0,128
daging sapi,0.4800806939601898,0.0,67
daging sapi,0.46825113892555237,0.0,109
daging sapi,0.43879351019859314,0.0,202
daging sapi,0.4659828245639801,0.0,252
daging sapi,0.4851396381855011,0.0,3
daging sapi,0.5003010630607605,0.0,157
daging sapi,0.5011353492736816,0.0,0
daging sapi,0.4903925061225891,0.0,62
daging sapi,0.4991200864315033,0.0,0
daging sapi,0.47900500893592834,0.0,5
daging sapi,0.47636735439300537,0.0,114
daging sapi,0.4405219554901123,0.0,25
daging sapi,0.4903712868690491,0.0,192
daging sapi,0.5128929018974304,0.0,237
daging sapi,0.4697892665863037,0.0,22
daging sapi,0.49045395851135254,0.0,43
daging sapi,0.4989093542098999,0.0,226
daging sapi,0.4795677661895752,0.0,13
daging sapi,0.47280892729759216,0.0,108
daging sapi,0.4678729772567749,0.0,141
daging sapi,0.4819676876068115,0.0,166
daging sapi,0.4517820179462433,0.0,255
daging sapi,0.4848371148109436,0.0,188
daging sapi,0.49468111991882324,0.0,99
daging sapi,0.4747917950153351,0.0,0
daging sapi,0.46898022294044495,0.0,183
daging sapi,0.4277679920196533,0.0,255
daging sapi,0.4982198178768158,0.0,155
daging sapi,0.4787338674068451,0.0,141
daging sapi,0.4947986602783203,0.0,44
daging sapi,0.48628807067871094,0.0,230
daging sapi,0.491659939289093,0.0,126
daging sapi,0.4703022539615631,0.0,255
daging sapi,0.49202588200569153,0.0,74
daging sapi,0.5179885625839233,0.0,254
daging sapi,0.4914872646331787,0.0,255
daging sapi,0.49080488085746765,0.0,28
daging sapi,0.4728180766105652,0.0,216
daging sapi,0.45048993825912476,0.0,60
daging sapi,0.4684261381626129,0.0,252
daging sapi,0.48856306076049805,0.0,123
daging sapi,0.4301905333995819,0.0,121
daging sapi,0.4792051911354065,0.0,42
daging sapi,0.45501241087913513,0.0,95
daging sapi,0.4858567714691162,0.0,0
daging sapi,0.4880237579345703,0.0,0
daging sapi,0.5083505511283875,0.0,197
daging sapi,0.48005929589271545,0.0,254
daging sapi,0.49417343735694885,0.0,225
daging sapi,0.45392847061157227,0.0,45
daging sapi,0.45189157128334045,0.0,0
daging sapi,0.5060128569602966,0.0,255
daging sapi,0.48008841276168823,0.0,133
daging sapi,0.4849146008491516,0.0,90
daging sapi,0.4954929053783417,0.0,249
daging sapi,0.4263913035392761,0.0,198
daging sapi,0.5288220643997192,0.0,255
daging sapi,0.5383200645446777,0.0,53
daging sapi,0.45543378591537476,0.0,253
daging sapi,0.4565909802913666,0.0,0
daging sapi,0.4804857671260834,0.0,109
daging sapi,0.47724997997283936,0.0,197
daging sapi,0.4828478693962097,0.0,232
daging sapi,0.47489649057388306,0.0,255
daging sapi,0.4810599982738495,0.0,142
daging sapi,0.4396250247955322,0.0,3
daging sapi,0.46773025393486023,0.0,53
daging sapi,0.4990237057209015,0.0,0
daging sapi,0.5181084275245667,0.0,209
daging sapi,0.5173951387405396,0.0,41
daging sapi,0.4938232898712158,0.0,0
daging sapi,0.48857444524765015,0.0,116
daging sapi,0.4830584228038788,0.0,2
daging sapi,0.48754316568374634,0.0,28
daging sapi,0.451260507106781,0.0,189
daging sapi,0.4612883925437927,0.0,84
daging sapi,0.46581560373306274,0.0,67
daging sapi,0.46227866411209106,0.0,255
daging sapi,0.46476051211357117,0.0,227
daging sapi,0.48892343044281006,0.0,235
daging sapi,0.4604155421257019,0.0,207
daging sapi,0.4685207009315491,0.0,5
daging sapi,0.49342963099479675,0.0,135
daging sapi,0.49929481744766235,0.0,84
daging sapi,0.5120333433151245,0.0,54
daging sapi,0.492688924074173,0.0,255
daging sapi,0.45940378308296204,0.0,255
daging sapi,0.4731091856956482,0.0,255
daging sapi,0.4833102524280548,0.0,120
daging sapi,0.4983275532722473,0.0,37
daging sapi,0.49101993441581726,0.0,160
daging sapi,0.442320317029953,0.0,36
daging sapi,0.4940977692604065,0.0,240
daging sapi,0.41054826974868774,0.0,51
daging sapi,0.4727373719215393,0.0,160
daging sapi,0.43861523270606995,0.0,102
daging sapi,0.4422509968280792,0.0,111
daging sapi,0.522664487361908,0.0,3
daging sapi,0.5169910788536072,0.0,234
daging sapi,0.4984128177165985,0.0,5
daging sapi,0.5164231061935425,0.0,54
daging sapi,0.5265989899635315,0.0,158
daging sapi,0.46816834807395935,0.0,252
daging sapi,0.4952037036418915,0.0,127
daging sapi,0.512965738773346,0.0,95
daging sapi,0.5003489255905151,0.0,255
daging sapi,0.4914306700229645,0.0,247
daging sapi,0.43861985206604004,0.0,0
daging sapi,0.5001133680343628,0.0,105
daging sapi,0.47230684757232666,0.0,91
daging sapi,0.49243879318237305,0.0,15
daging sapi,0.5039684176445007,0.0,170
daging sapi,0.4592761993408203,0.0,209
daging sapi,0.5041834115982056,0.0,49
daging sapi,0.5170148611068726,0.0,77
daging sapi,0.45569127798080444,0.0,0
daging sapi,0.5265567898750305,0.0,10
daging sapi,0.46147534251213074,0.0,212
daging sapi,0.5175087451934814,0.0,246
daging sapi,0.44017231464385986,0.0,13
daging sapi,0.5953757762908936,0.0,150
daging sapi,0.5317952632904053,0.0,8
daging sapi,0.40189823508262634,0.0,32
daging sapi,0.4805622696876526,0.0,254
daging sapi,0.37422096729278564,0.0,0
daging sapi,0.5757321119308472,0.0,61
daging sapi,0.5526846647262573,0.0,203
daging sapi,0.5315290689468384,0.0,77
daging sapi,0.4830015003681183,0.0,244
daging sapi,0.3896336853504181,0.0,196
daging sapi,0.47166094183921814,0.0,72
daging sapi,0.39306703209877014,0.0,75
daging sapi,0.48953521251678467,0.0,255
daging sapi,0.5645726919174194,0.0,127
daging sapi,0.3790927827358246,0.0,14
daging sapi,0.3577202558517456,0.0,0
daging sapi,0.33596742153167725,0.0,177
daging sapi,0.4359493553638458,0.0,72
daging sapi,0.5222007632255554,0.0,77
daging sapi,0.4901757836341858,0.0,201
daging sapi,0.5020818114280701,0.0,111
daging sapi,0.547129213809967,0.0,95
daging sapi,0.40211910009384155,0.0,20
daging sapi,0.6183351278305054,0.0,201
daging sapi,0.43380749225616455,0.0,0
daging sapi,0.6157493591308594,0.0,211
daging sapi,0.5935372710227966,0.0,125
daging sapi,0.5118346214294434,0.0,1
daging sapi,0.39425376057624817,0.0,255
daging sapi,0.3262362778186798,0.0,196
daging sapi,0.4280138611793518,0.0,30
daging sapi,0.4735943675041199,0.0,251
daging sapi,0.5579017400741577,0.0,146
daging sapi,0.48893529176712036,0.0,149
daging sapi,0.43699175119400024,0.0,215
daging sapi,0.47056668996810913,0.0,255
daging sapi,0.35395675897598267,0.0,0
daging sapi,0.385260671377182,0.0,4
daging sapi,0.5919582843780518,0.0,145
daging sapi,0.4913022816181183,0.0,0
daging sapi,0.593774676322937,0.0,255
daging sapi,0.4626975953578949,0.0,39
daging sapi,0.3759106397628784,0.0,127
daging sapi,0.3624456226825714,0.0,243
daging sapi,0.347689688205719,0.0,147
daging sapi,0.3450460731983185,0.0,253
daging sapi,0.6118316650390625,0.0,112
daging sapi,0.46376892924308777,0.0,255
daging sapi,0.38285505771636963,0.0,0
daging sapi,0.49956756830215454,0.0,151
daging sapi,0.4945206344127655,0.0,52
daging sapi,0.49653759598731995,0.0,227
daging sapi,0.49677395820617676,0.0,73
daging sapi,0.41615402698516846,0.0,255
daging sapi,0.5602859258651733,0.0,159
daging sapi,0.4247358441352844,0.0,232
daging sapi,0.4133906662464142,0.0,82
daging sapi,0.46493780612945557,0.0,80
daging sapi,0.4559880495071411,0.0,239
daging sapi,0.5572633147239685,0.0,0
daging sapi,0.41558319330215454,0.0,118
daging sapi,0.4513838291168213,0.0,116
daging sapi,0.7114762663841248,0.0,69
daging sapi,0.5935543179512024,0.0,255
daging sapi,0.41155892610549927,0.0,0
daging sapi,0.5912634134292603,0.0,0
daging sapi,0.44907426834106445,0.0,255
daging sapi,0.4637281596660614,0.0,98
daging sapi,0.48327651619911194,0.0,175
daging sapi,0.6529808640480042,0.0,98
daging sapi,0.3783438503742218,0.0,255
daging sapi,0.3461722433567047,0.0,0
daging sapi,0.4676364064216614,0.0,214
daging sapi,0.429389089345932,0.0,255
daging sapi,0.38098207116127014,0.0,137
daging sapi,0.541980504989624,0.0,86
daging sapi,0.5715798735618591,0.0,165
daging sapi,0.6003803014755249,0.0,0
daging sapi,0.4779816269874573,0.0,0
daging sapi,0.502057671546936,0.0,18
daging sapi,0.3331510126590729,0.0,4
daging sapi,0.4230692386627197,0.0,209
daging sapi,0.44689977169036865,0.0,133
daging sapi,0.5813083648681641,0.0,25
daging sapi,0.5210170745849609,0.0,81
durian,0.8508286476135254,0.0,69
durian,0.5897032022476196,0.0,251
durian,0.5525867342948914,0.0,79
durian,0.6485452651977539,0.0,37
durian,0.4208391308784485,0.0,38
durian,0.5452135801315308,0.0,35
durian,0.5209227800369263,0.0,0
durian,0.43204033374786377,0.0,27
durian,0.7731485962867737,0.0,190
durian,0.5773820281028748,0.0,186
durian,0.5171728730201721,0.0,120
durian,0.6324805617332458,0.0,179
durian,0.5167592763900757,0.0,48
durian,0.3716128468513489,0.0,255
durian,0.37441393733024597,0.0,0
durian,0.5354625582695007,0.0,109
durian,0.47731366753578186,0.0,170
durian,0.41969794034957886,0.0,64
durian,0.3466767370700836,0.0,168
durian,0.37848126888275146,0.0,56
durian,0.4706743657588959,0.0,92
durian,0.5544283986091614,0.0,255
durian,0.6644441485404968,0.0,240
durian,0.5037563443183899,0.0,92
durian,0.46064165234565735,0.0,25
durian,0.6967495083808899,0.0,109
durian,0.5526067018508911,0.0,255
durian,0.709586501121521,0.0,146
durian,0.4858591556549072,0.0,181
durian,0.466079980134964,0.0,7
durian,0.5536736845970154,0.0,103
durian,0.6182827949523926,0.0,198
durian,0.5397372245788574,0.0,0
durian,0.8515143394470215,0.0,221
durian,0.42216694355010986,0.0,254
durian,0.6754034161567688,0.0,0
durian,0.41857779026031494,0.0,98
durian,0.3796054422855377,0.0,110
durian,0.47055062651634216,0.0,95
durian,0.5726364254951477,0.0,152
durian,0.6819074749946594,0.0,210
durian,0.5582222938537598,0.0,8
durian,0.46241495013237,0.0,42
durian,0.3703312575817108,0.0,53
durian,0.3959565758705139,0.0,209
durian,0.31679317355155945,0.0,146
durian,0.5354217886924744,0.0,0
durian,0.5157234072685242,0.0,98
durian,0.442849725484848,0.0,87
durian,0.4069269001483917,0.0,184
durian,0.3632538616657257,0.0,196
durian,0.5179318189620972,0.0,255
durian,0.43271687626838684,0.0,186
durian,0.3861202597618103,0.0,73
durian,0.8554807901382446,0.0,251
durian,0.4465213119983673,0.0,179
durian,0.5574467182159424,0.0,17
durian,0.46677088737487793,0.0,0
durian,0.5948405265808105,0.0,122
durian,0.7188494205474854,0.0,255
durian,0.8392894268035889,0.0,190
durian,0.5987438559532166,0.0,255
durian,0.6734269857406616,0.0,0
durian,0.6285732984542847,0.0,131
durian,0.4973362982273102,0.0,189
durian,0.4888462424278259,0.0,181
durian,0.719887375831604,0.0,157
durian,0.43766841292381287,0.0,255
durian,0.4980526268482208,0.0,73
durian,0.8264905214309692,0.0,118
durian,0.763200581073761,0.0,96
durian,0.7685837149620056,0.0,110
durian,0.5122702717781067,0.0,79
durian,0.5124236345291138,0.0,0
durian,0.7228284478187561,0.0,5
durian,0.37606722116470337,0.0,126
durian,0.3861241340637207,0.0,0
durian,0.553555965423584,0.0,0
durian,0.6041982769966125,0.0,2
durian,0.24706688523292542,0.0,209
durian,0.778152346611023,0.0,79
durian,0.5854482054710388,0.0,205
durian,0.49571898579597473,0.0,122
durian,0.5092787742614746,0.0,255
durian,0.7694863080978394,0.0,254
durian,0.4246404767036438,0.0,69
durian,0.5163130760192871,0.0,1
durian,0.39290061593055725,0.0,0
durian,0.39857763051986694,0.0,0
durian,0.3058566451072693,0.0,255
durian,0.3819424510002136,0.0,180
durian,0.5955503582954407,0.0,62
durian,0.7781521677970886,0.0,67
durian,0.5353671312332153,0.0,215
durian,0.8150061964988708,0.0,53
durian,0.488209992647171,0.0,22
durian,0.5864217877388,0.0,33
durian,0.48459023237228394,0.0,127
durian,0.8129432201385498,0.0,255
durian,0.587332010269165,0.0,38
durian,0.42815157771110535,0.0,98
durian,0.4982863962650299,0.0,102
durian,0.5296111106872559,0.0,162
durian,0.4287887513637543,0.0,126
durian,0.3693441152572632,0.0,44
durian,0.43463027477264404,0.0,0
durian,0.46192219853401184,0.0,202
durian,0.5163663029670715,0.0,255
durian,0.5050278902053833,0.0,3
durian,0.5117431879043579,0.0,154
durian,0.6258358359336853,0.0,127
durian,0.4813583195209503,0.0,184
durian,0.42628368735313416,0.0,0
durian,0.39589476585388184,0.0,104
durian,0.5601466298103333,0.0,31
durian,0.2627759873867035,0.0,59
durian,0.7850590944290161,0.0,70
durian,0.5056933164596558,0.0,143
durian,0.4975499212741852,0.0,116
durian,0.4656708836555481,0.0,246
durian,0.708669900894165,0.0,113
durian,0.4339532256126404,0.0,0
durian,0.6915513873100281,0.0,110
durian,0.4755350649356842,0.0,255
durian,0.5839527249336243,0.0,0
durian,0.5825762152671814,0.0,0
durian,0.3832557201385498,0.0,89
durian,0.4524144232273102,0.0,147
durian,0.3684366047382355,0.0,0
durian,0.3393861651420593,0.0,159
durian,0.7031859159469604,0.0,151
durian,0.4463583528995514,0.0,167
durian,0.3607361316680908,0.0,208
durian,0.4440006613731384,0.0,255
durian,0.21034251153469086,0.0,53
durian,0.2309265434741974,0.0,26
durian,0.4115578532218933,0.0,69
durian,0.3843787908554077,0.0,97
durian,0.43710508942604065,0.0,254
durian,0.5876885652542114,0.0,222
durian,0.6126117706298828,0.0,100
durian,0.40187036991119385,0.0,103
durian,0.3929634690284729,0.0,127
durian,0.5228680372238159,0.0,66
durian,0.44504594802856445,0.0,100
durian,0.44183090329170227,0.0,83
durian,0.8436256051063538,0.0,62
durian,0.46195024251937866,0.0,214
durian,0.41021236777305603,0.0,253
durian,0.5096519589424133,0.0,0
durian,0.4234607517719269,0.0,255
durian,0.35637250542640686,0.0,111
durian,0.38085582852363586,0.0,249
durian,0.7230817079544067,0.0,109
durian,0.5448600649833679,0.0,125
durian,0.7199933528900146,0.0,74
durian,0.38796311616897583,0.0,84
durian,0.4495171308517456,0.0,50
durian,0.4319181740283966,0.0,255
durian,0.8206976056098938,0.0,29
durian,0.6347219347953796,0.0,125
durian,0.5633205771446228,0.0,0
durian,0.9042744636535645,0.0,120
durian,0.5390241146087646,0.0,29
durian,0.6694386601448059,0.0,232
durian,0.5223523378372192,0.0,199
durian,0.43145954608917236,0.0,255
durian,0.32047250866889954,0.0,255
durian,0.5817415118217468,0.0,255
durian,0.7955504655838013,0.0,255
durian,0.5817848443984985,0.0,208
durian,0.45114442706108093,0.0,254
durian,0.365795373916626,0.0,25
durian,0.4787731170654297,0.0,169
durian,0.40283992886543274,0.0,6
durian,0.6272221207618713,0.0,7
durian,0.7193041443824768,0.0,253
durian,0.4903106093406677,0.0,58
durian,0.44040918350219727,0.0,255
durian,0.5862558484077454,0.0,242
durian,0.516375720500946,0.0,4
durian,0.583428680896759,0.0,44
durian,0.7367389798164368,0.0,130
durian,0.5471811890602112,0.0,62
durian,0.5412150025367737,0.0,86
durian,0.6115559935569763,0.0,164
durian,0.48863038420677185,0.0,175
durian,0.4607894718647003,0.0,0
durian,0.5337584614753723,0.0,132
durian,0.5916821360588074,0.0,252
durian,0.44762253761291504,0.0,255
durian,0.39079517126083374,0.0,193
durian,0.54072105884552,0.0,77
durian,0.3723111152648926,0.0,170
durian,0.49192363023757935,0.0,254
durian,0.445701539516449,0.0,233
durian,0.46667900681495667,0.0,211
durian,0.43579018115997314,0.0,173
durian,0.5375659465789795,0.0,165
durian,0.7044000625610352,0.0,91
durian,0.8265414834022522,0.0,7
durian,0.35904717445373535,0.0,255
durian,0.5650365948677063,0.0,51
durian,0.6435285210609436,0.0,183
durian,0.41041767597198486,0.0,2
durian,0.8550524711608887,0.0,73
durian,0.9041987657546997,0.0,58
durian,0.6495329141616821,0.0,75
durian,0.8151623010635376,0.0,3
durian,0.4897231459617615,0.0,76
durian,0.560291588306427,0.0,178
durian,0.4825805425643921,0.0,255
durian,0.45601633191108704,0.0,227
durian,0.4828636646270752,0.0,28
durian,0.48660725355148315,0.0,88
durian,0.4292125701904297,0.0,243
durian,0.5405710339546204,0.0,159
durian,0.4513401985168457,0.0,255
durian,0.6544556021690369,0.0,255
durian,0.578663170337677,0.0,226
durian,0.3853243887424469,0.0,187
durian,0.6273049712181091,0.0,178
durian,0.324546754360199,0.0,157
durian,0.5916234254837036,0.0,140
durian,0.6114569902420044,0.0,92
durian,0.6573129892349243,0.0,51
durian,0.5565153956413269,0.0,35
durian,0.5222840309143066,0.0,0
durian,0.7742198705673218,0.0,168
durian,0.5932221412658691,0.0,255
durian,0.37244006991386414,0.0,187
durian,0.47595691680908203,0.0,51
durian,0.5271438360214233,0.0,145
durian,0.5348350405693054,0.0,0
durian,0.4476599097251892,0.0,181
durian,0.621586263179779,0.0,0
durian,0.4678318202495575,0.0,253
durian,0.7428815364837646,0.0,104
durian,0.5641626119613647,0.0,92
durian,0.4965783357620239,0.0,30
durian,0.6546183824539185,0.0,206
durian,0.45034852623939514,0.0,254
durian,0.4529675245285034,0.0,255
durian,0.3740013539791107,0.0,50
durian,0.5217122435569763,0.0,246
durian,0.45000970363616943,0.0,201
durian,0.37605783343315125,0.0,0
durian,0.5633137822151184,0.0,43
durian,0.5863214135169983,0.0,65
durian,0.4902144968509674,0.0,255
durian,0.4462215006351471,0.0,186
durian,0.36151108145713806,0.0,177
durian,0.7602601051330566,0.0,196
durian,0.404802531003952,0.0,84
durian,0.37172573804855347,0.0,255
durian,0.4796914756298065,0.0,254
durian,0.7731963992118835,0.0,0
durian,0.5864315629005432,0.0,255
durian,0.6062644124031067,0.0,92
durian,0.4829215705394745,0.0,188
durian,0.478496789932251,0.0,255
durian,0.5688366889953613,0.0,255
durian,0.4818013608455658,0.0,199
durian,0.6497195959091187,0.0,0
durian,0.5375593304634094,0.0,95
durian,0.509185254573822,0.0,219
durian,0.6834914684295654,0.0,254
durian,0.5670155882835388,0.0,121
durian,0.5063589215278625,0.0,249
durian,0.36933377385139465,0.0,105
durian,0.35155171155929565,0.0,158
durian,0.45001065731048584,0.0,79
durian,0.5340419411659241,0.0,210
durian,0.5633342266082764,0.0,254
durian,0.5434489846229553,0.0,177
durian,0.42533570528030396,0.0,254
durian,0.644963800907135,0.0,246
durian,0.38920533657073975,0.0,105
durian,0.5138468146324158,0.0,79
durian,0.6215872168540955,0.0,0
durian,0.42771270871162415,0.0,25
durian,0.4564747214317322,0.0,142
durian,0.5520760416984558,0.0,129
durian,0.4893694519996643,0.0,147
durian,0.47076141834259033,0.0,255
durian,0.6164532899856567,0.0,188
durian,0.4929279685020447,0.0,196
durian,0.46070408821105957,0.0,112
durian,0.7465955018997192,0.0,164
durian,0.43392422795295715,0.0,123
durian,0.5502183437347412,0.0,140
durian,0.7193328738212585,0.0,99
durian,0.3657184839248657,0.0,255
durian,0.5701330304145813,0.0,65
durian,0.8665260076522827,0.0,86
durian,0.6694838404655457,0.0,0
durian,0.5931355953216553,0.0,92
durian,0.5331873893737793,0.0,0
durian,0.3709958791732788,0.0,84
durian,0.6493509411811829,0.0,16
durian,0.7488897442817688,0.0,160
durian,0.6898612976074219,0.0,254
durian,0.4403506815433502,0.0,210
durian,0.60653156042099,0.0,115
durian,0.413408488035202,0.0,211
durian,0.2554245889186859,0.0,211
durian,0.5413561463356018,0.0,81
durian,0.7055153250694275,0.0,78
durian,0.527449369430542,0.0,124
durian,0.5841708779335022,0.0,255
durian,0.4733404517173767,0.0,0
durian,0.4671563506126404,0.0,51
durian,0.5105912685394287,0.0,92
durian,0.7881414890289307,0.0,253
durian,0.36337193846702576,0.0,0
durian,0.5893704891204834,0.0,85
durian,0.6707568168640137,0.0,255
durian,0.4608161151409149,0.0,12
durian,0.8350474834442139,0.0,255
durian,0.5677894949913025,0.0,25
durian,0.5256063938140869,0.0,63
durian,0.5468277931213379,0.0,161
durian,0.4240540564060211,0.0,238
durian,0.3326249420642853,0.0,216
durian,0.7791773676872253,0.0,159
durian,0.8789546489715576,0.0,208
durian,0.5428352355957031,0.0,179
durian,0.4275933802127838,0.0,225
durian,0.3900032937526703,0.0,0
durian,0.4893685281276703,0.0,227
durian,0.4696274697780609,0.0,50
durian,0.36335986852645874,0.0,153
durian,0.45135483145713806,0.0,171
durian,0.5860065221786499,0.0,73
durian,0.516594648361206,0.0,75
durian,0.8319195508956909,0.0,3
durian,0.5553854703903198,0.0,149
durian,0.6106428503990173,0.0,57
durian,0.49315953254699707,0.0,125
durian,0.5209732055664062,0.0,91
durian,0.7602872848510742,0.0,108
durian,0.5218154788017273,0.0,133
durian,0.8206512331962585,0.0,249
durian,0.5412228107452393,0.0,136
durian,0.6218239665031433,0.0,255
durian,0.48678863048553467,0.0,125
durian,0.3971494436264038,0.0,0
durian,0.3750818371772766,0.0,133
durian,0.43195176124572754,0.0,254
durian,0.5230023860931396,0.0,195
durian,0.39033520221710205,0.0,209
durian,0.5410025715827942,0.0,255
durian,0.5123695135116577,0.0,94
durian,0.5816760659217834,0.0,0
durian,0.5522659420967102,0.0,253
durian,0.5091550946235657,0.0,170
durian,0.4582701623439789,0.0,64
durian,0.5717843770980835,0.0,211
durian,0.6028034687042236,0.0,249
durian,0.6184210181236267,0.0,156
durian,0.4931560158729553,0.0,122
durian,0.42220669984817505,0.0,161
durian,0.3315003514289856,0.0,65
durian,0.6492794752120972,0.0,176
durian,0.43872323632240295,0.0,0
durian,0.4583025574684143,0.0,49
durian,0.2705618441104889,0.0,82
durian,0.6863383650779724,0.0,248
durian,0.3465120792388916,0.0,255
durian,0.26381823420524597,0.0,255
durian,0.5073411464691162,0.0,29
durian,0.569586992263794,0.0,0
durian,0.4314303994178772,0.0,6
durian,0.520973801612854,0.0,156
durian,0.5104838609695435,0.0,125
durian,0.5412005186080933,0.0,0
durian,0.35911551117897034,0.0,210
durian,0.5180694460868835,0.0,78
durian,0.606475830078125,0.0,26
durian,0.5422807931900024,0.0,255
durian,0.502678632736206,0.0,187
durian,0.3794570863246918,0.0,221
durian,0.6618675589561462,0.0,161
durian,0.5726538300514221,0.0,255
durian,0.4947974681854248,0.0,66
durian,0.73653244972229,0.0,132
durian,0.6277464628219604,0.0,255
durian,0.5348635315895081,0.0,187
durian,0.8550716638565063,0.0,166
durian,0.5587683320045471,0.0,255
durian,0.8129540681838989,0.0,116
durian,0.5471827387809753,0.0,0
durian,0.35180917382240295,0.0,255
durian,0.7398881912231445,0.0,53
durian,0.4086349904537201,0.0,168
durian,0.6766524314880371,0.0,254
durian,0.4930247664451599,0.0,135
durian,0.4043683409690857,0.0,255
durian,0.48044949769973755,0.0,121
durian,0.5354928374290466,0.0,148
durian,0.4394902288913727,0.0,73
durian,0.5448347330093384,0.0,211
durian,0.4655556082725525,0.0,183
durian,0.6764680743217468,0.0,123
durian,0.5650456547737122,0.0,216
durian,0.4197869300842285,0.0,2
durian,0.7081595659255981,0.0,219
durian,0.3633067309856415,0.0,255
durian,0.5928093194961548,0.0,253
durian,0.8239349722862244,0.0,50
durian,0.4070669412612915,0.0,120
durian,0.7848303914070129,0.0,0
durian,0.6695607304573059,0.0,46
durian,0.5217562913894653,0.0,116
durian,0.36340492963790894,0.0,255
durian,0.5422796010971069,0.0,211
durian,0.6470029950141907,0.0,0
durian,0.6380059719085693,0.0,4
durian,0.44777265191078186,0.0,255
durian,0.8129440546035767,0.0,109
durian,0.5467709898948669,0.0,173
durian,0.543540894985199,0.0,2
durian,0.3243546485900879,0.0,252
durian,0.3720645606517792,0.0,86
durian,0.5552188158035278,0.0,77
durian,0.2555961012840271,0.0,255
durian,0.4928207993507385,0.0,158
durian,0.7954267263412476,0.0,198
durian,0.5677841305732727,0.0,46
durian,0.47328606247901917,0.0,43
durian,0.5347868204116821,0.0,253
durian,0.6863884925842285,0.0,212
durian,0.4291941821575165,0.0,232
durian,0.5663503408432007,0.0,252
durian,0.5478546023368835,0.0,107
durian,0.44705912470817566,0.0,241
durian,0.5422700643539429,0.0,254
durian,0.5891976952552795,0.0,0
durian,0.4413422644138336,0.0,0
durian,0.4733392596244812,0.0,122
durian,0.48675984144210815,0.0,111
durian,0.605172872543335,0.0,19
durian,0.5332165956497192,0.0,26
durian,0.5861015319824219,0.0,0
durian,0.5551579594612122,0.0,255
durian,0.40335822105407715,0.0,0
durian,0.44628775119781494,0.0,188
durian,0.44565877318382263,0.0,100
durian,0.41010817885398865,0.0,30
durian,0.7977731227874756,0.0,246
durian,0.6116107702255249,0.0,255
durian,0.7918151021003723,0.0,155
durian,0.43867233395576477,0.0,100
durian,0.5960292220115662,0.0,74
durian,0.7054901123046875,0.0,52
durian,0.36156895756721497,0.0,95
durian,0.813240647315979,0.0,74
durian,0.6150398850440979,0.0,56
durian,0.5461970567703247,0.0,131
durian,0.5090504884719849,0.0,55
durian,0.5689205527305603,0.0,55
durian,0.5228548049926758,0.0,109
durian,0.5334157347679138,0.0,36
durian,0.5230392813682556,0.0,59
durian,0.8730338215827942,0.0,92
durian,0.6765202283859253,0.0,68
durian,0.4403875470161438,0.0,129
durian,0.7363733053207397,0.0,93
durian,0.5314125418663025,0.0,255
durian,0.6112170219421387,0.0,74
durian,0.5217885971069336,0.0,146
durian,0.4086456000804901,0.0,77
durian,0.5847495198249817,0.0,171
durian,0.864857017993927,0.0,42
durian,0.5932126641273499,0.0,0
durian,0.8838426470756531,0.0,116
durian,0.5163859128952026,0.0,190
durian,0.7781445980072021,0.0,196
durian,0.6767166256904602,0.0,99
durian,0.5565073490142822,0.0,78
durian,0.6690230965614319,0.0,0
durian,0.4388962686061859,0.0,230
durian,0.486237496137619,0.0,110
durian,0.4829308092594147,0.0,98
durian,0.6706416606903076,0.0,53
durian,0.5470117926597595,0.0,13
durian,0.5553891658782959,0.0,223
durian,0.44187673926353455,0.0,255
durian,0.7297863960266113,0.0,250
durian,0.6592809557914734,0.0,0
durian,0.5128544569015503,0.0,223
durian,0.57698655128479,0.0,120
durian,0.7034609913825989,0.0,255
durian,0.5609898567199707,0.0,183
durian,0.47010537981987,0.0,255
durian,0.19351616501808167,0.0,4
durian,0.23350392282009125,0.0,255
durian,0.3691210150718689,0.0,0
durian,0.4263934791088104,0.0,246
durian,0.6150563955307007,0.0,0
durian,0.48395973443984985,0.0,255
durian,0.5024582743644714,0.0,249
durian,0.36256662011146545,0.0,0
durian,0.4526735544204712,0.0,145
durian,0.3360883593559265,0.0,93
durian,0.7829589247703552,0.0,184
durian,0.21922214329242706,0.0,129
durian,0.6505990624427795,0.0,109
durian,0.8335346579551697,0.0,177
durian,0.6978716850280762,0.0,106
durian,0.41498294472694397,0.0,0
durian,0.34335586428642273,0.0,132
durian,0.6783722639083862,0.0,189
durian,0.48596444725990295,0.0,200
durian,0.7389419078826904,0.0,8
durian,0.5827903151512146,0.0,255
durian,0.4270232021808624,0.0,255
durian,0.5715183019638062,0.0,171
durian,0.5476775169372559,0.0,103
durian,0.578813374042511,0.0,33
durian,0.3462539613246918,0.0,41
durian,0.7505101561546326,0.0,255
durian,0.20517008006572723,0.0,0
durian,0.396198570728302,0.0,96
durian,0.3307337462902069,0.0,148
durian,0.36779332160949707,0.0,255
durian,0.5023914575576782,0.0,255
durian,0.4309178292751312,0.0,158
durian,0.22061268985271454,0.0,25
durian,0.6239806413650513,0.0,255
durian,0.45064690709114075,0.0,230
durian,0.38528284430503845,0.0,242
durian,0.3586864471435547,0.0,0
durian,0.41770774126052856,0.0,95
durian,0.29999488592147827,0.0,254
durian,0.606855571269989,0.0,80
durian,0.7212867140769958,0.0,247
durian,0.33458590507507324,0.0,23
durian,0.5335185527801514,0.0,191
durian,0.3473837077617645,0.0,28
durian,0.7889236211776733,0.0,146
durian,0.23876449465751648,0.0,75
durian,0.2698809504508972,0.0,200
durian,0.4319295883178711,0.0,255
durian,0.3766007125377655,0.0,66
durian,0.40837109088897705,0.0,255
durian,0.4277329444885254,0.0,39
durian,0.47677716612815857,0.0,132
durian,0.3323640525341034,0.0,105
durian,0.23066988587379456,0.0,93
durian,0.6762709617614746,0.0,255
durian,0.5301427245140076,0.0,255
durian,0.8061127662658691,0.0,0
durian,0.5027301907539368,0.0,0
durian,0.5347253680229187,0.0,48
durian,0.2909603714942932,0.0,248
durian,0.4790256917476654,0.0,0
durian,0.5320964455604553,0.0,217
durian,0.4612487554550171,0.0,74
durian,0.5164495706558228,0.0,15
durian,0.3262685239315033,0.0,183
durian,0.8392757177352905,0.0,254
durian,0.42750105261802673,0.0,206
durian,0.4661145806312561,0.0,0
durian,0.6734691262245178,0.0,0
durian,0.3137142062187195,0.0,1
durian,0.808538556098938,0.0,0
durian,0.49591463804244995,0.0,88
durian,0.4833719730377197,0.0,150
durian,0.4063027799129486,0.0,186
durian,0.47712743282318115,0.0,12
durian,0.31878453493118286,0.0,244
durian,0.38258597254753113,0.0,244
durian,0.3652266561985016,0.0,89
durian,0.47380030155181885,0.0,142
durian,0.6257683038711548,0.0,128
durian,0.5125483274459839,0.0,254
durian,0.7364869117736816,0.0,51
durian,0.3220415413379669,0.0,209
durian,0.3323758840560913,0.0,255
durian,0.4297542870044708,0.0,209
durian,0.4461839199066162,0.0,0
durian,0.38010135293006897,0.0,229
durian,0.41212812066078186,0.0,116
durian,0.3867701292037964,0.0,187
durian,0.882797360420227,0.0,3
durian,0.5728070139884949,0.0,26
daging ayam,0.29258280992507935,0.0,254
daging ayam,0.5230017304420471,0.0,21
daging ayam,0.9011744260787964,0.0,6
daging ayam,0.6829968690872192,0.0,169
daging ayam,0.8708694577217102,0.0,0
daging ayam,0.934933602809906,0.0,88
daging ayam,0.6993273496627808,0.0,99
daging ayam,0.8756471872329712,0.0,13
daging ayam,0.6046549081802368,0.0,126
daging ayam,0.7322334051132202,0.0,192
daging ayam,0.8848662376403809,0.0,205
daging ayam,0.9391531348228455,0.0,103
daging ayam,0.7526184916496277,0.0,254
daging ayam,0.9173182249069214,0.0,159
daging ayam,0.8723825216293335,0.0,5
daging ayam,0.9155470728874207,0.0,255
daging ayam,0.8217827677726746,0.0,102
daging ayam,0.6263384222984314,0.0,0
daging ayam,0.53648442029953,0.0,101
daging ayam,0.7314576506614685,0.0,69
daging ayam,0.7781341075897217,0.0,255
daging ayam,0.6630311012268066,0.0,221
daging ayam,0.7748288512229919,0.0,80
daging ayam,0.9663380980491638,0.0,211
daging ayam,0.6234096884727478,0.0,173
daging ayam,0.6853505373001099,0.0,254
daging ayam,0.7058071494102478,0.0,255
daging ayam,0.5710687637329102,0.0,255
daging ayam,0.4858838617801666,0.0,0
daging ayam,0.3541295528411865,0.0,255
daging ayam,0.427531898021698,0.0,110
daging ayam,0.7623931169509888,0.0,255
daging ayam,0.8185515999794006,0.0,209
daging ayam,0.549251139163971,0.0,207
daging ayam,0.7644831538200378,0.0,234
daging ayam,0.8216672539710999,0.0,151
daging ayam,0.8914467096328735,0.0,206
daging ayam,0.584883451461792,0.0,83
daging ayam,0.8988759517669678,0.0,255
daging ayam,0.6066262125968933,0.0,0
daging ayam,0.7903404235839844,0.0,2
daging ayam,0.7575788497924805,0.0,117
daging ayam,0.49653416872024536,0.0,43
daging ayam,0.5702179670333862,0.0,116
daging ayam,0.9294342994689941,0.0,143
daging ayam,0.6624061465263367,0.0,37
daging ayam,0.5104612708091736,0.0,145
daging ayam,0.9387558102607727,0.0,233
daging ayam,0.7192392349243164,0.0,255
daging ayam,0.9543058276176453,0.0,184
daging ayam,0.712567150592804,0.0,0
daging ayam,0.7262967228889465,0.0,10
daging ayam,0.5246479511260986,0.0,150
daging ayam,0.549022376537323,0.0,251
daging ayam,0.861248254776001,0.0,3
daging ayam,0.8886564373970032,0.0,113
daging ayam,0.8650209903717041,0.0,100
daging ayam,0.8267952799797058,0.0,205
daging ayam,0.6234220862388611,0.0,190
daging ayam,0.6316096186637878,0.0,248
daging ayam,0.59453946352005,0.0,0
daging ayam,0.47479620575904846,0.0,165
daging ayam,0.5329103469848633,0.0,115
daging ayam,0.8198025822639465,0.0,228
daging ayam,0.4839286506175995,0.0,95
daging ayam,0.8500394225120544,0.0,109
daging ayam,0.8999513387680054,0.0,210
daging ayam,0.8347921371459961,0.0,231
daging ayam,0.6588530540466309,0.0,68
daging ayam,0.838589072227478,0.0,255
daging ayam,0.8524622917175293,0.0,3
daging ayam,0.435744047164917,0.0,255
daging ayam,0.8566278219223022,0.0,182
daging ayam,0.6026190519332886,0.0,208
daging ayam,0.6729915142059326,0.0,213
daging ayam,0.8065129518508911,0.0,79
daging ayam,0.9211236834526062,0.0,76
daging ayam,0.6485502123832703,0.0,33
daging ayam,0.9097928404808044,0.0,98
daging ayam,0.7337332963943481,0.0,0
daging ayam,0.6840689182281494,0.0,255
daging ayam,0.8982227444648743,0.0,0
daging ayam,0.9156250357627869,0.0,140
daging ayam,0.4208492040634155,0.0,85
daging ayam,0.7776700258255005,0.0,211
daging ayam,0.8438237309455872,0.0,4
daging ayam,0.9412830471992493,0.0,91
daging ayam,0.7881138324737549,0.0,153
daging ayam,0.6463907957077026,0.0,224
daging ayam,0.3836427927017212,0.0,165
daging ayam,0.581012487411499,0.0,25
daging ayam,0.6953921914100647,0.0,139
daging ayam,0.602275550365448,0.0,33
daging ayam,0.8654417991638184,0.0,167
daging ayam,0.5412212014198303,0.0,105
daging ayam,0.8496415615081787,0.0,193
daging ayam,0.498675137758255,0.0,0
daging ayam,0.6701486706733704,0.0,242
daging ayam,0.8300044536590576,0.0,4
daging ayam,0.8956613540649414,0.0,70
daging ayam,0.8747215867042542,0.0,208
daging ayam,0.9025136828422546,0.0,254
daging ayam,0.8674337267875671,0.0,54
daging ayam,0.6464460492134094,0.0,2
daging ayam,0.7852138876914978,0.0,25
daging ayam,0.6325187683105469,0.0,254
daging ayam,0.7839310765266418,0.0,41
daging ayam,0.7839028239250183,0.0,44
daging ayam,0.843711256980896,0.0,192
daging ayam,0.8475601077079773,0.0,0
daging ayam,0.5217414498329163,0.0,192
daging ayam,0.7853209972381592,0.0,108
daging ayam,0.5329095125198364,0.0,255
daging ayam,0.8988857269287109,0.0,4
daging ayam,0.5182946920394897,0.0,18
daging ayam,0.7462626695632935,0.0,218
daging ayam,0.9240522384643555,0.0,211
daging ayam,0.9064522981643677,0.0,142
daging ayam,0.8988164663314819,0.0,101
daging ayam,0.2979876399040222,0.0,255
daging ayam,0.6145339012145996,0.0,65
daging ayam,0.9387592077255249,0.0,225
daging ayam,0.43493160605430603,0.0,0
daging ayam,0.902858316898346,0.0,192
daging ayam,0.6073313355445862,0.0,0
daging ayam,0.6847409605979919,0.0,108
daging ayam,0.8941503167152405,0.0,201
daging ayam,0.7683164477348328,0.0,28
daging ayam,0.48147645592689514,0.0,3
daging ayam,0.750632643699646,0.0,176
daging ayam,0.7182119488716125,0.0,191
daging ayam,0.8768139481544495,0.0,101
daging ayam,0.6505329608917236,0.0,197
daging ayam,0.6534698009490967,0.0,21
daging ayam,0.7057863473892212,0.0,93
daging ayam,0.7327886819839478,0.0,36
daging ayam,0.5809962153434753,0.0,129
daging ayam,0.6049791574478149,0.0,22
daging ayam,0.5612447261810303,0.0,33
daging ayam,0.6338088512420654,0.0,25
daging ayam,0.8616890907287598,0.0,0
daging ayam,0.8920191526412964,0.0,211
daging ayam,0.828359842300415,0.0,205
daging ayam,0.6112770438194275,0.0,35
daging ayam,0.5313886404037476,0.0,255
daging ayam,0.8757662773132324,0.0,237
daging ayam,0.8127937316894531,0.0,0
daging ayam,0.8653939366340637,0.0,0
daging ayam,0.5959237217903137,0.0,44
daging ayam,0.8319453001022339,0.0,124
daging ayam,0.936307966709137,0.0,255
daging ayam,0.8924828171730042,0.0,20
daging ayam,0.4477394223213196,0.0,77
daging ayam,0.5533286929130554,0.0,20
daging ayam,0.9120879173278809,0.0,138
daging ayam,0.6156116127967834,0.0,181
daging ayam,0.764410674571991,0.0,162
daging ayam,0.7052634358406067,0.0,124
daging ayam,0.5702143311500549,0.0,38
daging ayam,0.6740512847900391,0.0,206
daging ayam,0.5792058110237122,0.0,77
daging ayam,0.39209479093551636,0.0,253
daging ayam,0.6212753653526306,0.0,203
daging ayam,0.6101651787757874,0.0,245
daging ayam,0.9359076023101807,0.0,1
daging ayam,0.7935791015625,0.0,253
daging ayam,0.8336063623428345,0.0,255
daging ayam,0.7622105479240417,0.0,255
daging ayam,0.868255078792572,0.0,29
daging ayam,0.6766149401664734,0.0,105
daging ayam,0.6220765709877014,0.0,44
daging ayam,0.5460460186004639,0.0,103
daging ayam,0.8924466967582703,0.0,10
daging ayam,0.7796885967254639,0.0,100
daging ayam,0.7714025378227234,0.0,0
daging ayam,0.8924673795700073,0.0,255
daging ayam,0.7450214624404907,0.0,254
daging ayam,0.7719773054122925,0.0,64
daging ayam,0.7170721292495728,0.0,6
daging ayam,0.7069302797317505,0.0,56
daging ayam,0.38273414969444275,0.0,0
daging ayam,0.9222568869590759,0.0,122
daging ayam,0.6233190894126892,0.0,40
daging ayam,0.7662046551704407,0.0,0
daging ayam,0.5711039304733276,0.0,93
daging ayam,0.9542219638824463,0.0,4
daging ayam,0.9404425621032715,0.0,69
daging ayam,0.6232495307922363,0.0,62
daging ayam,0.7817991375923157,0.0,144
daging ayam,0.7432316541671753,0.0,43
daging ayam,0.8365919589996338,0.0,140
daging ayam,0.6232327222824097,0.0,132
daging ayam,0.872454822063446,0.0,132
daging ayam,0.5848050117492676,0.0,88
daging ayam,0.8692458868026733,0.0,69
daging ayam,0.9471893310546875,0.0,168
daging ayam,0.7169820070266724,0.0,140
daging ayam,0.9425567984580994,0.0,166
daging ayam,0.9119141101837158,0.0,0
daging ayam,0.521725594997406,0.0,132
daging ayam,0.8615319132804871,0.0,254
daging ayam,0.7117692828178406,0.0,33
daging ayam,0.5612104535102844,0.0,101
daging ayam,0.9145968556404114,0.0,255
daging ayam,0.5107723474502563,0.0,215
daging ayam,0.8516731262207031,0.0,114
daging ayam,0.43078815937042236,0.0,104
daging ayam,0.7840706706047058,0.0,87
daging ayam,0.6299572587013245,0.0,202
daging ayam,0.7623119354248047,0.0,9
daging ayam,0.549095094203949,0.0,232
daging ayam,0.41395989060401917,0.0,118
daging ayam,0.870642900466919,0.0,255
daging ayam,0.8048390746116638,0.0,251
daging ayam,0.8519204258918762,0.0,142
daging ayam,0.7619860172271729,0.0,65
daging ayam,0.8989907503128052,0.0,178
daging ayam,0.9089614748954773,0.0,255
daging ayam,0.8968647122383118,0.0,222
daging ayam,0.88483726978302,0.0,76
daging ayam,0.632427453994751,0.0,113
daging ayam,0.718809962272644,0.0,219
daging ayam,0.8299317359924316,0.0,0
daging ayam,0.4858895540237427,0.0,255
daging ayam,0.3749866485595703,0.0,0
daging ayam,0.7969474792480469,0.0,201
daging ayam,0.8956825137138367,0.0,0
daging ayam,0.8875539302825928,0.0,25
daging ayam,0.7835121154785156,0.0,66
daging ayam,0.6463596224784851,0.0,247
daging ayam,0.8756769895553589,0.0,60
daging ayam,0.8186452984809875,0.0,215
daging ayam,0.3828407824039459,0.0,121
daging ayam,0.8708154559135437,0.0,250
daging ayam,0.9016638398170471,0.0,195
daging ayam,0.8268099427223206,0.0,255
daging ayam,0.6538439989089966,0.0,241
daging ayam,0.785412609577179,0.0,121
daging ayam,0.6314886212348938,0.0,65
daging ayam,0.7066754698753357,0.0,93
daging ayam,0.7712504267692566,0.0,120
daging ayam,0.7263458371162415,0.0,255
daging ayam,0.8438534140586853,0.0,0
daging ayam,0.7644287347793579,0.0,22
daging ayam,0.8011404275894165,0.0,170
daging ayam,0.7851882576942444,0.0,174
daging ayam,0.7660472989082336,0.0,178
daging ayam,0.8473561406135559,0.0,171
daging ayam,0.9716446995735168,0.0,57
daging ayam,0.8989127278327942,0.0,117
daging ayam,0.6146411895751953,0.0,73
daging ayam,0.659251868724823,0.0,0
daging ayam,0.9146730303764343,0.0,255
daging ayam,0.7749589681625366,0.0,0
daging ayam,0.8384525775909424,0.0,209
daging ayam,0.4477342367172241,0.0,230
daging ayam,0.8216641545295715,0.0,34
daging ayam,0.7628604769706726,0.0,180
daging ayam,0.9338317513465881,0.0,3
daging ayam,0.8913074731826782,0.0,101
daging ayam,0.7321363687515259,0.0,49
daging ayam,0.9029553532600403,0.0,255
daging ayam,0.6952558755874634,0.0,11
daging ayam,0.7643874883651733,0.0,9
daging ayam,0.7983744144439697,0.0,77
daging ayam,0.7052270770072937,0.0,37
daging ayam,0.6702278256416321,0.0,213
daging ayam,0.8320063948631287,0.0,255
daging ayam,0.8579254150390625,0.0,149
daging ayam,0.9155362844467163,0.0,122
daging ayam,0.8775235414505005,0.0,253
daging ayam,0.8997808694839478,0.0,255
daging ayam,0.8757559657096863,0.0,166
daging ayam,0.7573206424713135,0.0,2
daging ayam,0.6112591028213501,0.0,255
daging ayam,0.9201674461364746,0.0,123
daging ayam,0.684063196182251,0.0,54
daging ayam,0.8065908551216125,0.0,246
daging ayam,0.6607275605201721,0.0,255
daging ayam,0.6265011429786682,0.0,91
daging ayam,0.7775594592094421,0.0,124
daging ayam,0.6162610650062561,0.0,213
daging ayam,0.8130051493644714,0.0,191
daging ayam,0.8284624814987183,0.0,176
daging ayam,0.732032299041748,0.0,120
daging ayam,0.7506691217422485,0.0,189
daging ayam,0.7722952961921692,0.0,145
daging ayam,0.894116222858429,0.0,0
daging ayam,0.731343150138855,0.0,25
daging ayam,0.6157492399215698,0.0,126
daging ayam,0.35509639978408813,0.0,218
daging ayam,0.5944200754165649,0.0,1
daging ayam,0.6073083281517029,0.0,222
daging ayam,0.5492698550224304,0.0,255
daging ayam,0.6780216097831726,0.0,84
daging ayam,0.9471175074577332,0.0,231
daging ayam,0.8000344038009644,0.0,94
daging ayam,0.8748224973678589,0.0,1
daging ayam,0.822023868560791,0.0,2
daging ayam,0.8794394731521606,0.0,55
daging ayam,0.745435357093811,0.0,77
daging ayam,0.9386274814605713,0.0,149
daging ayam,0.9522796273231506,0.0,175
daging ayam,0.5965819358825684,0.0,0
daging ayam,0.646551251411438,0.0,178
daging ayam,0.6764164566993713,0.0,112
daging ayam,0.7902272939682007,0.0,255
daging ayam,0.6144909262657166,0.0,39
daging ayam,0.6051173806190491,0.0,215
daging ayam,0.6487232446670532,0.0,31
daging ayam,0.840091347694397,0.0,0
daging ayam,0.15486299991607666,0.0,228
daging ayam,0.9359952211380005,0.0,128
daging ayam,0.7449954152107239,0.0,172
daging ayam,0.5958871841430664,0.0,31
daging ayam,0.8048415780067444,0.0,199
daging ayam,0.8385636210441589,0.0,201
daging ayam,0.7619822025299072,0.0,0
daging ayam,0.9170371294021606,0.0,125
daging ayam,0.5246747136116028,0.0,0
daging ayam,0.3922722637653351,0.0,135
daging ayam,0.4868108034133911,0.0,157
daging ayam,0.8336201310157776,0.0,180
daging ayam,0.8322587013244629,0.0,8
daging ayam,0.8971543312072754,0.0,170
daging ayam,0.8864267468452454,0.0,0
daging ayam,0.9179631471633911,0.0,34
daging ayam,0.673419713973999,0.0,105
daging ayam,0.5315795540809631,0.0,255
daging ayam,0.8565776348114014,0.0,157
daging ayam,0.9007891416549683,0.0,110
daging ayam,0.6022720336914062,0.0,0
daging ayam,0.9504368305206299,0.0,205
daging ayam,0.6324920058250427,0.0,188
daging ayam,0.9294922351837158,0.0,104
daging ayam,0.6492297053337097,0.0,41
daging ayam,0.712367594242096,0.0,5
daging ayam,0.6628136038780212,0.0,139
daging ayam,0.867302656173706,0.0,9
daging ayam,0.9360376596450806,0.0,0
daging ayam,0.917422354221344,0.0,219
daging ayam,0.781761884689331,0.0,52
daging ayam,0.8205380439758301,0.0,0
daging ayam,0.8575587272644043,0.0,109
daging ayam,0.7680336833000183,0.0,0
daging ayam,0.8925278782844543,0.0,77
daging ayam,0.858650803565979,0.0,243
daging ayam,0.6005842089653015,0.0,134
daging ayam,0.7055157423019409,0.0,15
daging ayam,0.6335108280181885,0.0,2
daging ayam,0.4815133512020111,0.0,253
daging ayam,0.5603029727935791,0.0,254
daging ayam,0.9391301870346069,0.0,214
daging ayam,0.7716889381408691,0.0,208
daging ayam,0.8616488575935364,0.0,0
daging ayam,0.849712610244751,0.0,142
daging ayam,0.6315324902534485,0.0,227
daging ayam,0.8987119793891907,0.0,18
daging ayam,0.8437414169311523,0.0,169
daging ayam,0.7881425023078918,0.0,113
daging ayam,0.600671648979187,0.0,230
daging ayam,0.672950267791748,0.0,136
daging ayam,0.7781370282173157,0.0,234
daging ayam,0.5407034158706665,0.0,145
daging ayam,0.5183352828025818,0.0,250
daging ayam,0.7680651545524597,0.0,30
daging ayam,0.5811615586280823,0.0,77
daging ayam,0.906554639339447,0.0,116
daging ayam,0.7453914880752563,0.0,162
daging ayam,0.9011934995651245,0.0,123
daging ayam,0.5330427289009094,0.0,210
daging ayam,0.4749715328216553,0.0,116
daging ayam,0.8755561709403992,0.0,164
daging ayam,0.538489818572998,0.0,255
daging ayam,0.8941749930381775,0.0,1
daging ayam,0.8884368538856506,0.0,121
daging ayam,0.4361027777194977,0.0,246
daging ayam,0.8576316833496094,0.0,179
daging ayam,0.8981216549873352,0.0,90
daging ayam,0.9026386737823486,0.0,0
daging ayam,0.8918097615242004,0.0,20
daging ayam,0.6027428507804871,0.0,157
daging ayam,0.498747318983078,0.0,182
daging ayam,0.6145212650299072,0.0,254
daging ayam,0.8650869727134705,0.0,99
daging ayam,0.9155617952346802,0.0,249
daging ayam,0.6735689640045166,0.0,211
daging ayam,0.9240738153457642,0.0,255
daging ayam,0.8668898940086365,0.0,0
daging ayam,0.6234676837921143,0.0,200
daging ayam,0.5702159404754639,0.0,88
daging ayam,0.5791974067687988,0.0,153
daging ayam,0.779728889465332,0.0,2
daging ayam,0.6234763264656067,0.0,255
daging ayam,0.42739251255989075,0.0,3
daging ayam,0.42084792256355286,0.0,0
daging ayam,0.7925451397895813,0.0,0
daging ayam,0.6217901706695557,0.0,91
daging ayam,0.7679054737091064,0.0,63
daging ayam,0.5701583027839661,0.0,129
daging ayam,0.8767858147621155,0.0,209
daging ayam,0.7818174958229065,0.0,255
daging ayam,0.4839646816253662,0.0,255
daging ayam,0.5460854768753052,0.0,52
daging ayam,0.5810204148292542,0.0,101
daging ayam,0.7936176061630249,0.0,76
daging ayam,0.9388288855552673,0.0,255
daging ayam,0.6841369867324829,0.0,2
daging ayam,0.9483153820037842,0.0,94
daging ayam,0.7720227241516113,0.0,192
daging ayam,0.9221936464309692,0.0,254
daging ayam,0.5416346788406372,0.0,152
daging ayam,0.5532997250556946,0.0,1
daging ayam,0.7839450240135193,0.0,0
daging ayam,0.9391254186630249,0.0,0
daging ayam,0.7462870478630066,0.0,208
daging ayam,0.9413254857063293,0.0,109
daging ayam,0.8989036679267883,0.0,150
daging ayam,0.29826653003692627,0.0,246
daging ayam,0.8843802213668823,0.0,17
daging ayam,0.7322503924369812,0.0,170
daging ayam,0.909818172454834,0.0,29
daging ayam,0.7181622982025146,0.0,222
daging ayam,0.814033567905426,0.0,118
daging ayam,0.7796058058738708,0.0,157
daging ayam,0.9345051050186157,0.0,252
daging ayam,0.8663055300712585,0.0,0
daging ayam,0.6793625354766846,0.0,109
daging ayam,0.5232263803482056,0.0,250
daging ayam,0.6066357493400574,0.0,166
daging ayam,0.8682510256767273,0.0,250
daging ayam,0.6388481259346008,0.0,0
daging ayam,0.8917981386184692,0.0,76
daging ayam,0.7589895129203796,0.0,119
daging ayam,0.7337231636047363,0.0,0
daging ayam,0.6034485697746277,0.0,88
daging ayam,0.7152971625328064,0.0,255
daging ayam,0.7057881951332092,0.0,177
daging ayam,0.6854445338249207,0.0,105
daging ayam,0.4812906086444855,0.0,200
daging ayam,0.33797648549079895,0.0,255
daging ayam,0.7906922101974487,0.0,170
daging ayam,0.8653360605239868,0.0,0
daging ayam,0.7309753894805908,0.0,233
daging ayam,0.9022302031517029,0.0,86
daging ayam,0.9120192527770996,0.0,42
daging ayam,0.6210770606994629,0.0,37
daging ayam,0.6830963492393494,0.0,35
daging ayam,0.7176401019096375,0.0,241
daging ayam,0.434979110956192,0.0,239
daging ayam,0.8913320899009705,0.0,166
daging ayam,0.3836527466773987,0.0,0
daging ayam,0.4848041534423828,0.0,73
daging ayam,0.6099555492401123,0.0,72
daging ayam,0.4963904619216919,0.0,216
daging ayam,0.749334454536438,0.0,174
daging ayam,0.2953324615955353,0.0,126
daging ayam,0.7024121284484863,0.0,74
daging ayam,0.8516258001327515,0.0,2
daging ayam,0.8347129225730896,0.0,2
daging ayam,0.4857327342033386,0.0,255
daging ayam,0.8008010983467102,0.0,134
daging ayam,0.5847842693328857,0.0,150
daging ayam,0.9212766885757446,0.0,0
daging ayam,0.5510151386260986,0.0,0
daging ayam,0.6300180554389954,0.0,254
daging ayam,0.8692291378974915,0.0,82
daging ayam,0.8925051689147949,0.0,39
daging ayam,0.38402172923088074,0.0,8
daging ayam,0.95208740234375,0.0,200
daging ayam,0.5309789776802063,0.0,244
daging ayam,0.8831185102462769,0.0,103
daging ayam,0.5229125618934631,0.0,5
daging ayam,0.7774730920791626,0.0,68
daging ayam,0.31777846813201904,0.0,100
daging ayam,0.668148398399353,0.0,242
daging ayam,0.5328168272972107,0.0,0
daging ayam,0.6220321655273438,0.0,255
daging ayam,0.7295781373977661,0.0,2
daging ayam,0.6537766456604004,0.0,9
daging ayam,0.7525672912597656,0.0,216
daging ayam,0.5366407036781311,0.0,81
daging ayam,0.9090332388877869,0.0,254
daging ayam,0.8856223225593567,0.0,254
daging ayam,0.7498809695243835,0.0,160
daging ayam,0.5543872714042664,0.0,122
daging ayam,0.6489796042442322,0.0,186
daging ayam,0.6909166574478149,0.0,255
daging ayam,0.8364068865776062,0.0,5
daging ayam,0.8802356123924255,0.0,127
daging ayam,0.5663089752197266,0.0,11
daging ayam,0.6231915354728699,0.0,62
daging ayam,0.7085275053977966,0.0,254
daging ayam,0.853516161441803,0.0,226
daging ayam,0.5753323435783386,0.0,8
daging ayam,0.9530677199363708,0.0,49
daging ayam,0.7793732285499573,0.0,116
daging ayam,0.3963688313961029,0.0,131
daging ayam,0.6779026985168457,0.0,148
daging ayam,0.5723404288291931,0.0,66
daging ayam,0.4404113292694092,0.0,211
daging ayam,0.9588901400566101,0.0,232
daging ayam,0.8421469926834106,0.0,84
daging ayam,0.559303879737854,0.0,255
daging ayam,0.7884732484817505,0.0,93
daging ayam,0.6105146408081055,0.0,40
daging ayam,0.9025845527648926,0.0,56
daging ayam,0.7829727530479431,0.0,31
daging ayam,0.6793990135192871,0.0,169
daging ayam,0.7625110745429993,0.0,151
daging ayam,0.4865247905254364,0.0,243
daging ayam,0.712541937828064,0.0,0
daging ayam,0.8464407324790955,0.0,41
daging ayam,0.8819016218185425,0.0,50
daging ayam,0.6942363977432251,0.0,91
daging ayam,0.46555832028388977,0.0,49
daging ayam,0.6126554608345032,0.0,73
daging ayam,0.827143132686615,0.0,84
daging ayam,0.8329784274101257,0.0,238
daging ayam,0.6937073469161987,0.0,254
daging ayam,0.853371262550354,0.0,255
daging ayam,0.7492230534553528,0.0,189
daging ayam,0.8422621488571167,0.0,215
daging ayam,0.9715402722358704,0.0,0
daging ayam,0.860852062702179,0.0,107
daging ayam,0.5942139029502869,0.0,14
daging ayam,0.8466225266456604,0.0,1
daging ayam,0.9254515767097473,0.0,255
daging ayam,0.8084560632705688,0.0,255
daging ayam,0.6796532869338989,0.0,132
daging ayam,0.5334790349006653,0.0,6
daging ayam,0.394021600484848,0.0,106
daging ayam,0.45463287830352783,0.0,89
daging ayam,0.5583405494689941,0.0,99
daging ayam,0.5767470598220825,0.0,255
daging ayam,0.7858125567436218,0.0,255
daging ayam,0.9012974500656128,0.0,155
daging ayam,0.8283969163894653,0.0,250
daging ayam,0.9310511350631714,0.0,155
daging ayam,0.4776998460292816,0.0,173
daging ayam,0.4568324089050293,0.0,249
daging ayam,0.8057891726493835,0.0,164
daging ayam,0.4513454735279083,0.0,15
daging ayam,0.8712355494499207,0.0,4
daging ayam,0.5557030439376831,0.0,204
daging ayam,0.8914404511451721,0.0,219
daging ayam,0.6017208099365234,0.0,255
daging ayam,0.6474674344062805,0.0,38
daging ayam,0.7598655223846436,0.0,113
daging ayam,0.8374083638191223,0.0,209
daging ayam,0.49010375142097473,0.0,6
daging ayam,0.533554196357727,0.0,37
daging ayam,0.9091955423355103,0.0,255
daging ayam,0.5515864491462708,0.0,175
daging ayam,0.6549323201179504,0.0,152
daging ayam,0.9056738018989563,0.0,142
daging ayam,0.3701525926589966,0.0,255
daging ayam,0.6718040108680725,0.0,11
daging ayam,0.5970959067344666,0.0,111
daging ayam,0.6756037473678589,0.0,33
daging ayam,0.4325965344905853,0.0,194
daging ayam,0.680785596370697,0.0,0
daging ayam,0.9560428261756897,0.0,251
daging ayam,0.8321041464805603,0.0,77
daging ayam,0.5438172817230225,0.0,156
daging ayam,0.8028023838996887,0.0,67
daging ayam,0.8072245717048645,0.0,0
daging ayam,0.9316504001617432,0.0,53
daging ayam,0.8594986200332642,0.0,188
daging ayam,0.49737101793289185,0.0,174
daging ayam,0.7475267052650452,0.0,149
daging ayam,0.573850691318512,0.0,5
daging ayam,0.6040360927581787,0.0,147
daging ayam,0.8327003121376038,0.0,177
daging ayam,0.7609137296676636,0.0,26
daging ayam,0.5846045613288879,0.0,172
daging ayam,0.768580973148346,0.0,170
daging ayam,0.9016304016113281,0.0,188
daging ayam,0.5310165286064148,0.0,244
daging ayam,0.5678884983062744,0.0,208
daging ayam,0.7392375469207764,0.0,104
daging ayam,0.6579076647758484,0.0,255
daging ayam,0.5712515711784363,0.0,239
daging ayam,0.9290922284126282,0.0,197
daging ayam,0.8521058559417725,0.0,33
daging ayam,0.6225403547286987,0.0,169
daging ayam,0.867544949054718,0.0,255
tomat,0.8106605410575867,0.0,255
tomat,0.6788780093193054,0.0,117
tomat,0.1243346706032753,0.0,227
tomat,0.42684847116470337,0.0,32
tomat,0.43684813380241394,0.0,184
tomat,0.44542044401168823,0.0,136
tomat,0.6568337678909302,0.0,252
tomat,0.5289822220802307,0.0,49
tomat,0.5172010064125061,0.0,131
tomat,0.3513076603412628,0.0,219
tomat,0.6414637565612793,0.0,255
tomat,0.6818745136260986,0.0,6
tomat,0.734667181968689,0.0,57
tomat,0.46215835213661194,0.0,255
tomat,0.37909993529319763,0.0,255
tomat,0.36338621377944946,0.0,159
tomat,0.5297642350196838,0.0,52
tomat,0.4288976192474365,0.0,253
tomat,0.32797303795814514,0.0,248
tomat,0.5471878051757812,0.0,112
tomat,0.5554717779159546,0.0,0
tomat,0.31829699873924255,0.0,228
tomat,0.37101516127586365,0.0,205
tomat,0.7877517938613892,0.0,194
tomat,0.8254536986351013,0.0,169
tomat,0.6819042563438416,0.0,203
tomat,0.5278648734092712,0.0,168
tomat,0.5142480731010437,0.0,25
tomat,0.35084813833236694,0.0,134
tomat,0.7306052446365356,0.0,100
tomat,0.4620012938976288,0.0,244
tomat,0.6790308952331543,0.0,111
tomat,0.8256839513778687,0.0,66
tomat,0.6307317614555359,0.0,142
tomat,0.21832072734832764,0.0,35
tomat,0.38534843921661377,0.0,190
tomat,0.1354912668466568,0.0,76
tomat,0.6980124115943909,0.0,0
tomat,0.7288667559623718,0.0,165
tomat,0.4937434196472168,0.0,249
tomat,0.4369852542877197,0.0,0
tomat,0.3298355042934418,0.0,0
tomat,0.42799821496009827,0.0,222
tomat,0.6856213212013245,0.0,87
tomat,0.4668658375740051,0.0,187
tomat,0.6307784914970398,0.0,168
tomat,0.7891018986701965,0.0,172
tomat,0.5534353852272034,0.0,201
tomat,0.5174909830093384,0.0,229
tomat,0.66375333070755,0.0,50
tomat,0.34980615973472595,0.0,251
tomat,0.4077483117580414,0.0,110
tomat,0.5716463327407837,0.0,53
tomat,0.7927658557891846,0.0,104
tomat,0.45210957527160645,0.0,170
tomat,0.44160348176956177,0.0,0
tomat,0.7952445149421692,0.0,209
tomat,0.5114960670471191,0.0,251
tomat,0.8287391066551208,0.0,149
tomat,0.5660437345504761,0.0,198
tomat,0.8183026909828186,0.0,120
tomat,0.804343581199646,0.0,29
tomat,0.44075796008110046,0.0,255
tomat,0.6530658006668091,0.0,26
tomat,0.6227769255638123,0.0,139
tomat,0.7815314531326294,0.0,77
tomat,0.418723464012146,0.0,254
tomat,0.8344993591308594,0.0,0
tomat,0.5554912090301514,0.0,181
tomat,0.729396402835846,0.0,39
tomat,0.5150561332702637,0.0,152
tomat,0.435934454202652,0.0,197
tomat,0.31778013706207275,0.0,213
tomat,0.4347119927406311,0.0,226
tomat,0.8726667761802673,0.0,54
tomat,0.3748750686645508,0.0,5
tomat,0.4038831889629364,0.0,95
tomat,0.4686259627342224,0.0,0
tomat,0.45272547006607056,0.0,0
tomat,0.6504969596862793,0.0,0
tomat,0.42499905824661255,0.0,3
tomat,0.5186861753463745,0.0,45
tomat,0.6306206583976746,0.0,178
tomat,0.6626456379890442,0.0,110
tomat,0.4403127133846283,0.0,116
tomat,0.4391208589076996,0.0,236
tomat,0.8165682554244995,0.0,2
tomat,0.622762143611908,0.0,177
tomat,0.672868549823761,0.0,45
tomat,0.6925793886184692,0.0,175
tomat,0.4037342071533203,0.0,128
tomat,0.5297349095344543,0.0,112
tomat,0.4297119379043579,0.0,169
tomat,0.7341222167015076,0.0,166
tomat,0.3887777328491211,0.0,62
tomat,0.12794117629528046,0.0,184
tomat,0.614470899105072,0.0,0
tomat,0.42981818318367004,0.0,110
tomat,0.5364410877227783,0.0,77
tomat,0.6262478232383728,0.0,9
tomat,0.8992331624031067,0.0,93
tomat,0.7515502572059631,0.0,255
tomat,0.8267242312431335,0.0,217
tomat,0.8307643532752991,0.0,93
tomat,0.3495391011238098,0.0,109
tomat,0.6795382499694824,0.0,95
tomat,0.5666955709457397,0.0,168
tomat,0.5717358589172363,0.0,0
tomat,0.4956931173801422,0.0,23
tomat,0.38692423701286316,0.0,163
tomat,0.8569021821022034,0.0,254
tomat,0.7211617827415466,0.0,248
tomat,0.6984737515449524,0.0,103
tomat,0.6369007229804993,0.0,6
tomat,0.6712425351142883,0.0,170
tomat,0.7034755945205688,0.0,16
tomat,0.46798595786094666,0.0,187
tomat,0.39100953936576843,0.0,255
tomat,0.726770281791687,0.0,173
tomat,0.45873260498046875,0.0,57
tomat,0.4779699444770813,0.0,114
tomat,0.59171062707901,0.0,255
tomat,0.7516075372695923,0.0,149
tomat,0.6306064128875732,0.0,255
tomat,0.40203967690467834,0.0,227
tomat,0.8554420471191406,0.0,5
tomat,0.4108622074127197,0.0,255
tomat,0.4949479401111603,0.0,171
tomat,0.379264235496521,0.0,80
tomat,0.3588365316390991,0.0,255
tomat,0.374345988035202,0.0,226
tomat,0.13561193645000458,0.0,15
tomat,0.8488752841949463,0.0,240
tomat,0.41190895438194275,0.0,36
tomat,0.45118406414985657,0.0,46
tomat,0.6794599890708923,0.0,255
tomat,0.4383845925331116,0.0,0
tomat,0.5128844380378723,0.0,133
tomat,0.5601886510848999,0.0,67
tomat,0.45115864276885986,0.0,244
tomat,0.4156254231929779,0.0,50
tomat,0.6290565729141235,0.0,70
tomat,0.7891056537628174,0.0,6
tomat,0.5252293348312378,0.0,194
tomat,0.404042512178421,0.0,208
tomat,0.09643713384866714,0.0,154
tomat,0.2407493144273758,0.0,246
tomat,0.4444814622402191,0.0,61
tomat,0.45117780566215515,0.0,31
tomat,0.3247860372066498,0.0,99
tomat,0.5172080993652344,0.0,255
tomat,0.8283419013023376,0.0,186
tomat,0.5144124627113342,0.0,107
tomat,0.5530951023101807,0.0,142
tomat,0.4203068017959595,0.0,4
tomat,0.611748993396759,0.0,255
tomat,0.5160148739814758,0.0,255
tomat,0.42035233974456787,0.0,255
tomat,0.8155374526977539,0.0,95
tomat,0.7570170760154724,0.0,255
tomat,0.42658576369285583,0.0,5
tomat,0.3151102066040039,0.0,53
tomat,0.8178610801696777,0.0,255
tomat,0.322844535112381,0.0,112
tomat,0.762398362159729,0.0,255
tomat,0.8064894676208496,0.0,163
tomat,0.7202095985412598,0.0,39
tomat,0.4451991617679596,0.0,25
tomat,0.3490895926952362,0.0,249
tomat,0.738811194896698,0.0,30
tomat,0.411925345659256,0.0,39
tomat,0.6509045362472534,0.0,91
tomat,0.7960584759712219,0.0,136
tomat,0.8490561246871948,0.0,0
tomat,0.3635004460811615,0.0,0
tomat,0.5216779112815857,0.0,253
tomat,0.7412118911743164,0.0,123
tomat,0.46317991614341736,0.0,8
tomat,0.6895771026611328,0.0,235
tomat,0.27854523062705994,0.0,193
tomat,0.4455457925796509,0.0,0
tomat,0.4478476345539093,0.0,75
tomat,0.6452475786209106,0.0,230
tomat,0.34977176785469055,0.0,37
tomat,0.4209493398666382,0.0,126
tomat,0.5629394054412842,0.0,202
tomat,0.3722222149372101,0.0,212
tomat,0.6568557620048523,0.0,76
tomat,0.44545698165893555,0.0,121
tomat,0.550258219242096,0.0,37
tomat,0.6682058572769165,0.0,130
tomat,0.48741409182548523,0.0,65
tomat,0.3955397307872772,0.0,0
tomat,0.31657302379608154,0.0,2
tomat,0.4022364914417267,0.0,0
tomat,0.8285549879074097,0.0,204
tomat,0.5812046527862549,0.0,0
tomat,0.4497137665748596,0.0,126
tomat,0.7743313908576965,0.0,255
tomat,0.7893375754356384,0.0,200
tomat,0.40607041120529175,0.0,12
tomat,0.7469914555549622,0.0,244
tomat,0.7466604113578796,0.0,3
tomat,0.3115476369857788,0.0,26
tomat,0.5216724276542664,0.0,255
tomat,0.6692661046981812,0.0,116
tomat,0.7735722064971924,0.0,125
tomat,0.5791148543357849,0.0,255
tomat,0.3955613374710083,0.0,0
tomat,0.5209015607833862,0.0,0
tomat,0.40354934334754944,0.0,190
tomat,0.6568079590797424,0.0,255
tomat,0.8447914719581604,0.0,212
tomat,0.40595459938049316,0.0,255
tomat,0.42224153876304626,0.0,183
tomat,0.420407235622406,0.0,253
tomat,0.5140196084976196,0.0,255
tomat,0.42099249362945557,0.0,103
tomat,0.4454016089439392,0.0,97
tomat,0.3115006983280182,0.0,254
tomat,0.5807197093963623,0.0,255
tomat,0.5159725546836853,0.0,55
tomat,0.7046021819114685,0.0,249
tomat,0.4065648913383484,0.0,189
tomat,0.7321275472640991,0.0,50
tomat,0.7755764126777649,0.0,172
tomat,0.4083840847015381,0.0,38
tomat,0.5160958766937256,0.0,237
tomat,0.24241383373737335,0.0,20
tomat,0.4778696298599243,0.0,255
tomat,0.6711838841438293,0.0,255
tomat,0.4713704586029053,0.0,74
tomat,0.7253462076187134,0.0,86
tomat,0.48500731587409973,0.0,0
tomat,0.7709999084472656,0.0,140
tomat,0.553070068359375,0.0,161
tomat,0.5041247606277466,0.0,220
tomat,0.9154673218727112,0.0,0
tomat,0.6980462670326233,0.0,229
tomat,0.44487130641937256,0.0,194
tomat,0.32271191477775574,0.0,7
tomat,0.6999099850654602,0.0,27
tomat,0.4753950536251068,0.0,74
tomat,0.6075995564460754,0.0,153
tomat,0.7482190132141113,0.0,255
tomat,0.6791149973869324,0.0,246
tomat,0.5128945708274841,0.0,154
tomat,0.6722988486289978,0.0,243
tomat,0.5813801884651184,0.0,121
tomat,0.40376055240631104,0.0,255
tomat,0.38543054461479187,0.0,175
tomat,0.434874027967453,0.0,103
tomat,0.4853189289569855,0.0,254
tomat,0.31392067670822144,0.0,52
tomat,0.6539124250411987,0.0,34
tomat,0.4633861780166626,0.0,153
tomat,0.5850847363471985,0.0,21
tomat,0.5641766786575317,0.0,54
tomat,0.4370165467262268,0.0,255
tomat,0.6069863438606262,0.0,148
tomat,0.7734184861183167,0.0,194
tomat,0.5636287331581116,0.0,14
tomat,0.6726697683334351,0.0,95
tomat,0.6985030770301819,0.0,12
tomat,0.4308433532714844,0.0,218
tomat,0.28707748651504517,0.0,251
tomat,0.6071838140487671,0.0,255
tomat,0.75618577003479,0.0,39
tomat,0.8307414650917053,0.0,247
tomat,0.7768019437789917,0.0,214
tomat,0.5915717482566833,0.0,173
tomat,0.4680437743663788,0.0,209
tomat,0.4408724904060364,0.0,46
tomat,0.41881340742111206,0.0,191
tomat,0.41515782475471497,0.0,170
tomat,0.2892471253871918,0.0,255
tomat,0.4413174092769623,0.0,79
tomat,0.7203044891357422,0.0,35
tomat,0.3494114577770233,0.0,84
tomat,0.4157452881336212,0.0,255
tomat,0.4322403073310852,0.0,74
tomat,0.8265824317932129,0.0,89
tomat,0.5526869893074036,0.0,108
tomat,0.5157930254936218,0.0,211
tomat,0.6999235153198242,0.0,170
tomat,0.4498051702976227,0.0,147
tomat,0.4742794334888458,0.0,169
tomat,0.774687647819519,0.0,250
tomat,0.25114211440086365,0.0,255
tomat,0.37177082896232605,0.0,78
tomat,0.46840351819992065,0.0,174
tomat,0.8786488175392151,0.0,254
tomat,0.31476902961730957,0.0,188
tomat,0.5040080547332764,0.0,161
tomat,0.39773398637771606,0.0,2
tomat,0.438204288482666,0.0,0
tomat,0.4409669041633606,0.0,44
tomat,0.5415087938308716,0.0,255
tomat,0.7907933592796326,0.0,104
tomat,0.4114760160446167,0.0,61
tomat,0.9153903126716614,0.0,255
tomat,0.5342882871627808,0.0,48
tomat,0.8177722692489624,0.0,239
tomat,0.7757859826087952,0.0,90
tomat,0.8002590537071228,0.0,225
tomat,0.3591439127922058,0.0,17
tomat,0.8553593158721924,0.0,0
tomat,0.4115631878376007,0.0,71
tomat,0.37518641352653503,0.0,6
tomat,0.4565809667110443,0.0,56
tomat,0.4321456849575043,0.0,33
tomat,0.818202555179596,0.0,120
tomat,0.6129769086837769,0.0,0
tomat,0.3460848927497864,0.0,204
tomat,0.6568326354026794,0.0,178
tomat,0.4955245554447174,0.0,48
tomat,0.5502579212188721,0.0,0
tomat,0.7192679643630981,0.0,0
tomat,0.4942811131477356,0.0,128
tomat,0.3783152997493744,0.0,140
tomat,0.4249531030654907,0.0,0
tomat,0.38744932413101196,0.0,254
tomat,0.3461057245731354,0.0,90
tomat,0.13861258327960968,0.0,255
tomat,0.44967660307884216,0.0,116
tomat,0.6370113492012024,0.0,255
tomat,0.5320820212364197,0.0,9
tomat,0.4361514151096344,0.0,247
tomat,0.8266651630401611,0.0,255
tomat,0.7772641181945801,0.0,92
tomat,0.45353490114212036,0.0,74
tomat,0.2080516517162323,0.0,97
tomat,0.6787531971931458,0.0,104
tomat,0.8048406839370728,0.0,101
tomat,0.5110599398612976,0.0,159
tomat,0.5849294662475586,0.0,203
tomat,0.19464322924613953,0.0,209
tomat,0.5189387798309326,0.0,92
tomat,0.38866978883743286,0.0,68
tomat,0.3743685185909271,0.0,145
tomat,0.45129767060279846,0.0,193
tomat,0.5534483790397644,0.0,117
tomat,0.5186854600906372,0.0,250
tomat,0.46007195115089417,0.0,126
tomat,0.37883827090263367,0.0,6
tomat,0.8991917371749878,0.0,112
tomat,0.5551975965499878,0.0,89
tomat,0.4688679575920105,0.0,63
tomat,0.8047252297401428,0.0,0
tomat,0.7192562818527222,0.0,0
tomat,0.7928679585456848,0.0,251
tomat,0.5289638042449951,0.0,104
tomat,0.545994222164154,0.0,20
tomat,0.7691025137901306,0.0,4
tomat,0.7306616306304932,0.0,255
tomat,0.7346466183662415,0.0,254
tomat,0.4684179425239563,0.0,99
tomat,0.4074895977973938,0.0,255
tomat,0.4678107500076294,0.0,133
tomat,0.4187976121902466,0.0,205
tomat,0.48497000336647034,0.0,132
tomat,0.7253620624542236,0.0,152
tomat,0.4579145908355713,0.0,164
tomat,0.4390508532524109,0.0,183
tomat,0.7470904588699341,0.0,143
tomat,0.5062536597251892,0.0,2
tomat,0.35014399886131287,0.0,65
tomat,0.34924188256263733,0.0,143
tomat,0.42883872985839844,0.0,53
tomat,0.5178959965705872,0.0,36
tomat,0.3528744578361511,0.0,255
tomat,0.6290913820266724,0.0,214
tomat,0.5179232954978943,0.0,255
tomat,0.5629153847694397,0.0,88
tomat,0.73603755235672,0.0,98
tomat,0.3790595233440399,0.0,226
tomat,0.5636125206947327,0.0,50
tomat,0.6127514243125916,0.0,195
tomat,0.5415621995925903,0.0,187
tomat,0.4642956256866455,0.0,51
tomat,0.6617648601531982,0.0,54
tomat,0.4266575574874878,0.0,69
tomat,0.4242445230484009,0.0,255
tomat,0.7756309509277344,0.0,229
tomat,0.1933382898569107,0.0,64
tomat,0.8164952993392944,0.0,192
tomat,0.4714492857456207,0.0,81
tomat,0.5059940814971924,0.0,132
tomat,0.41084808111190796,0.0,171
tomat,0.5342689156532288,0.0,75
tomat,0.09635590016841888,0.0,20
tomat,0.24435019493103027,0.0,85
tomat,0.32303500175476074,0.0,220
tomat,0.7822065353393555,0.0,84
tomat,0.44443216919898987,0.0,73
tomat,0.5494896769523621,0.0,163
tomat,0.6969944834709167,0.0,123
tomat,0.3782087564468384,0.0,255
tomat,0.7756085991859436,0.0,20
tomat,0.35630205273628235,0.0,138
tomat,0.6144924759864807,0.0,205
tomat,0.39775192737579346,0.0,44
tomat,0.7711048126220703,0.0,167
tomat,0.7294142246246338,0.0,248
tomat,0.7076393365859985,0.0,60
tomat,0.8570843935012817,0.0,125
tomat,0.4654043912887573,0.0,255
tomat,0.6626732349395752,0.0,194
tomat,0.626217246055603,0.0,255
tomat,0.39110854268074036,0.0,255
tomat,0.7908175587654114,0.0,255
tomat,0.4319557249546051,0.0,127
tomat,0.42250192165374756,0.0,181
tomat,0.44493529200553894,0.0,255
tomat,0.42043372988700867,0.0,11
tomat,0.5737509727478027,0.0,181
tomat,0.6793985962867737,0.0,0
tomat,0.6932982802391052,0.0,128
tomat,0.6797590255737305,0.0,1
tomat,0.7624657154083252,0.0,238
tomat,0.6969847083091736,0.0,254
tomat,0.38644930720329285,0.0,0
tomat,0.7340872883796692,0.0,168
tomat,0.7739725708961487,0.0,17
tomat,0.3163294494152069,0.0,35
tomat,0.7075783014297485,0.0,118
tomat,0.8106180429458618,0.0,255
tomat,0.7359747290611267,0.0,40
tomat,0.6618284583091736,0.0,69
tomat,0.7050306797027588,0.0,77
tomat,0.46694275736808777,0.0,255
tomat,0.554581880569458,0.0,85
tomat,0.3330151438713074,0.0,252
tomat,0.5736931562423706,0.0,162
tomat,0.5813329219818115,0.0,142
tomat,0.5643261671066284,0.0,131
tomat,0.7739886045455933,0.0,208
tomat,0.8046609163284302,0.0,255
tomat,0.6932297945022583,0.0,176
tomat,0.34297338128089905,0.0,240
tomat,0.4853460490703583,0.0,211
tomat,0.8317140340805054,0.0,138
tomat,0.515052080154419,0.0,189
tomat,0.3564820885658264,0.0,0
tomat,0.42217209935188293,0.0,122
tomat,0.5817017555236816,0.0,189
tomat,0.4942106008529663,0.0,197
tomat,0.47567182779312134,0.0,28
tomat,0.4522298574447632,0.0,21
tomat,0.7268797159194946,0.0,29
tomat,0.475729376077652,0.0,175
tomat,0.7743217945098877,0.0,225
tomat,0.8786886930465698,0.0,76
tomat,0.4321618378162384,0.0,126
tomat,0.35068920254707336,0.0,109
tomat,0.8447292447090149,0.0,255
tomat,0.4118295907974243,0.0,245
tomat,0.35251256823539734,0.0,253
tomat,0.8285903334617615,0.0,184
tomat,0.44954416155815125,0.0,147
tomat,0.47798165678977966,0.0,88
tomat,0.3499196469783783,0.0,54
tomat,0.4305218756198883,0.0,2
tomat,0.40740373730659485,0.0,4
tomat,0.611690878868103,0.0,108
tomat,0.4545244872570038,0.0,47
tomat,0.8179124593734741,0.0,66
tomat,0.4041544497013092,0.0,111
tomat,0.4949769973754883,0.0,63
tomat,0.679187536239624,0.0,3
tomat,0.35890141129493713,0.0,30
tomat,0.4667612314224243,0.0,39
tomat,0.4668220579624176,0.0,70
tomat,0.44899189472198486,0.0,0
tomat,0.6841076016426086,0.0,189
tomat,0.4653792679309845,0.0,185
tomat,0.7189667820930481,0.0,79
tomat,0.4281199872493744,0.0,142
tomat,0.5805531740188599,0.0,158
tomat,0.4956854581832886,0.0,214
tomat,0.5600966811180115,0.0,53
tomat,0.5643119812011719,0.0,154
tomat,0.5453277826309204,0.0,153
tomat,0.6526546478271484,0.0,118
tomat,0.3460560739040375,0.0,0
tomat,0.4453090727329254,0.0,254
tomat,0.41876932978630066,0.0,255
tomat,0.6858750581741333,0.0,180
tomat,0.8044123649597168,0.0,254
tomat,0.37048113346099854,0.0,37
tomat,0.4506739377975464,0.0,50
tomat,0.4552948474884033,0.0,182
tomat,0.3768368065357208,0.0,0
tomat,0.4975031614303589,0.0,76
tomat,0.410690575838089,0.0,0
tomat,0.3558146059513092,0.0,25
tomat,0.4279366135597229,0.0,209
tomat,0.3883076310157776,0.0,228
tomat,0.517085611820221,0.0,249
tomat,0.5368183851242065,0.0,19
tomat,0.3679616153240204,0.0,255
tomat,0.4296683371067047,0.0,220
tomat,0.3194566071033478,0.0,255
tomat,0.448591947555542,0.0,0
tomat,0.28817376494407654,0.0,0
tomat,0.7331721782684326,0.0,35
tomat,0.4104650616645813,0.0,9
tomat,0.46658724546432495,0.0,55
tomat,0.2691181004047394,0.0,2
tomat,0.3521190881729126,0.0,167
tomat,0.3574877679347992,0.0,255
tomat,0.2949470579624176,0.0,57
tomat,0.3359713554382324,0.0,255
tomat,0.6948561072349548,0.0,121
tomat,0.42259442806243896,0.0,90
tomat,0.41846105456352234,0.0,181
tomat,0.40512514114379883,0.0,0
tomat,0.3549076020717621,0.0,173
tomat,0.39284083247184753,0.0,224
tomat,0.34746313095092773,0.0,48
tomat,0.3094136118888855,0.0,137
tomat,0.2690340280532837,0.0,194
tomat,0.6967506408691406,0.0,8
tomat,0.4395086169242859,0.0,255
tomat,0.3485369384288788,0.0,253
tomat,0.31363144516944885,0.0,255
tomat,0.5644863247871399,0.0,128
tomat,0.44925498962402344,0.0,250
tomat,0.7643407583236694,0.0,191
tomat,0.29146549105644226,0.0,3
tomat,0.47170761227607727,0.0,84
tomat,0.4506485164165497,0.0,165
tomat,0.4045371115207672,0.0,143
tomat,0.7121784090995789,0.0,17
tomat,0.41748717427253723,0.0,255
tomat,0.4746474325656891,0.0,131
tomat,0.41438740491867065,0.0,92
tomat,0.7385930418968201,0.0,13
tomat,0.8653883934020996,0.0,202
tomat,0.41943463683128357,0.0,0
tomat,0.4534975290298462,0.0,255
tomat,0.46688422560691833,0.0,40
tomat,0.5172457695007324,0.0,121
tomat,0.6208964586257935,0.0,255
tomat,0.7791950106620789,0.0,25
tomat,0.3376009166240692,0.0,56
tomat,0.2538079023361206,0.0,0
tomat,0.7038755416870117,0.0,18
tomat,0.5339361429214478,0.0,183
tomat,0.46564292907714844,0.0,85
tomat,0.34343570470809937,0.0,242
tomat,0.3459160029888153,0.0,107
tomat,0.45384669303894043,0.0,0
tomat,0.31420087814331055,0.0,255
tomat,0.34503841400146484,0.0,133
tomat,0.2862009108066559,0.0,216
tomat,0.4882447123527527,0.0,64
tomat,0.694537341594696,0.0,12
tomat,0.4492610991001129,0.0,195
tomat,0.4893856942653656,0.0,19
tomat,0.6097416281700134,0.0,5
tomat,0.7240220904350281,0.0,254
tomat,0.699266791343689,0.0,209
tomat,0.6333969235420227,0.0,27
tomat,0.42609360814094543,0.0,43
tomat,0.43925973773002625,0.0,6
tomat,0.37937501072883606,0.0,176
tomat,0.3876657485961914,0.0,255
tomat,0.5150876045227051,0.0,156
tomat,0.42138782143592834,0.0,89
tomat,0.27632513642311096,0.0,108
tomat,0.7388983368873596,0.0,133
tomat,0.4423895478248596,0.0,50
tomat,0.37549006938934326,0.0,139
tomat,0.34782499074935913,0.0,40
tomat,0.31846940517425537,0.0,14
tomat,0.34539905190467834,0.0,18
tomat,0.3793167471885681,0.0,237
tomat,0.4629077911376953,0.0,165
tomat,0.48856985569000244,0.0,0
tomat,0.4597030580043793,0.0,136
tomat,0.8160101175308228,0.0,104
tomat,0.5682806372642517,0.0,0
tomat,0.5058532953262329,0.0,92
tomat,0.5284256935119629,0.0,250
tomat,0.36132586002349854,0.0,176
tomat,0.6178095936775208,0.0,42
bawang putih,0.6457686424255371,0.0,255
bawang putih,0.6122875809669495,0.0,238
bawang putih,0.686399519443512,0.0,204
bawang putih,0.7240502238273621,0.0,255
bawang putih,0.47261255979537964,0.0,118
bawang putih,0.5278902053833008,0.0,35
bawang putih,0.8906738758087158,0.0,58
bawang putih,0.8113347291946411,0.0,185
bawang putih,0.27891454100608826,0.0,26
bawang putih,0.37345004081726074,0.0,0
bawang putih,0.5031763315200806,0.0,67
bawang putih,0.9065942168235779,0.0,167
bawang putih,0.8832769989967346,0.0,0
bawang putih,0.884295642375946,0.0,108
bawang putih,0.645782470703125,0.0,16
bawang putih,0.677498459815979,0.0,46
bawang putih,0.45818188786506653,0.0,87
bawang putih,0.6671779751777649,0.0,115
bawang putih,0.5505918860435486,0.0,66
bawang putih,0.516001284122467,0.0,7
bawang putih,0.8834195137023926,0.0,51
bawang putih,0.8146926760673523,0.0,255
bawang putih,0.9117990136146545,0.0,156
bawang putih,0.6373607516288757,0.0,42
bawang putih,0.7766898274421692,0.0,108
bawang putih,0.41366854310035706,0.0,0
bawang putih,0.6898269653320312,0.0,121
bawang putih,0.47260698676109314,0.0,72
bawang putih,0.7488640546798706,0.0,195
bawang putih,0.9343441128730774,0.0,209
bawang putih,0.6387102007865906,0.0,0
bawang putih,0.5505903363227844,0.0,253
bawang putih,0.945717453956604,0.0,211
bawang putih,0.7188804745674133,0.0,170
bawang putih,0.5448318123817444,0.0,255
bawang putih,0.8643878102302551,0.0,255
bawang putih,0.5482485890388489,0.0,120
bawang putih,0.3828430771827698,0.0,182
bawang putih,0.6862298250198364,0.0,84
bawang putih,0.7643543481826782,0.0,159
bawang putih,0.9072163701057434,0.0,132
bawang putih,0.6666063666343689,0.0,209
bawang putih,0.7767179608345032,0.0,255
bawang putih,0.9177744388580322,0.0,255
bawang putih,0.3828433156013489,0.0,208
bawang putih,0.6145528554916382,0.0,144
bawang putih,0.6206894516944885,0.0,23
bawang putih,0.7078054547309875,0.0,18
bawang putih,0.9581640362739563,0.0,200
bawang putih,0.39635545015335083,0.0,80
bawang putih,0.6065093874931335,0.0,4
bawang putih,0.8781206607818604,0.0,210
bawang putih,0.5289677977561951,0.0,132
bawang putih,0.44755086302757263,0.0,35
bawang putih,0.8385867476463318,0.0,107
bawang putih,0.929236888885498,0.0,171
bawang putih,0.6672353148460388,0.0,183
bawang putih,0.415021151304245,0.0,254
bawang putih,0.7122982144355774,0.0,59
bawang putih,0.43076059222221375,0.0,249
bawang putih,0.8462994694709778,0.0,0
bawang putih,0.7241142392158508,0.0,0
bawang putih,0.8848987221717834,0.0,0
bawang putih,0.8843175172805786,0.0,90
bawang putih,0.9289091229438782,0.0,35
bawang putih,0.7642112374305725,0.0,252
bawang putih,0.612286388874054,0.0,30
bawang putih,0.6791597008705139,0.0,216
bawang putih,0.7617335915565491,0.0,227
bawang putih,0.3964787721633911,0.0,255
bawang putih,0.4541374742984772,0.0,14
bawang putih,0.5795537233352661,0.0,41
bawang putih,0.4541364312171936,0.0,0
bawang putih,0.6187129616737366,0.0,32
bawang putih,0.776607096195221,0.0,166
bawang putih,0.8140252828598022,0.0,0
bawang putih,0.6907798051834106,0.0,254
bawang putih,0.3743365406990051,0.0,177
bawang putih,0.352417916059494,0.0,122
bawang putih,0.8893595337867737,0.0,199
bawang putih,0.6373630166053772,0.0,0
bawang putih,0.7667357325553894,0.0,92
bawang putih,0.6698482036590576,0.0,167
bawang putih,0.8369560241699219,0.0,100
bawang putih,0.5482381582260132,0.0,175
bawang putih,0.7772253155708313,0.0,42
bawang putih,0.7123141884803772,0.0,209
bawang putih,0.6387680768966675,0.0,207
bawang putih,0.6076019406318665,0.0,95
bawang putih,0.5030199885368347,0.0,253
bawang putih,0.6349515318870544,0.0,165
bawang putih,0.940933346748352,0.0,127
bawang putih,0.9292418956756592,0.0,0
bawang putih,0.4475559592247009,0.0,203
bawang putih,0.35241368412971497,0.0,237
bawang putih,0.8765875101089478,0.0,255
bawang putih,0.7898284792900085,0.0,88
bawang putih,0.9065900444984436,0.0,132
bawang putih,0.6121807098388672,0.0,255
bawang putih,0.8894358277320862,0.0,255
bawang putih,0.9471056461334229,0.0,255
bawang putih,0.6204530596733093,0.0,255
bawang putih,0.6821197271347046,0.0,0
bawang putih,0.6424660682678223,0.0,0
bawang putih,0.964239239692688,0.0,8
bawang putih,0.9471217393875122,0.0,0
bawang putih,0.8113312721252441,0.0,59
bawang putih,0.4150647521018982,0.0,0
bawang putih,0.9139614105224609,0.0,82
bawang putih,0.9184345006942749,0.0,29
bawang putih,0.36246559023857117,0.0,211
bawang putih,0.6121711730957031,0.0,0
bawang putih,0.620703935623169,0.0,152
bawang putih,0.3624446988105774,0.0,205
bawang putih,0.7223347425460815,0.0,137
bawang putih,0.681575357913971,0.0,4
bawang putih,0.9177657961845398,0.0,104
bawang putih,0.8372399210929871,0.0,154
bawang putih,0.8863562941551208,0.0,0
bawang putih,0.2785169780254364,0.0,255
bawang putih,0.945681095123291,0.0,127
bawang putih,0.8781090378761292,0.0,245
bawang putih,0.41806238889694214,0.0,197
bawang putih,0.5030158162117004,0.0,46
bawang putih,0.6082503199577332,0.0,177
bawang putih,0.6409381628036499,0.0,0
bawang putih,0.3458939492702484,0.0,104
bawang putih,0.8765584826469421,0.0,254
bawang putih,0.8140153288841248,0.0,82
bawang putih,0.8868241310119629,0.0,141
bawang putih,0.5382335186004639,0.0,31
bawang putih,0.4400501847267151,0.0,181
bawang putih,0.681498646736145,0.0,102
bawang putih,0.862848162651062,0.0,214
bawang putih,0.7989363670349121,0.0,255
bawang putih,0.6824095845222473,0.0,79
bawang putih,0.7762947082519531,0.0,172
bawang putih,0.8960282802581787,0.0,155
bawang putih,0.5383692383766174,0.0,211
bawang putih,0.8877642154693604,0.0,145
bawang putih,0.6575347781181335,0.0,239
bawang putih,0.6613776087760925,0.0,107
bawang putih,0.6186522841453552,0.0,49
bawang putih,0.9166342616081238,0.0,56
bawang putih,0.761569082736969,0.0,42
bawang putih,0.3524007201194763,0.0,249
bawang putih,0.7773146629333496,0.0,254
bawang putih,0.5787582397460938,0.0,200
bawang putih,0.8103976845741272,0.0,255
bawang putih,0.541737973690033,0.0,255
bawang putih,0.9343525171279907,0.0,0
bawang putih,0.9061874151229858,0.0,218
bawang putih,0.8906459808349609,0.0,223
bawang putih,0.9162512421607971,0.0,128
bawang putih,0.776337742805481,0.0,0
bawang putih,0.8372284173965454,0.0,255
bawang putih,0.5512452125549316,0.0,156
bawang putih,0.7242844104766846,0.0,67
bawang putih,0.6864330768585205,0.0,121
bawang putih,0.7728570699691772,0.0,100
bawang putih,0.6349007487297058,0.0,42
bawang putih,0.7763296365737915,0.0,25
bawang putih,0.907839834690094,0.0,97
bawang putih,0.6083504557609558,0.0,154
bawang putih,0.8146899342536926,0.0,211
bawang putih,0.6081236004829407,0.0,72
bawang putih,0.864257276058197,0.0,8
bawang putih,0.8103812336921692,0.0,149
bawang putih,0.5172481536865234,0.0,145
bawang putih,0.8353269696235657,0.0,80
bawang putih,0.4152103364467621,0.0,181
bawang putih,0.41074591875076294,0.0,227
bawang putih,0.9183933734893799,0.0,255
bawang putih,0.4082479178905487,0.0,42
bawang putih,0.6867499351501465,0.0,121
bawang putih,0.9355323314666748,0.0,75
bawang putih,0.9140273332595825,0.0,227
bawang putih,0.6373615264892578,0.0,255
bawang putih,0.7728580236434937,0.0,173
bawang putih,0.5030072927474976,0.0,117
bawang putih,0.6864132881164551,0.0,255
bawang putih,0.35626542568206787,0.0,4
bawang putih,0.6697216033935547,0.0,167
bawang putih,0.8428192138671875,0.0,210
bawang putih,0.7667096257209778,0.0,102
bawang putih,0.8906459808349609,0.0,146
bawang putih,0.40824756026268005,0.0,136
bawang putih,0.3474333882331848,0.0,43
bawang putih,0.34990814328193665,0.0,251
bawang putih,0.9437328577041626,0.0,255
bawang putih,0.8868221640586853,0.0,255
bawang putih,0.8628900647163391,0.0,46
bawang putih,0.5417371392250061,0.0,0
bawang putih,0.6181600093841553,0.0,0
bawang putih,0.6577802896499634,0.0,0
bawang putih,0.6083444952964783,0.0,72
bawang putih,0.8140140175819397,0.0,218
bawang putih,0.9177499413490295,0.0,91
bawang putih,0.9727062582969666,0.0,196
bawang putih,0.9429150819778442,0.0,211
bawang putih,0.5447609424591064,0.0,148
bawang putih,0.6697238087654114,0.0,215
bawang putih,0.9357081055641174,0.0,42
bawang putih,0.6376582980155945,0.0,136
bawang putih,0.6867005228996277,0.0,255
bawang putih,0.6189388632774353,0.0,229
bawang putih,0.6665948033332825,0.0,14
bawang putih,0.6614474058151245,0.0,192
bawang putih,0.3524145483970642,0.0,44
bawang putih,0.43075406551361084,0.0,50
bawang putih,0.8353464007377625,0.0,207
bawang putih,0.34922441840171814,0.0,107
bawang putih,0.7188596725463867,0.0,253
bawang putih,0.6190572381019592,0.0,0
bawang putih,0.9643042087554932,0.0,56
bawang putih,0.8589996099472046,0.0,2
bawang putih,0.9118032455444336,0.0,33
bawang putih,0.608242928981781,0.0,255
bawang putih,0.8162490129470825,0.0,255
bawang putih,0.7772193551063538,0.0,190
bawang putih,0.34575244784355164,0.0,92
bawang putih,0.7353686690330505,0.0,200
bawang putih,0.531173586845398,0.0,199
bawang putih,0.8624343276023865,0.0,255
bawang putih,0.3744676113128662,0.0,57
bawang putih,0.958166241645813,0.0,1
bawang putih,0.7028629183769226,0.0,22
bawang putih,0.6720712184906006,0.0,137
bawang putih,0.7506170868873596,0.0,124
bawang putih,0.26915961503982544,0.0,190
bawang putih,0.9356900453567505,0.0,218
bawang putih,0.6815056204795837,0.0,31
bawang putih,0.6791514158248901,0.0,0
bawang putih,0.7643210291862488,0.0,61
bawang putih,0.6457716226577759,0.0,116
bawang putih,0.5757841467857361,0.0,242
bawang putih,0.8162329792976379,0.0,77
bawang putih,0.6348820328712463,0.0,204
bawang putih,0.8369691371917725,0.0,252
bawang putih,0.9470815062522888,0.0,101
bawang putih,0.8893665075302124,0.0,101
bawang putih,0.356223464012146,0.0,167
bawang putih,0.8849008679389954,0.0,135
bawang putih,0.9457069635391235,0.0,48
bawang putih,0.8942785859107971,0.0,21
bawang putih,0.8915717601776123,0.0,177
bawang putih,0.34982866048812866,0.0,141
bawang putih,0.9289063811302185,0.0,254
bawang putih,0.48916682600975037,0.0,169
bawang putih,0.7027826309204102,0.0,112
bawang putih,0.7078195810317993,0.0,68
bawang putih,0.9095774292945862,0.0,42
bawang putih,0.5635712146759033,0.0,189
bawang putih,0.8844534158706665,0.0,0
bawang putih,0.6814993023872375,0.0,255
bawang putih,0.6697161793708801,0.0,79
bawang putih,0.7505936026573181,0.0,254
bawang putih,0.8353703022003174,0.0,0
bawang putih,0.8842987418174744,0.0,86
bawang putih,0.2697961628437042,0.0,195
bawang putih,0.5787588357925415,0.0,121
bawang putih,0.597912609577179,0.0,0
bawang putih,0.8102045655250549,0.0,95
bawang putih,0.9184970855712891,0.0,9
bawang putih,0.9342402219772339,0.0,46
bawang putih,0.382797509431839,0.0,252
bawang putih,0.8590024709701538,0.0,240
bawang putih,0.7193922400474548,0.0,252
bawang putih,0.7192585468292236,0.0,167
bawang putih,0.6409392952919006,0.0,255
bawang putih,0.8942809104919434,0.0,73
bawang putih,0.6079533100128174,0.0,179
bawang putih,0.47260674834251404,0.0,0
bawang putih,0.8369715809822083,0.0,249
bawang putih,0.34739047288894653,0.0,255
bawang putih,0.6658869981765747,0.0,12
bawang putih,0.525121808052063,0.0,76
bawang putih,0.896027147769928,0.0,140
bawang putih,0.9065989851951599,0.0,121
bawang putih,0.8103320598602295,0.0,244
bawang putih,0.47254014015197754,0.0,174
bawang putih,0.8960355520248413,0.0,221
bawang putih,0.563569188117981,0.0,0
bawang putih,0.4180702865123749,0.0,4
bawang putih,0.686231791973114,0.0,200
bawang putih,0.835361897945404,0.0,255
bawang putih,0.8372313380241394,0.0,90
bawang putih,0.4400295913219452,0.0,255
bawang putih,0.8624340295791626,0.0,0
bawang putih,0.9437280893325806,0.0,209
bawang putih,0.8496111631393433,0.0,47
bawang putih,0.9727070331573486,0.0,41
bawang putih,0.5979150533676147,0.0,100
bawang putih,0.9140437245368958,0.0,204
bawang putih,0.278929740190506,0.0,173
bawang putih,0.9061800241470337,0.0,61
bawang putih,0.6204515695571899,0.0,211
bawang putih,0.8765100836753845,0.0,69
bawang putih,0.49419039487838745,0.0,105
bawang putih,0.4892160892486572,0.0,229
bawang putih,0.447553426027298,0.0,99
bawang putih,0.5350329875946045,0.0,99
bawang putih,0.6308487057685852,0.0,255
bawang putih,0.7223324179649353,0.0,67
bawang putih,0.612217366695404,0.0,243
bawang putih,0.6457725167274475,0.0,121
bawang putih,0.6823747158050537,0.0,132
bawang putih,0.8643205761909485,0.0,145
bawang putih,0.8942258954048157,0.0,132
bawang putih,0.44003939628601074,0.0,240
bawang putih,0.8495975136756897,0.0,102
bawang putih,0.618639349937439,0.0,243
bawang putih,0.9581356048583984,0.0,249
bawang putih,0.6144849061965942,0.0,130
bawang putih,0.9162930846214294,0.0,104
bawang putih,0.964296281337738,0.0,89
bawang putih,0.735360860824585,0.0,220
bawang putih,0.43077486753463745,0.0,230
bawang putih,0.362446129322052,0.0,0
bawang putih,0.4891900420188904,0.0,197
bawang putih,0.9096042513847351,0.0,138
bawang putih,0.6861052513122559,0.0,182
bawang putih,0.5350438952445984,0.0,140
bawang putih,0.6696118712425232,0.0,211
bawang putih,0.6145288944244385,0.0,255
bawang putih,0.6122869253158569,0.0,255
bawang putih,0.8628532886505127,0.0,0
bawang putih,0.7077887654304504,0.0,60
bawang putih,0.7188588976860046,0.0,197
bawang putih,0.6719325184822083,0.0,104
bawang putih,0.9437820315361023,0.0,76
bawang putih,0.8160994052886963,0.0,46
bawang putih,0.7123085260391235,0.0,137
bawang putih,0.6079462170600891,0.0,40
bawang putih,0.5031819343566895,0.0,56
bawang putih,0.9096550941467285,0.0,0
bawang putih,0.3562760055065155,0.0,0
bawang putih,0.8868714570999146,0.0,142
bawang putih,0.6387644410133362,0.0,255
bawang putih,0.6857773661613464,0.0,164
bawang putih,0.5417308211326599,0.0,83
bawang putih,0.4891811013221741,0.0,200
bawang putih,0.41807931661605835,0.0,255
bawang putih,0.972732663154602,0.0,35
bawang putih,0.9117985963821411,0.0,228
bawang putih,0.6677883863449097,0.0,255
bawang putih,0.6607373952865601,0.0,92
bawang putih,0.8781126141548157,0.0,225
bawang putih,0.7192509770393372,0.0,247
bawang putih,0.6614243984222412,0.0,107
bawang putih,0.5448216199874878,0.0,126
bawang putih,0.7353495955467224,0.0,0
bawang putih,0.5350029468536377,0.0,17
bawang putih,0.7666904926300049,0.0,255
bawang putih,0.45815640687942505,0.0,98
bawang putih,0.5979111790657043,0.0,12
bawang putih,0.5787696838378906,0.0,98
bawang putih,0.8103927969932556,0.0,116
bawang putih,0.8915266394615173,0.0,166
bawang putih,0.7617334723472595,0.0,170
bawang putih,0.6184491515159607,0.0,0
bawang putih,0.7506063580513,0.0,73
bawang putih,0.7241124510765076,0.0,255
bawang putih,0.8915756940841675,0.0,30
bawang putih,0.45815151929855347,0.0,142
bawang putih,0.7898324728012085,0.0,31
bawang putih,0.6409310102462769,0.0,48
bawang putih,0.8834193348884583,0.0,122
bawang putih,0.8146824836730957,0.0,251
bawang putih,0.88782799243927,0.0,245
bawang putih,0.5795547962188721,0.0,177
bawang putih,0.9409574270248413,0.0,0
bawang putih,0.48979437351226807,0.0,143
bawang putih,0.6204498410224915,0.0,122
bawang putih,0.6308498978614807,0.0,1
bawang putih,0.6791616082191467,0.0,232
bawang putih,0.6577596664428711,0.0,101
bawang putih,0.8385825157165527,0.0,199
bawang putih,0.4897851347923279,0.0,252
bawang putih,0.39630964398384094,0.0,46
bawang putih,0.8384647965431213,0.0,231
bawang putih,0.49418649077415466,0.0,57
bawang putih,0.8877812623977661,0.0,76
bawang putih,0.6677983999252319,0.0,232
bawang putih,0.5031645894050598,0.0,182
bawang putih,0.6698557734489441,0.0,0
bawang putih,0.6722785234451294,0.0,52
bawang putih,0.4898052215576172,0.0,7
bawang putih,0.9727091789245605,0.0,56
bawang putih,0.4941936731338501,0.0,182
bawang putih,0.7728581428527832,0.0,149
bawang putih,0.5635687112808228,0.0,0
bawang putih,0.7989258766174316,0.0,255
bawang putih,0.884905219078064,0.0,165
bawang putih,0.2679925560951233,0.0,93
bawang putih,0.8495937585830688,0.0,172
bawang putih,0.70285964012146,0.0,162
bawang putih,0.8103961944580078,0.0,0
bawang putih,0.45413118600845337,0.0,241
bawang putih,0.8765470385551453,0.0,92
bawang putih,0.7122933268547058,0.0,138
bawang putih,0.9471249580383301,0.0,0
bawang putih,0.3708899915218353,0.0,148
bawang putih,0.9056562781333923,0.0,203
bawang putih,0.48256978392601013,0.0,104
bawang putih,0.37435781955718994,0.0,254
bawang putih,0.36945825815200806,0.0,142
bawang putih,0.5057336091995239,0.0,0
bawang putih,0.7546707391738892,0.0,67
bawang putih,0.4443800449371338,0.0,33
bawang putih,0.6840938925743103,0.0,63
bawang putih,0.8998100757598877,0.0,141
bawang putih,0.883224368095398,0.0,172
bawang putih,0.39157596230506897,0.0,68
bawang putih,0.4410735070705414,0.0,10
bawang putih,0.5922146439552307,0.0,211
bawang putih,0.3687719702720642,0.0,94
bawang putih,0.4608170986175537,0.0,255
bawang putih,0.920235276222229,0.0,216
bawang putih,0.4777868986129761,0.0,0
bawang putih,0.5451230406761169,0.0,255
bawang putih,0.7638742923736572,0.0,255
bawang putih,0.6186956167221069,0.0,168
bawang putih,0.467350035905838,0.0,222
bawang putih,0.8174673914909363,0.0,64
bawang putih,0.8435075283050537,0.0,128
bawang putih,0.7214311957359314,0.0,253
bawang putih,0.9151111841201782,0.0,0
bawang putih,0.8793827891349792,0.0,116
bawang putih,0.2424875944852829,0.0,103
bawang putih,0.3360038995742798,0.0,31
bawang putih,0.4953845143318176,0.0,66
bawang putih,0.38669559359550476,0.0,188
bawang putih,0.518729567527771,0.0,165
bawang putih,0.5223608613014221,0.0,99
bawang putih,0.6387335658073425,0.0,43
bawang putih,0.8996438980102539,0.0,173
bawang putih,0.8421899080276489,0.0,253
bawang putih,0.4976578652858734,0.0,249
bawang putih,0.6945641040802002,0.0,155
bawang putih,0.4502772092819214,0.0,0
bawang putih,0.5147116780281067,0.0,255
bawang putih,0.516184389591217,0.0,255
bawang putih,0.8732936382293701,0.0,255
bawang putih,0.5636111497879028,0.0,41
bawang putih,0.6231154799461365,0.0,157
bawang putih,0.8727250099182129,0.0,92
bawang putih,0.37828853726387024,0.0,116
bawang putih,0.8905556797981262,0.0,143
bawang putih,0.8886831998825073,0.0,250
bawang putih,0.45055991411209106,0.0,44
bawang putih,0.46880048513412476,0.0,255
bawang putih,0.39113807678222656,0.0,70
bawang putih,0.45156651735305786,0.0,171
bawang putih,0.319593608379364,0.0,2
bawang putih,0.367784708738327,0.0,190
bawang putih,0.3394496738910675,0.0,14
bawang putih,0.7909165024757385,0.0,97
bawang putih,0.6621317863464355,0.0,66
bawang putih,0.3055900037288666,0.0,0
bawang putih,0.46637192368507385,0.0,0
bawang putih,0.502557635307312,0.0,219
bawang putih,0.733010470867157,0.0,206
bawang putih,0.4729982614517212,0.0,77
bawang putih,0.7615144848823547,0.0,37
bawang putih,0.9212751388549805,0.0,255
bawang putih,0.32311925292015076,0.0,87
bawang putih,0.4147132933139801,0.0,18
bawang putih,0.8553428649902344,0.0,0
bawang putih,0.7551289796829224,0.0,61
bawang putih,0.33457574248313904,0.0,25
bawang putih,0.7456713318824768,0.0,4
bawang putih,0.7727731466293335,0.0,0
bawang putih,0.48286983370780945,0.0,208
bawang putih,0.40723344683647156,0.0,11
bawang putih,0.8909293413162231,0.0,147
bawang putih,0.12553775310516357,0.0,255
bawang putih,0.41651591658592224,0.0,232
bawang putih,0.42609184980392456,0.0,125
bawang putih,0.958358645439148,0.0,76
bawang putih,0.5064431428909302,0.0,211
bawang putih,0.37332284450531006,0.0,145
bawang putih,0.4118674099445343,0.0,254
bawang putih,0.34701263904571533,0.0,149
bawang putih,0.8402903079986572,0.0,8
bawang putih,0.32555732131004333,0.0,40
bawang putih,0.8007763624191284,0.0,255
bawang putih,0.3245196044445038,0.0,49
bawang putih,0.9160792827606201,0.0,163
bawang putih,0.5178661942481995,0.0,210
bawang putih,0.25278592109680176,0.0,128
bawang putih,0.39952903985977173,0.0,101
bawang putih,0.5704072713851929,0.0,255
bawang putih,0.7230051755905151,0.0,190
bawang putih,0.9191019535064697,0.0,23
bawang putih,0.9094927310943604,0.0,50
bawang putih,0.5239505767822266,0.0,226
bawang putih,0.6540488600730896,0.0,56
bawang putih,0.727357029914856,0.0,241
bawang putih,0.6374610066413879,0.0,60
bawang putih,0.47023528814315796,0.0,137
bawang putih,0.5778080821037292,0.0,45
bawang putih,0.5472269654273987,0.0,15
bawang putih,0.5945838093757629,0.0,220
bawang putih,0.9515706896781921,0.0,120
bawang putih,0.923874020576477,0.0,162
bawang putih,0.5690176486968994,0.0,95
bawang putih,0.2847917377948761,0.0,107
bawang putih,0.2777407169342041,0.0,254
bawang putih,0.9045528769493103,0.0,229
bawang putih,0.8207243084907532,0.0,0
bawang putih,0.5877174735069275,0.0,129
bawang putih,0.4448818266391754,0.0,254
bawang putih,0.3256589472293854,0.0,188
bawang putih,0.7370476126670837,0.0,221
bawang putih,0.3322606682777405,0.0,47
bawang putih,0.4019159972667694,0.0,255
bawang putih,0.6373239755630493,0.0,160
bawang putih,0.9217981100082397,0.0,200
bawang putih,0.4391123056411743,0.0,248
bawang putih,0.49396032094955444,0.0,208
bawang putih,0.8653477430343628,0.0,0
bawang putih,0.14962878823280334,0.0,156
bawang putih,0.4212683141231537,0.0,102
bawang putih,0.41060689091682434,0.0,59
bawang putih,0.5415005087852478,0.0,138
bawang putih,0.652044415473938,0.0,0
bawang putih,0.6688399910926819,0.0,66
bawang putih,0.7320703268051147,0.0,108
bawang putih,0.2622027099132538,0.0,165
bawang putih,0.8813629150390625,0.0,92
bawang putih,0.37399157881736755,0.0,65
bawang putih,0.2995704412460327,0.0,113
bawang putih,0.5908217430114746,0.0,173
bawang putih,0.9830974340438843,0.0,23
bawang putih,0.6369149088859558,0.0,211
bawang putih,0.4581511616706848,0.0,0
bawang putih,0.3516159653663635,0.0,90
bawang putih,0.5744210481643677,0.0,117
bawang putih,0.42713963985443115,0.0,0
bawang putih,0.7124634385108948,0.0,242
bawang putih,0.8151338696479797,0.0,49
bawang putih,0.6510834693908691,0.0,192
bawang putih,0.34856411814689636,0.0,229
bawang putih,0.9280158877372742,0.0,0
bawang putih,0.6506835222244263,0.0,92
bawang putih,0.4611121416091919,0.0,121
bawang putih,0.424453467130661,0.0,173
bawang putih,0.7513034343719482,0.0,85
bawang putih,0.9662300944328308,0.0,14
bawang putih,0.9048436880111694,0.0,205
bawang putih,0.42607492208480835,0.0,0
bawang putih,0.7251222133636475,0.0,70
bawang putih,0.7455712556838989,0.0,131
bawang putih,0.7075709700584412,0.0,109
bawang putih,0.43215665221214294,0.0,255
bawang putih,0.7045152187347412,0.0,222
bawang putih,0.5103210210800171,0.0,8
bawang putih,0.31551095843315125,0.0,75
bawang putih,0.5062137842178345,0.0,24
bawang putih,0.9189832210540771,0.0,250
bawang putih,0.4317511320114136,0.0,104
bawang putih,0.49721813201904297,0.0,0
bawang putih,0.9327381253242493,0.0,9
bawang putih,0.5526899099349976,0.0,50
bawang putih,0.9439085125923157,0.0,244
bawang putih,0.4148377776145935,0.0,2
bawang putih,0.8057385087013245,0.0,102
bawang putih,0.27418816089630127,0.0,255
bawang putih,0.6732109189033508,0.0,255
bawang putih,0.5466433763504028,0.0,181
bawang putih,0.4209551513195038,0.0,80
bawang putih,0.7092546224594116,0.0,255
bawang putih,0.5938363671302795,0.0,216
bawang putih,0.8955146670341492,0.0,86
bawang putih,0.8850975632667542,0.0,147
bawang putih,0.900138258934021,0.0,117
bawang putih,0.5500869154930115,0.0,241
bawang putih,0.5251085162162781,0.0,80
bawang putih,0.31316322088241577,0.0,33
bawang putih,0.6114526391029358,0.0,254
bawang putih,0.5731403231620789,0.0,0
bawang putih,0.5029357075691223,0.0,117
bawang putih,0.38737979531288147,0.0,22
bawang putih,0.7416412830352783,0.0,171
bawang putih,0.7941743731498718,0.0,25
bawang putih,0.4691297113895416,0.0,73
bawang merah,0.8270459771156311,0.0,114
bawang merah,0.31968846917152405,0.0,246
bawang merah,0.5047504901885986,0.0,3
bawang merah,0.6916283965110779,0.0,7
bawang merah,0.8880106806755066,0.0,206
bawang merah,0.5682811141014099,0.0,215
bawang merah,0.38247451186180115,0.0,149
bawang merah,0.514447808265686,0.0,133
bawang merah,0.5404809713363647,0.0,28
bawang merah,0.9058482646942139,0.0,134
bawang merah,0.4364253878593445,0.0,174
bawang merah,0.7685039639472961,0.0,244
bawang merah,0.5700440406799316,0.0,197
bawang merah,0.7117124795913696,0.0,255
bawang merah,0.5825539827346802,0.0,244
bawang merah,0.8449552059173584,0.0,253
bawang merah,0.4799383878707886,0.0,119
bawang merah,0.5391072034835815,0.0,170
bawang merah,0.6019871234893799,0.0,169
bawang merah,0.46391820907592773,0.0,0
bawang merah,0.7091803550720215,0.0,226
bawang merah,0.6966682076454163,0.0,149
bawang merah,0.5751050710678101,0.0,15
bawang merah,0.6564087271690369,0.0,52
bawang merah,0.5137288570404053,0.0,255
bawang merah,0.6984689235687256,0.0,83
bawang merah,0.7262771725654602,0.0,212
bawang merah,0.681465744972229,0.0,196
bawang merah,0.5353736877441406,0.0,153
bawang merah,0.6604383587837219,0.0,0
bawang merah,0.6540481448173523,0.0,255
bawang merah,0.5143457651138306,0.0,189
bawang merah,0.6173614859580994,0.0,23
bawang merah,0.5658125281333923,0.0,251
bawang merah,0.805830180644989,0.0,29
bawang merah,0.4815009534358978,0.0,232
bawang merah,0.7384108901023865,0.0,58
bawang merah,0.3553690016269684,0.0,123
bawang merah,0.617026150226593,0.0,74
bawang merah,0.5114547610282898,0.0,202
bawang merah,0.7683484554290771,0.0,109
bawang merah,0.6785992980003357,0.0,111
bawang merah,0.9060012698173523,0.0,111
bawang merah,0.48920750617980957,0.0,55
bawang merah,0.5374149680137634,0.0,0
bawang merah,0.3448427617549896,0.0,186
bawang merah,0.7053332924842834,0.0,0
bawang merah,0.9150139689445496,0.0,255
bawang merah,0.7745878100395203,0.0,16
bawang merah,0.8264747858047485,0.0,255
bawang merah,0.5326935052871704,0.0,110
bawang merah,0.9167762994766235,0.0,84
bawang merah,0.4965476095676422,0.0,255
bawang merah,0.7141306400299072,0.0,95
bawang merah,0.8789976239204407,0.0,67
bawang merah,0.7679646611213684,0.0,179
bawang merah,0.6537169218063354,0.0,96
bawang merah,0.8823822140693665,0.0,18
bawang merah,0.6554983258247375,0.0,116
bawang merah,0.7090179324150085,0.0,108
bawang merah,0.6708535552024841,0.0,237
bawang merah,0.798811674118042,0.0,0
bawang merah,0.5139990448951721,0.0,83
bawang merah,0.7090938091278076,0.0,162
bawang merah,0.49514999985694885,0.0,119
bawang merah,0.9057856202125549,0.0,163
bawang merah,0.5443984270095825,0.0,225
bawang merah,0.9382623434066772,0.0,201
bawang merah,0.5427442789077759,0.0,94
bawang merah,0.518130898475647,0.0,186
bawang merah,0.7298075556755066,0.0,34
bawang merah,0.6821050047874451,0.0,220
bawang merah,0.9167010188102722,0.0,39
bawang merah,0.33260849118232727,0.0,72
bawang merah,0.37548667192459106,0.0,255
bawang merah,0.6529490947723389,0.0,76
bawang merah,0.46384942531585693,0.0,214
bawang merah,0.3532845377922058,0.0,92
bawang merah,0.46721160411834717,0.0,208
bawang merah,0.3678998053073883,0.0,249
bawang merah,0.6763158440589905,0.0,237
bawang merah,0.8458932638168335,0.0,255
bawang merah,0.49486640095710754,0.0,255
bawang merah,0.3754572868347168,0.0,125
bawang merah,0.874323844909668,0.0,82
bawang merah,0.7923118472099304,0.0,1
bawang merah,0.7052839398384094,0.0,52
bawang merah,0.3949882984161377,0.0,204
bawang merah,0.5484341979026794,0.0,151
bawang merah,0.8968665599822998,0.0,254
bawang merah,0.7658637166023254,0.0,220
bawang merah,0.6818270683288574,0.0,172
bawang merah,0.4704028367996216,0.0,0
bawang merah,0.38490766286849976,0.0,199
bawang merah,0.6327922344207764,0.0,162
bawang merah,0.5845653414726257,0.0,13
bawang merah,0.30888599157333374,0.0,0
bawang merah,0.5829935073852539,0.0,212
bawang merah,0.3089592158794403,0.0,73
bawang merah,0.7027133107185364,0.0,254
bawang merah,0.4969233274459839,0.0,0
bawang merah,0.5930177569389343,0.0,208
bawang merah,0.6833855509757996,0.0,235
bawang merah,0.8000876307487488,0.0,97
bawang merah,0.4364412724971771,0.0,117
bawang merah,0.46365663409233093,0.0,252
bawang merah,0.8475244045257568,0.0,65
bawang merah,0.428780734539032,0.0,130
bawang merah,0.758823812007904,0.0,87
bawang merah,0.5856744647026062,0.0,123
bawang merah,0.5142430663108826,0.0,21
bawang merah,0.5660336017608643,0.0,13
bawang merah,0.48591479659080505,0.0,83
bawang merah,0.48893702030181885,0.0,255
bawang merah,0.803656816482544,0.0,149
bawang merah,0.479104608297348,0.0,211
bawang merah,0.6503742933273315,0.0,5
bawang merah,0.896700382232666,0.0,119
bawang merah,0.6708954572677612,0.0,135
bawang merah,0.8995912671089172,0.0,9
bawang merah,0.6877471804618835,0.0,0
bawang merah,0.5231180191040039,0.0,76
bawang merah,0.513184130191803,0.0,209
bawang merah,0.7091203927993774,0.0,69
bawang merah,0.5895745158195496,0.0,28
bawang merah,0.8458058834075928,0.0,210
bawang merah,0.7190831899642944,0.0,97
bawang merah,0.6537193059921265,0.0,129
bawang merah,0.3201794922351837,0.0,26
bawang merah,0.6568346619606018,0.0,56
bawang merah,0.7987843751907349,0.0,105
bawang merah,0.3531114161014557,0.0,209
bawang merah,0.5272809267044067,0.0,197
bawang merah,0.8499249815940857,0.0,112
bawang merah,0.6850708723068237,0.0,114
bawang merah,0.7136242389678955,0.0,13
bawang merah,0.3460484445095062,0.0,188
bawang merah,0.5762667059898376,0.0,104
bawang merah,0.9276224970817566,0.0,89
bawang merah,0.7529087066650391,0.0,25
bawang merah,0.5556535124778748,0.0,180
bawang merah,0.5829405784606934,0.0,101
bawang merah,0.5818008780479431,0.0,244
bawang merah,0.6777081489562988,0.0,10
bawang merah,0.4538955092430115,0.0,60
bawang merah,0.8967888355255127,0.0,156
bawang merah,0.4937628507614136,0.0,116
bawang merah,0.8475803732872009,0.0,0
bawang merah,0.7825640439987183,0.0,41
bawang merah,0.5937495827674866,0.0,0
bawang merah,0.5266736745834351,0.0,202
bawang merah,0.4890326261520386,0.0,236
bawang merah,0.5124476552009583,0.0,5
bawang merah,0.8882626891136169,0.0,42
bawang merah,0.5710681676864624,0.0,87
bawang merah,0.8967105746269226,0.0,0
bawang merah,0.6916528344154358,0.0,152
bawang merah,0.7888267040252686,0.0,146
bawang merah,0.5418393611907959,0.0,124
bawang merah,0.47921374440193176,0.0,255
bawang merah,0.7298755645751953,0.0,0
bawang merah,0.7746724486351013,0.0,32
bawang merah,0.8455624580383301,0.0,175
bawang merah,0.6798303127288818,0.0,88
bawang merah,0.3807334303855896,0.0,148
bawang merah,0.5467948317527771,0.0,248
bawang merah,0.6252115964889526,0.0,0
bawang merah,0.540493905544281,0.0,253
bawang merah,0.6776405572891235,0.0,255
bawang merah,0.7090849876403809,0.0,66
bawang merah,0.41998228430747986,0.0,115
bawang merah,0.46346724033355713,0.0,115
bawang merah,0.5119869112968445,0.0,36
bawang merah,0.6942235231399536,0.0,92
bawang merah,0.5490157604217529,0.0,254
bawang merah,0.8583701848983765,0.0,97
bawang merah,0.3316524922847748,0.0,228
bawang merah,0.5798665881156921,0.0,255
bawang merah,0.19020631909370422,0.0,255
bawang merah,0.43710196018218994,0.0,33
bawang merah,0.8494549989700317,0.0,116
bawang merah,0.6359019875526428,0.0,39
bawang merah,0.6603394746780396,0.0,89
bawang merah,0.5430646538734436,0.0,77
bawang merah,0.8487313985824585,0.0,150
bawang merah,0.6799392104148865,0.0,192
bawang merah,0.6984738707542419,0.0,59
bawang merah,0.602032482624054,0.0,88
bawang merah,0.4734552204608917,0.0,255
bawang merah,0.8494650721549988,0.0,52
bawang merah,0.46580877900123596,0.0,123
bawang merah,0.7528982758522034,0.0,248
bawang merah,0.7682532072067261,0.0,178
bawang merah,0.5938282608985901,0.0,92
bawang merah,0.6197728514671326,0.0,52
bawang merah,0.5142772793769836,0.0,254
bawang merah,0.5671778321266174,0.0,176
bawang merah,0.44371509552001953,0.0,211
bawang merah,0.4578116238117218,0.0,34
bawang merah,0.875398576259613,0.0,48
bawang merah,0.5845575928688049,0.0,30
bawang merah,0.8793219923973083,0.0,251
bawang merah,0.48207223415374756,0.0,6
bawang merah,0.5804944038391113,0.0,152
bawang merah,0.7635964155197144,0.0,63
bawang merah,0.5843003988265991,0.0,191
bawang merah,0.43017977476119995,0.0,0
bawang merah,0.9167100787162781,0.0,255
bawang merah,0.5682786107063293,0.0,219
bawang merah,0.34486186504364014,0.0,48
bawang merah,0.5763012170791626,0.0,98
bawang merah,0.8263760209083557,0.0,130
bawang merah,0.8968892097473145,0.0,143
bawang merah,0.5302519798278809,0.0,120
bawang merah,0.8456128239631653,0.0,245
bawang merah,0.35506197810173035,0.0,19
bawang merah,0.3811245858669281,0.0,207
bawang merah,0.7678906917572021,0.0,248
bawang merah,0.8447964191436768,0.0,21
bawang merah,0.18189802765846252,0.0,0
bawang merah,0.9266102910041809,0.0,229
bawang merah,0.5938457250595093,0.0,162
bawang merah,0.5307916402816772,0.0,254
bawang merah,0.8036394715309143,0.0,205
bawang merah,0.9278270602226257,0.0,225
bawang merah,0.6603279113769531,0.0,28
bawang merah,0.5557054877281189,0.0,255
bawang merah,0.8487473726272583,0.0,130
bawang merah,0.7384477853775024,0.0,0
bawang merah,0.6503353714942932,0.0,253
bawang merah,0.5788447856903076,0.0,0
bawang merah,0.5115647315979004,0.0,17
bawang merah,0.46525517106056213,0.0,250
bawang merah,0.354726642370224,0.0,124
bawang merah,0.5938461422920227,0.0,144
bawang merah,0.7026137709617615,0.0,252
bawang merah,0.46388062834739685,0.0,188
bawang merah,0.5670146346092224,0.0,229
bawang merah,0.705295979976654,0.0,183
bawang merah,0.7676565051078796,0.0,163
bawang merah,0.8453227281570435,0.0,97
bawang merah,0.385120153427124,0.0,135
bawang merah,0.7140408158302307,0.0,9
bawang merah,0.4859316647052765,0.0,0
bawang merah,0.5390821099281311,0.0,116
bawang merah,0.5930651426315308,0.0,4
bawang merah,0.5154456496238708,0.0,239
bawang merah,0.5377373695373535,0.0,80
bawang merah,0.849894642829895,0.0,198
bawang merah,0.635901689529419,0.0,7
bawang merah,0.7090945839881897,0.0,0
bawang merah,0.6563399434089661,0.0,130
bawang merah,0.4648832380771637,0.0,131
bawang merah,0.367910236120224,0.0,133
bawang merah,0.43642720580101013,0.0,160
bawang merah,0.5272030234336853,0.0,7
bawang merah,0.5855695009231567,0.0,90
bawang merah,0.5490849614143372,0.0,93
bawang merah,0.34448689222335815,0.0,66
bawang merah,0.6020352840423584,0.0,0
bawang merah,0.4657934904098511,0.0,31
bawang merah,0.5070555806159973,0.0,7
bawang merah,0.617027997970581,0.0,170
bawang merah,0.5154383778572083,0.0,109
bawang merah,0.3811134397983551,0.0,114
bawang merah,0.6776229739189148,0.0,81
bawang merah,0.8793091773986816,0.0,255
bawang merah,0.38267678022384644,0.0,254
bawang merah,0.44372740387916565,0.0,255
bawang merah,0.5894007682800293,0.0,100
bawang merah,0.7026488780975342,0.0,1
bawang merah,0.7528373599052429,0.0,211
bawang merah,0.5486589074134827,0.0,0
bawang merah,0.7571529746055603,0.0,209
bawang merah,0.6850278973579407,0.0,162
bawang merah,0.8448742628097534,0.0,255
bawang merah,0.905946671962738,0.0,85
bawang merah,0.53271484375,0.0,161
bawang merah,0.8476765155792236,0.0,243
bawang merah,0.6849955320358276,0.0,100
bawang merah,0.8447863459587097,0.0,218
bawang merah,0.5266788601875305,0.0,199
bawang merah,0.7676581740379333,0.0,254
bawang merah,0.6569421291351318,0.0,48
bawang merah,0.8879062533378601,0.0,235
bawang merah,0.4634786546230316,0.0,34
bawang merah,0.711705207824707,0.0,251
bawang merah,0.5144551992416382,0.0,0
bawang merah,0.6814183592796326,0.0,255
bawang merah,0.6876091361045837,0.0,255
bawang merah,0.7826378345489502,0.0,64
bawang merah,0.6603057980537415,0.0,137
bawang merah,0.6563323736190796,0.0,67
bawang merah,0.48206469416618347,0.0,100
bawang merah,0.47996044158935547,0.0,249
bawang merah,0.8269333839416504,0.0,42
bawang merah,0.847526490688324,0.0,0
bawang merah,0.5271890759468079,0.0,185
bawang merah,0.938290536403656,0.0,186
bawang merah,0.3807341456413269,0.0,57
bawang merah,0.7684882283210754,0.0,209
bawang merah,0.9382850527763367,0.0,175
bawang merah,0.33163654804229736,0.0,130
bawang merah,0.6174495220184326,0.0,20
bawang merah,0.34553399682044983,0.0,35
bawang merah,0.7523168325424194,0.0,162
bawang merah,0.6819820404052734,0.0,228
bawang merah,0.6943111419677734,0.0,254
bawang merah,0.7658376097679138,0.0,43
bawang merah,0.4890488088130951,0.0,23
bawang merah,0.9382756948471069,0.0,0
bawang merah,0.9266274571418762,0.0,0
bawang merah,0.5444856286048889,0.0,147
bawang merah,0.541380763053894,0.0,187
bawang merah,0.5829408764839172,0.0,255
bawang merah,0.680141806602478,0.0,255
bawang merah,0.38512998819351196,0.0,253
bawang merah,0.9167823195457458,0.0,90
bawang merah,0.8456165790557861,0.0,252
bawang merah,0.5818727612495422,0.0,227
bawang merah,0.7525386214256287,0.0,19
bawang merah,0.8996872901916504,0.0,0
bawang merah,0.4735938310623169,0.0,145
bawang merah,0.6776572465896606,0.0,49
bawang merah,0.4951492249965668,0.0,64
bawang merah,0.7976861596107483,0.0,187
bawang merah,0.7262565493583679,0.0,255
bawang merah,0.5711957216262817,0.0,72
bawang merah,0.5556937456130981,0.0,202
bawang merah,0.719079852104187,0.0,142
bawang merah,0.5229296684265137,0.0,255
bawang merah,0.8448927998542786,0.0,109
bawang merah,0.5843597650527954,0.0,202
bawang merah,0.8996112942695618,0.0,77
bawang merah,0.43018409609794617,0.0,194
bawang merah,0.6785979270935059,0.0,189
bawang merah,0.7136321663856506,0.0,157
bawang merah,0.48206377029418945,0.0,21
bawang merah,0.5556932687759399,0.0,101
bawang merah,0.4537533223628998,0.0,160
bawang merah,0.18211528658866882,0.0,93
bawang merah,0.5145492553710938,0.0,99
bawang merah,0.7684562802314758,0.0,149
bawang merah,0.8996989130973816,0.0,72
bawang merah,0.43644896149635315,0.0,89
bawang merah,0.9167869687080383,0.0,218
bawang merah,0.30896615982055664,0.0,122
bawang merah,0.4814969599246979,0.0,37
bawang merah,0.705284059047699,0.0,173
bawang merah,0.6020482778549194,0.0,37
bawang merah,0.48905232548713684,0.0,81
bawang merah,0.38513219356536865,0.0,12
bawang merah,0.4370712339878082,0.0,185
bawang merah,0.582929790019989,0.0,103
bawang merah,0.8881379961967468,0.0,179
bawang merah,0.8789990544319153,0.0,93
bawang merah,0.8753817677497864,0.0,2
bawang merah,0.4937227666378021,0.0,254
bawang merah,0.5050193667411804,0.0,56
bawang merah,0.9150232672691345,0.0,161
bawang merah,0.6254058480262756,0.0,80
bawang merah,0.6835098266601562,0.0,255
bawang merah,0.7091196775436401,0.0,14
bawang merah,0.3554590940475464,0.0,254
bawang merah,0.5310588479042053,0.0,232
bawang merah,0.3448871672153473,0.0,253
bawang merah,0.6966660022735596,0.0,255
bawang merah,0.7190831899642944,0.0,125
bawang merah,0.33276116847991943,0.0,210
bawang merah,0.8790290355682373,0.0,149
bawang merah,0.7684732675552368,0.0,132
bawang merah,0.9167820811271667,0.0,117
bawang merah,0.9059181213378906,0.0,0
bawang merah,0.5660442113876343,0.0,26
bawang merah,0.5427626371383667,0.0,66
bawang merah,0.4368126690387726,0.0,254
bawang merah,0.48204633593559265,0.0,254
bawang merah,0.7091749310493469,0.0,64
bawang merah,0.5311840772628784,0.0,0
bawang merah,0.5819069147109985,0.0,3
bawang merah,0.6328172087669373,0.0,212
bawang merah,0.489063024520874,0.0,243
bawang merah,0.6820695400238037,0.0,238
bawang merah,0.5802778005599976,0.0,192
bawang merah,0.8058624267578125,0.0,101
bawang merah,0.5144216418266296,0.0,86
bawang merah,0.6536852717399597,0.0,129
bawang merah,0.6984471678733826,0.0,75
bawang merah,0.896663248538971,0.0,33
bawang merah,0.5229244828224182,0.0,162
bawang merah,0.5119627118110657,0.0,255
bawang merah,0.45843833684921265,0.0,255
bawang merah,0.7678735256195068,0.0,48
bawang merah,0.5130893588066101,0.0,15
bawang merah,0.42880958318710327,0.0,210
bawang merah,0.5229253172874451,0.0,2
bawang merah,0.7523522973060608,0.0,72
bawang merah,0.5799087882041931,0.0,1
bawang merah,0.39489540457725525,0.0,125
bawang merah,0.6177361607551575,0.0,64
bawang merah,0.4951247274875641,0.0,67
bawang merah,0.8965595364570618,0.0,244
bawang merah,0.767646312713623,0.0,72
bawang merah,0.5154622197151184,0.0,215
bawang merah,0.6849862337112427,0.0,246
bawang merah,0.37555423378944397,0.0,255
bawang merah,0.848781168460846,0.0,47
bawang merah,0.5700671672821045,0.0,3
bawang merah,0.5353782773017883,0.0,204
bawang merah,0.7889606356620789,0.0,77
bawang merah,0.5442001223564148,0.0,123
bawang merah,0.47040101885795593,0.0,79
bawang merah,0.5751243829727173,0.0,112
bawang merah,0.7923122644424438,0.0,255
bawang merah,0.4937627911567688,0.0,0
bawang merah,0.6984459757804871,0.0,58
bawang merah,0.8742555379867554,0.0,11
bawang merah,0.8819555044174194,0.0,2
bawang merah,0.5658013820648193,0.0,218
bawang merah,0.7136324644088745,0.0,194
bawang merah,0.5483725666999817,0.0,93
bawang merah,0.6798038482666016,0.0,52
bawang merah,0.19004693627357483,0.0,105
bawang merah,0.8576933741569519,0.0,235
bawang merah,0.7026335000991821,0.0,10
bawang merah,0.3088786005973816,0.0,166
bawang merah,0.9056539535522461,0.0,9
bawang merah,0.8790310025215149,0.0,86
bawang merah,0.41999635100364685,0.0,214
bawang merah,0.5138461589813232,0.0,26
bawang merah,0.7190601825714111,0.0,227
bawang merah,0.6408788561820984,0.0,154
bawang merah,0.7495422959327698,0.0,195
bawang merah,0.5387842655181885,0.0,254
bawang merah,0.6839404702186584,0.0,151
bawang merah,0.5145131349563599,0.0,255
bawang merah,0.8691279888153076,0.0,25
bawang merah,0.7202067375183105,0.0,219
bawang merah,0.7879129648208618,0.0,0
bawang merah,0.5719534754753113,0.0,34
bawang merah,0.9247052669525146,0.0,61
bawang merah,0.6098814010620117,0.0,0
bawang merah,0.3561098575592041,0.0,101
bawang merah,0.6265830993652344,0.0,163
bawang merah,0.6789382100105286,0.0,0
bawang merah,0.8318631052970886,0.0,157
bawang merah,0.43517032265663147,0.0,25
bawang merah,0.43870773911476135,0.0,255
bawang merah,0.8126169443130493,0.0,84
bawang merah,0.6149013638496399,0.0,196
bawang merah,0.7487334609031677,0.0,135
bawang merah,0.9054481387138367,0.0,248
bawang merah,0.6601067781448364,0.0,240
bawang merah,0.5982527732849121,0.0,254
bawang merah,0.7267401814460754,0.0,108
bawang merah,0.47813108563423157,0.0,36
bawang merah,0.5777776837348938,0.0,21
bawang merah,0.7312758564949036,0.0,102
bawang merah,0.2844015955924988,0.0,236
bawang merah,0.2857975363731384,0.0,0
bawang merah,0.8881351947784424,0.0,255
bawang merah,0.9242131114006042,0.0,248
bawang merah,0.6400759220123291,0.0,166
bawang merah,0.3354102373123169,0.0,106
bawang merah,0.6430521607398987,0.0,121
bawang merah,0.3389807641506195,0.0,38
bawang merah,0.7043941020965576,0.0,128
bawang merah,0.8007937073707581,0.0,255
bawang merah,0.8821475505828857,0.0,56
bawang merah,0.6968281865119934,0.0,211
bawang merah,0.5061156749725342,0.0,50
bawang merah,0.6714710593223572,0.0,87
bawang merah,0.36541375517845154,0.0,226
bawang merah,0.8921346664428711,0.0,2
bawang merah,0.49122416973114014,0.0,169
bawang merah,0.6367679238319397,0.0,0
bawang merah,0.5029277205467224,0.0,38
bawang merah,0.8761168122291565,0.0,107
bawang merah,0.6108157634735107,0.0,255
bawang merah,0.37861019372940063,0.0,93
bawang merah,0.8187589049339294,0.0,211
bawang merah,0.6945167779922485,0.0,0
bawang merah,0.7304566502571106,0.0,89
bawang merah,0.6119965314865112,0.0,225
bawang merah,0.8674702644348145,0.0,250
bawang merah,0.9311650991439819,0.0,0
bawang merah,0.38552650809288025,0.0,254
bawang merah,0.714745819568634,0.0,50
bawang merah,0.7854018807411194,0.0,196
bawang merah,0.38553863763809204,0.0,255
bawang merah,0.7598335146903992,0.0,0
bawang merah,0.8000621199607849,0.0,87
bawang merah,0.6010726094245911,0.0,160
bawang merah,0.7504583597183228,0.0,186
bawang merah,0.5123979449272156,0.0,37
bawang merah,0.9144557118415833,0.0,86
bawang merah,0.7672181129455566,0.0,239
bawang merah,0.4180474579334259,0.0,138
bawang merah,0.402689129114151,0.0,175
bawang merah,0.3789062201976776,0.0,88
bawang merah,0.9302281141281128,0.0,243
bawang merah,0.5266638398170471,0.0,39
bawang merah,0.5914504528045654,0.0,193
bawang merah,0.6035680174827576,0.0,0
bawang merah,0.4479922950267792,0.0,255
bawang merah,0.8794082403182983,0.0,87
bawang merah,0.49189135432243347,0.0,254
bawang merah,0.7060636878013611,0.0,217
bawang merah,0.4138863980770111,0.0,174
bawang merah,0.632445752620697,0.0,16
bawang merah,0.5591979622840881,0.0,127
bawang merah,0.7402710914611816,0.0,255
bawang merah,0.6864104270935059,0.0,255
bawang merah,0.3067927062511444,0.0,84
bawang merah,0.4347744882106781,0.0,66
bawang merah,0.8476032614707947,0.0,251
bawang merah,0.3186419606208801,0.0,91
bawang merah,0.9283941388130188,0.0,90
bawang merah,0.5039271116256714,0.0,162
bawang merah,0.9134026169776917,0.0,116
bawang merah,0.4167335033416748,0.0,184
bawang merah,0.4950132369995117,0.0,40
bawang merah,0.677333414554596,0.0,254
bawang merah,0.8789287805557251,0.0,44
bawang merah,0.4334592819213867,0.0,32
bawang merah,0.2990983724594116,0.0,29
bawang merah,0.6217037439346313,0.0,248
bawang merah,0.9093783497810364,0.0,208
bawang merah,0.5309674739837646,0.0,90
bawang merah,0.8309144377708435,0.0,66
bawang merah,0.4817183017730713,0.0,151
bawang merah,0.5450432896614075,0.0,121
bawang merah,0.5043454170227051,0.0,78
bawang merah,0.411307156085968,0.0,229
bawang merah,0.7673632502555847,0.0,224
bawang merah,0.6555222868919373,0.0,68
bawang merah,0.8384224772453308,0.0,147
bawang merah,0.45208102464675903,0.0,250
bawang merah,0.4010145664215088,0.0,205
bawang merah,0.8085372447967529,0.0,82
bawang merah,0.5378683805465698,0.0,248
bawang merah,0.7504240274429321,0.0,251
bawang merah,0.696155846118927,0.0,0
bawang merah,0.5459910035133362,0.0,51
bawang merah,0.6341757774353027,0.0,190
bawang merah,0.8714529275894165,0.0,226
bawang merah,0.8621634244918823,0.0,239
bawang merah,0.7460760474205017,0.0,0
bawang merah,0.7471262812614441,0.0,72
bawang merah,0.5916333794593811,0.0,103
bawang merah,0.4569455087184906,0.0,73
bawang merah,0.3135063350200653,0.0,234
bawang merah,0.861183762550354,0.0,0
bawang merah,0.4155225455760956,0.0,104
bawang merah,0.3585849702358246,0.0,35
bawang merah,0.20504207909107208,0.0,138
bawang merah,0.6308667659759521,0.0,35
bawang merah,0.43477094173431396,0.0,253
bawang merah,0.4149160087108612,0.0,209
bawang merah,0.5241624116897583,0.0,195
bawang merah,0.46072325110435486,0.0,92
bawang merah,0.4816441535949707,0.0,4
bawang merah,0.5451864004135132,0.0,49
bawang merah,0.6623954176902771,0.0,88
bawang merah,0.6521291136741638,0.0,211
bawang merah,0.38162392377853394,0.0,255
bawang merah,0.8951188921928406,0.0,255
bawang merah,0.8639084696769714,0.0,84
bawang merah,0.8599449396133423,0.0,192
bawang merah,0.6697044372558594,0.0,3
bawang merah,0.5280386209487915,0.0,163
bawang merah,0.4135381877422333,0.0,28
bawang merah,0.5501263737678528,0.0,75
bawang merah,0.6602699160575867,0.0,83
bawang merah,0.5634452700614929,0.0,121
bawang merah,0.37074050307273865,0.0,255
bawang merah,0.4253009259700775,0.0,29
bawang merah,0.5557918548583984,0.0,110
bawang merah,0.8243845701217651,0.0,74
bawang merah,0.4216102361679077,0.0,141
bawang merah,0.3854217529296875,0.0,248
bawang merah,0.6783708333969116,0.0,25
bawang merah,0.9512786865234375,0.0,0
bawang merah,0.40199410915374756,0.0,126
bawang merah,0.5744622349739075,0.0,28
bawang merah,0.5188754200935364,0.0,255
bawang merah,0.5219143629074097,0.0,211
lemon,0.8068901300430298,0.0,247
lemon,0.3213596045970917,0.0,87
lemon,0.5399051308631897,0.0,45
lemon,0.8628816604614258,0.0,11
lemon,0.4205108880996704,0.0,255
lemon,0.8587254881858826,0.0,4
lemon,0.8185230493545532,0.0,161
lemon,0.5385547876358032,0.0,247
lemon,0.34505531191825867,0.0,88
lemon,0.26477763056755066,0.0,0
lemon,0.7969070672988892,0.0,250
lemon,0.6834956407546997,0.0,0
lemon,0.6146826148033142,0.0,254
lemon,0.6565378308296204,0.0,92
lemon,0.8446046113967896,0.0,108
lemon,0.7745875120162964,0.0,220
lemon,0.8342639803886414,0.0,86
lemon,0.34035927057266235,0.0,48
lemon,0.46906617283821106,0.0,250
lemon,0.5267339944839478,0.0,218
lemon,0.6116936802864075,0.0,196
lemon,0.7619161009788513,0.0,0
lemon,0.7943797707557678,0.0,130
lemon,0.3832635283470154,0.0,86
lemon,0.6570588946342468,0.0,226
lemon,0.4479972720146179,0.0,255
lemon,0.35782793164253235,0.0,92
lemon,0.30836212635040283,0.0,254
lemon,0.8010474443435669,0.0,0
lemon,0.7674329876899719,0.0,18
lemon,0.7931908965110779,0.0,166
lemon,0.2846269905567169,0.0,184
lemon,0.546039879322052,0.0,195
lemon,0.304273784160614,0.0,116
lemon,0.31600093841552734,0.0,227
lemon,0.6764474511146545,0.0,64
lemon,0.5702029466629028,0.0,255
lemon,0.5770957469940186,0.0,66
lemon,0.7592651844024658,0.0,255
lemon,0.28839218616485596,0.0,66
lemon,0.7898988723754883,0.0,189
lemon,0.4279267489910126,0.0,41
lemon,0.7361400723457336,0.0,211
lemon,0.7386982440948486,0.0,151
lemon,0.4165862798690796,0.0,201
lemon,0.8330727219581604,0.0,79
lemon,0.7846271991729736,0.0,199
lemon,0.7374840378761292,0.0,111
lemon,0.7514455914497375,0.0,156
lemon,0.805808424949646,0.0,209
lemon,0.3425660729408264,0.0,0
lemon,0.41547948122024536,0.0,162
lemon,0.8710835576057434,0.0,146
lemon,0.8612498044967651,0.0,40
lemon,0.5692337155342102,0.0,0
lemon,0.4301178455352783,0.0,4
lemon,0.5323125123977661,0.0,213
lemon,0.41899558901786804,0.0,207
lemon,0.43707701563835144,0.0,254
lemon,0.4366486668586731,0.0,90
lemon,0.6759908199310303,0.0,10
lemon,0.6882976293563843,0.0,141
lemon,0.748819887638092,0.0,226
lemon,0.8024301528930664,0.0,109
lemon,0.7980676889419556,0.0,205
lemon,0.6956852674484253,0.0,242
lemon,0.9084159135818481,0.0,255
lemon,0.7656608819961548,0.0,209
lemon,0.9472731947898865,0.0,229
lemon,0.7891532778739929,0.0,174
lemon,0.43377697467803955,0.0,128
lemon,0.8913601040840149,0.0,207
lemon,0.8289960026741028,0.0,165
lemon,0.3400934636592865,0.0,255
lemon,0.6096717119216919,0.0,70
lemon,0.6983780860900879,0.0,167
lemon,0.33532121777534485,0.0,25
lemon,0.4003366231918335,0.0,0
lemon,0.6191412210464478,0.0,104
lemon,0.31244146823883057,0.0,240
lemon,0.5321228504180908,0.0,200
lemon,0.3461693525314331,0.0,137
lemon,0.25984418392181396,0.0,228
lemon,0.6375293135643005,0.0,93
lemon,0.5201420783996582,0.0,90
lemon,0.8922698497772217,0.0,142
lemon,0.45499497652053833,0.0,95
lemon,0.49731698632240295,0.0,255
lemon,0.2601086497306824,0.0,227
lemon,0.8591662645339966,0.0,0
lemon,0.6830403208732605,0.0,103
lemon,0.46660223603248596,0.0,255
lemon,0.9566958546638489,0.0,7
lemon,0.7433963418006897,0.0,76
lemon,0.3616126477718353,0.0,0
lemon,0.3778078258037567,0.0,255
lemon,0.2671237289905548,0.0,0
lemon,0.2175355702638626,0.0,123
lemon,0.6107094883918762,0.0,245
lemon,0.2950701415538788,0.0,0
lemon,0.4445236623287201,0.0,42
lemon,0.4957238435745239,0.0,11
lemon,0.8915094137191772,0.0,107
lemon,0.3390570878982544,0.0,23
lemon,0.3857886493206024,0.0,224
lemon,0.38920602202415466,0.0,40
lemon,0.3052920997142792,0.0,0
lemon,0.23430895805358887,0.0,101
lemon,0.5634840726852417,0.0,50
lemon,0.92076575756073,0.0,165
lemon,0.6011369228363037,0.0,52
lemon,0.4488588273525238,0.0,255
lemon,0.5428651571273804,0.0,86
lemon,0.34770283102989197,0.0,153
lemon,0.5523488521575928,0.0,124
lemon,0.3267451822757721,0.0,36
lemon,0.3367726802825928,0.0,20
lemon,0.6883917450904846,0.0,204
lemon,0.5514885187149048,0.0,255
lemon,0.21114018559455872,0.0,151
lemon,0.7899558544158936,0.0,0
lemon,0.9008461236953735,0.0,225
lemon,0.31807205080986023,0.0,155
lemon,0.7237062454223633,0.0,40
lemon,0.4777081608772278,0.0,191
lemon,0.2724493443965912,0.0,186
lemon,0.8558299541473389,0.0,101
lemon,0.4347745478153229,0.0,129
lemon,0.4416998624801636,0.0,42
lemon,0.2960416376590729,0.0,71
lemon,0.6129841804504395,0.0,166
lemon,0.6348806619644165,0.0,182
lemon,0.39177075028419495,0.0,28
lemon,0.5721539855003357,0.0,226
lemon,0.8556472659111023,0.0,250
lemon,0.4858413636684418,0.0,241
lemon,0.3346983790397644,0.0,88
lemon,0.3891957998275757,0.0,41
lemon,0.5342184901237488,0.0,40
lemon,0.24649377167224884,0.0,0
lemon,0.5464496612548828,0.0,56
lemon,0.2582196593284607,0.0,255
lemon,0.8443771004676819,0.0,5
lemon,0.5917920470237732,0.0,76
lemon,0.8418678641319275,0.0,0
lemon,0.5909013152122498,0.0,60
lemon,0.3690319359302521,0.0,108
lemon,0.494794100522995,0.0,255
lemon,0.5115397572517395,0.0,255
lemon,0.7589676976203918,0.0,130
lemon,0.6644779443740845,0.0,166
lemon,0.6749798655509949,0.0,174
lemon,0.8448275923728943,0.0,135
lemon,0.445942223072052,0.0,165
lemon,0.3890136182308197,0.0,160
lemon,0.6759507060050964,0.0,0
lemon,0.8529810309410095,0.0,0
lemon,0.6062774062156677,0.0,66
lemon,0.39954429864883423,0.0,121
lemon,0.3183842897415161,0.0,104
lemon,0.3775083124637604,0.0,2
lemon,0.47913458943367004,0.0,255
lemon,0.41180872917175293,0.0,242
lemon,0.4441043436527252,0.0,45
lemon,0.537004828453064,0.0,0
lemon,0.29907870292663574,0.0,237
lemon,0.40210074186325073,0.0,255
lemon,0.6328070759773254,0.0,162
lemon,0.3059100806713104,0.0,93
lemon,0.5290554761886597,0.0,255
lemon,0.5568543672561646,0.0,40
lemon,0.2542276084423065,0.0,244
lemon,0.5083767175674438,0.0,114
lemon,0.37168803811073303,0.0,227
lemon,0.5533246397972107,0.0,101
lemon,0.261480450630188,0.0,231
lemon,0.40532225370407104,0.0,37
lemon,0.8499618172645569,0.0,133
lemon,0.247681125998497,0.0,220
lemon,0.7975773811340332,0.0,191
lemon,0.3214232921600342,0.0,145
lemon,0.6760042905807495,0.0,77
lemon,0.810813844203949,0.0,43
lemon,0.326263964176178,0.0,239
lemon,0.2960454523563385,0.0,98
lemon,0.7331246137619019,0.0,84
lemon,0.5524210929870605,0.0,125
lemon,0.6995089650154114,0.0,19
lemon,0.7714393734931946,0.0,0
lemon,0.42810288071632385,0.0,32
lemon,0.24857766926288605,0.0,255
lemon,0.21427085995674133,0.0,185
lemon,0.8617674112319946,0.0,76
lemon,0.3272601366043091,0.0,241
lemon,0.2402876317501068,0.0,89
lemon,0.8224443197250366,0.0,10
lemon,0.16556663811206818,0.0,98
lemon,0.3465009331703186,0.0,17
lemon,0.342104971408844,0.0,147
lemon,0.4527896046638489,0.0,99
lemon,0.661232590675354,0.0,165
lemon,0.8529025316238403,0.0,135
lemon,0.5121613144874573,0.0,49
lemon,0.22635629773139954,0.0,106
lemon,0.5371642708778381,0.0,0
lemon,0.22032302618026733,0.0,93
lemon,0.8482973575592041,0.0,40
lemon,0.8586108088493347,0.0,16
lemon,0.1706022471189499,0.0,255
lemon,0.7892603874206543,0.0,84
lemon,0.7811858057975769,0.0,88
lemon,0.6105267405509949,0.0,162
lemon,0.3392282724380493,0.0,186
lemon,0.36367523670196533,0.0,210
lemon,0.3955482542514801,0.0,65
lemon,0.2922792136669159,0.0,25
lemon,0.6996525526046753,0.0,210
lemon,0.5884856581687927,0.0,255
lemon,0.47691014409065247,0.0,46
lemon,0.2914397120475769,0.0,183
lemon,0.6543605327606201,0.0,193
lemon,0.532076895236969,0.0,111
lemon,0.25579193234443665,0.0,0
lemon,0.23970875144004822,0.0,86
lemon,0.4838898181915283,0.0,189
lemon,0.5323620438575745,0.0,81
lemon,0.4955017566680908,0.0,255
lemon,0.48506656289100647,0.0,12
lemon,0.8282243609428406,0.0,123
lemon,0.6652529239654541,0.0,97
lemon,0.43665993213653564,0.0,80
lemon,0.8453659415245056,0.0,49
lemon,0.267913281917572,0.0,209
lemon,0.8611873984336853,0.0,51
lemon,0.7516987919807434,0.0,251
lemon,0.36513370275497437,0.0,203
lemon,0.7675434947013855,0.0,127
lemon,0.8391157388687134,0.0,209
lemon,0.22606392204761505,0.0,24
lemon,0.581687331199646,0.0,88
lemon,0.6596277356147766,0.0,88
lemon,0.5304041504859924,0.0,247
lemon,0.6479488015174866,0.0,229
lemon,0.4841282069683075,0.0,94
lemon,0.2889227867126465,0.0,254
lemon,0.760109543800354,0.0,255
lemon,0.6749798655509949,0.0,146
lemon,0.6413123607635498,0.0,245
lemon,0.8232980370521545,0.0,0
lemon,0.5818796753883362,0.0,10
lemon,0.6120442748069763,0.0,149
lemon,0.4302613139152527,0.0,53
lemon,0.44972676038742065,0.0,86
lemon,0.23602305352687836,0.0,144
lemon,0.5512418746948242,0.0,1
lemon,0.8258163928985596,0.0,42
lemon,0.28258001804351807,0.0,255
lemon,0.1780569702386856,0.0,206
lemon,0.8558531999588013,0.0,195
lemon,0.7519928216934204,0.0,246
lemon,0.3048410713672638,0.0,31
lemon,0.8457731008529663,0.0,255
lemon,0.2797396779060364,0.0,63
lemon,0.7732834815979004,0.0,83
lemon,0.18421891331672668,0.0,77
lemon,0.18374918401241302,0.0,1
lemon,0.8344709873199463,0.0,87
lemon,0.5977191925048828,0.0,42
lemon,0.32727375626564026,0.0,47
lemon,0.8200895190238953,0.0,252
lemon,0.5809044241905212,0.0,149
lemon,0.4304199814796448,0.0,255
lemon,0.9593201875686646,0.0,254
lemon,0.7176058292388916,0.0,176
lemon,0.18948513269424438,0.0,0
lemon,0.4058501720428467,0.0,255
lemon,0.5649725794792175,0.0,255
lemon,0.8124206066131592,0.0,157
lemon,0.3225659430027008,0.0,173
lemon,0.7972028255462646,0.0,120
lemon,0.8450594544410706,0.0,23
lemon,0.6667512059211731,0.0,15
lemon,0.4612731337547302,0.0,0
lemon,0.7658510208129883,0.0,236
lemon,0.8583385348320007,0.0,100
lemon,0.576892614364624,0.0,26
lemon,0.3456311523914337,0.0,246
lemon,0.2918317914009094,0.0,125
lemon,0.7897388339042664,0.0,0
lemon,0.2578498423099518,0.0,48
lemon,0.5416396260261536,0.0,20
lemon,0.2805427312850952,0.0,255
lemon,0.4682330787181854,0.0,0
lemon,0.1862509399652481,0.0,111
lemon,0.2538854777812958,0.0,110
lemon,0.6224134564399719,0.0,245
lemon,0.5207493305206299,0.0,21
lemon,0.44904935359954834,0.0,91
lemon,0.8226203918457031,0.0,0
lemon,0.6980730891227722,0.0,28
lemon,0.4012550711631775,0.0,68
lemon,0.43864190578460693,0.0,255
lemon,0.733280599117279,0.0,131
lemon,0.6624293923377991,0.0,53
lemon,0.35970354080200195,0.0,40
lemon,0.6502341628074646,0.0,49
lemon,0.3774164915084839,0.0,170
lemon,0.6332230567932129,0.0,240
lemon,0.42928677797317505,0.0,76
lemon,0.6563032269477844,0.0,107
lemon,0.32568812370300293,0.0,110
lemon,0.5285906195640564,0.0,255
lemon,0.31207960844039917,0.0,0
lemon,0.36982277035713196,0.0,254
lemon,0.9591724872589111,0.0,149
lemon,0.7016798257827759,0.0,222
lemon,0.36633697152137756,0.0,43
lemon,0.6029697060585022,0.0,1
lemon,0.23889821767807007,0.0,0
lemon,0.558945894241333,0.0,255
lemon,0.4082833230495453,0.0,37
lemon,0.3302999436855316,0.0,145
lemon,0.3927692770957947,0.0,0
lemon,0.4889276623725891,0.0,101
lemon,0.46564552187919617,0.0,79
lemon,0.6372917294502258,0.0,188
lemon,0.564151406288147,0.0,33
lemon,0.46486741304397583,0.0,127
lemon,0.36677083373069763,0.0,93
lemon,0.6524028182029724,0.0,255
lemon,0.3616178035736084,0.0,132
lemon,0.664792001247406,0.0,234
lemon,0.6138901710510254,0.0,58
lemon,0.38113173842430115,0.0,95
lemon,0.3817632794380188,0.0,76
lemon,0.47097325325012207,0.0,115
lemon,0.29270613193511963,0.0,114
lemon,0.3344898223876953,0.0,255
lemon,0.47653597593307495,0.0,244
lemon,0.9146640300750732,0.0,146
lemon,0.39160674810409546,0.0,73
lemon,0.8516575694084167,0.0,137
lemon,0.3074151873588562,0.0,76
lemon,0.7720161080360413,0.0,93
lemon,0.44386276602745056,0.0,0
lemon,0.3652559518814087,0.0,26
lemon,0.8923604488372803,0.0,147
lemon,0.5292331576347351,0.0,188
lemon,0.2549748718738556,0.0,48
lemon,0.5128388404846191,0.0,147
lemon,0.3696798086166382,0.0,255
lemon,0.5731506943702698,0.0,3
lemon,0.8188281655311584,0.0,1
lemon,0.7339904308319092,0.0,97
lemon,0.3227635324001312,0.0,25
lemon,0.6328704953193665,0.0,226
lemon,0.47137460112571716,0.0,251
lemon,0.19641834497451782,0.0,126
lemon,0.46547672152519226,0.0,153
lemon,0.24907582998275757,0.0,217
lemon,0.5503983497619629,0.0,253
lemon,0.5573435425758362,0.0,91
lemon,0.4801463484764099,0.0,150
lemon,0.37768054008483887,0.0,0
lemon,0.5069400072097778,0.0,0
lemon,0.794415295124054,0.0,252
lemon,0.284230500459671,0.0,255
lemon,0.3401739299297333,0.0,181
lemon,0.6379631161689758,0.0,87
lemon,0.7135971188545227,0.0,143
lemon,0.28115883469581604,0.0,90
lemon,0.3600239157676697,0.0,11
lemon,0.8975831270217896,0.0,27
lemon,0.33293598890304565,0.0,130
lemon,0.695298969745636,0.0,52
lemon,0.5676100254058838,0.0,31
lemon,0.3702099621295929,0.0,217
lemon,0.39412951469421387,0.0,177
lemon,0.24192477762699127,0.0,7
lemon,0.605241060256958,0.0,172
lemon,0.47385385632514954,0.0,36
lemon,0.498773992061615,0.0,0
lemon,0.8303027749061584,0.0,246
lemon,0.6674023866653442,0.0,19
lemon,0.33701762557029724,0.0,141
lemon,0.43021160364151,0.0,0
lemon,0.26922810077667236,0.0,252
lemon,0.5463535189628601,0.0,255
lemon,0.5401244163513184,0.0,255
lemon,0.5103814005851746,0.0,221
lemon,0.5182531476020813,0.0,255
lemon,0.5175911784172058,0.0,200
lemon,0.6471425890922546,0.0,169
lemon,0.7866770029067993,0.0,223
lemon,0.8969916701316833,0.0,105
lemon,0.4899705648422241,0.0,254
lemon,0.7457080483436584,0.0,13
lemon,0.8599957823753357,0.0,254
lemon,0.4825522005558014,0.0,255
lemon,0.4586441218852997,0.0,4
lemon,0.4858028292655945,0.0,165
lemon,0.8895314335823059,0.0,199
lemon,0.6152142286300659,0.0,98
lemon,0.4761222302913666,0.0,122
lemon,0.6743918061256409,0.0,122
lemon,0.37535467743873596,0.0,128
lemon,0.9219937324523926,0.0,248
lemon,0.45774441957473755,0.0,67
lemon,0.5295786261558533,0.0,21
lemon,0.25863462686538696,0.0,0
lemon,0.4298814833164215,0.0,0
lemon,0.3918127417564392,0.0,109
lemon,0.8550381064414978,0.0,181
lemon,0.38776493072509766,0.0,125
lemon,0.4285634458065033,0.0,0
lemon,0.621315062046051,0.0,186
lemon,0.6296720504760742,0.0,120
lemon,0.5942733883857727,0.0,110
lemon,0.28513386845588684,0.0,0
lemon,0.33598271012306213,0.0,179
lemon,0.48106592893600464,0.0,77
lemon,0.43288207054138184,0.0,141
lemon,0.5089022517204285,0.0,169
lemon,0.35716909170150757,0.0,135
lemon,0.8625852465629578,0.0,125
lemon,0.36251622438430786,0.0,42
lemon,0.5562801957130432,0.0,9
lemon,0.7890893816947937,0.0,255
lemon,0.5857990980148315,0.0,103
lemon,0.8121582269668579,0.0,92
lemon,0.807988703250885,0.0,211
lemon,0.3726014792919159,0.0,255
lemon,0.6251915097236633,0.0,169
lemon,0.4499361217021942,0.0,56
lemon,0.578194260597229,0.0,198
lemon,0.3968699276447296,0.0,35
lemon,0.5638715028762817,0.0,106
lemon,0.22971530258655548,0.0,189
lemon,0.4991534352302551,0.0,67
lemon,0.8931820392608643,0.0,38
lemon,0.8465849757194519,0.0,117
lemon,0.3267008662223816,0.0,243
lemon,0.7206074595451355,0.0,0
lemon,0.650779664516449,0.0,255
lemon,0.28300926089286804,0.0,93
lemon,0.634621262550354,0.0,254
lemon,0.6771357655525208,0.0,157
lemon,0.3705897927284241,0.0,164
lemon,0.4132123291492462,0.0,0
lemon,0.38383880257606506,0.0,254
lemon,0.6850877404212952,0.0,230
lemon,0.5991281270980835,0.0,119
lemon,0.3057273328304291,0.0,41
lemon,0.5110476613044739,0.0,255
lemon,0.4464423358440399,0.0,145
lemon,0.3705986440181732,0.0,230
lemon,0.9118460416793823,0.0,79
lemon,0.7318795323371887,0.0,124
lemon,0.31171271204948425,0.0,255
lemon,0.24039049446582794,0.0,219
lemon,0.6652711629867554,0.0,219
lemon,0.8332089185714722,0.0,12
lemon,0.6530567407608032,0.0,0
lemon,0.7519481778144836,0.0,173
lemon,0.2657328248023987,0.0,67
lemon,0.863913893699646,0.0,0
lemon,0.8572173118591309,0.0,61
lemon,0.38810864090919495,0.0,151
lemon,0.193968266248703,0.0,211
lemon,0.8381770849227905,0.0,60
lemon,0.40154263377189636,0.0,249
lemon,0.4326684772968292,0.0,126
lemon,0.33714768290519714,0.0,163
lemon,0.8765742778778076,0.0,160
lemon,0.6822118759155273,0.0,255
lemon,0.5959034562110901,0.0,10
lemon,0.6125833988189697,0.0,42
lemon,0.9593410491943359,0.0,93
lemon,0.4308168292045593,0.0,137
lemon,0.815869152545929,0.0,194
lemon,0.6973055601119995,0.0,4
lemon,0.39732179045677185,0.0,133
lemon,0.809020459651947,0.0,33
lemon,0.6608645915985107,0.0,254
lemon,0.32772180438041687,0.0,181
lemon,0.7326297760009766,0.0,255
lemon,0.35901209712028503,0.0,75
lemon,0.2900702953338623,0.0,108
lemon,0.2528665363788605,0.0,173
lemon,0.5496599078178406,0.0,255
lemon,0.36050039529800415,0.0,138
lemon,0.8093910813331604,0.0,133
lemon,0.7915087938308716,0.0,255
lemon,0.48318612575531006,0.0,27
lemon,0.45476293563842773,0.0,199
lemon,0.6467410326004028,0.0,147
lemon,0.2194596827030182,0.0,154
lemon,0.5694014430046082,0.0,73
lemon,0.4967634677886963,0.0,254
lemon,0.8496623635292053,0.0,108
lemon,0.33883005380630493,0.0,60
lemon,0.5693842172622681,0.0,255
lemon,0.5237835645675659,0.0,52
lemon,0.3167630136013031,0.0,76
lemon,0.5816256999969482,0.0,83
lemon,0.484563410282135,0.0,190
lemon,0.6079204082489014,0.0,147
lemon,0.2210092395544052,0.0,102
lemon,0.5222729444503784,0.0,0
lemon,0.5914079546928406,0.0,255
lemon,0.32970014214515686,0.0,101
lemon,0.860439658164978,0.0,194
lemon,0.3874002695083618,0.0,121
lemon,0.5538143515586853,0.0,228
lemon,0.8832042217254639,0.0,0
lemon,0.35554182529449463,0.0,253
lemon,0.8389049768447876,0.0,61
lemon,0.43889549374580383,0.0,0
lemon,0.5422230362892151,0.0,254
lemon,0.4049380421638489,0.0,44
lemon,0.5692510008811951,0.0,189
lemon,0.588040828704834,0.0,244
lemon,0.5463496446609497,0.0,0
lemon,0.4223136305809021,0.0,243
lemon,0.4655795991420746,0.0,107
lemon,0.6152995824813843,0.0,59
lemon,0.24053768813610077,0.0,183
lemon,0.29773959517478943,0.0,131
lemon,0.17460225522518158,0.0,115
lemon,0.833707332611084,0.0,118
lemon,0.3443363606929779,0.0,0
lemon,0.6730672717094421,0.0,77
lemon,0.3046470284461975,0.0,53
lemon,0.328368216753006,0.0,75
lemon,0.2496662735939026,0.0,255
lemon,0.6060647368431091,0.0,197
lemon,0.5381425619125366,0.0,154
lemon,0.8329344391822815,0.0,221
lemon,0.681668221950531,0.0,82
lemon,0.1516471803188324,0.0,32
lemon,0.5528872609138489,0.0,208
lemon,0.3155214786529541,0.0,254
lemon,0.8887630105018616,0.0,0
lemon,0.3438239097595215,0.0,138
lemon,0.4629242420196533,0.0,36
lemon,0.3487098515033722,0.0,235
lemon,0.8426671624183655,0.0,8
lemon,0.47193068265914917,0.0,255
lemon,0.1780676394701004,0.0,231
lemon,0.605705201625824,0.0,89
lemon,0.6822242736816406,0.0,167
lemon,0.29669687151908875,0.0,202
lemon,0.5707747936248779,0.0,40
lemon,0.33810609579086304,0.0,219
lemon,0.7960074543952942,0.0,255
lemon,0.3666442334651947,0.0,104
lemon,0.22952556610107422,0.0,255
lemon,0.3044770061969757,0.0,97
lemon,0.4650603234767914,0.0,7
lemon,0.5928411483764648,0.0,196
lemon,0.31926679611206055,0.0,235
lemon,0.5000186562538147,0.0,18
lemon,0.2635619640350342,0.0,254
lemon,0.4295538663864136,0.0,244
lemon,0.6180048584938049,0.0,73
lemon,0.373852401971817,0.0,192
lemon,0.5214505195617676,0.0,194
lemon,0.35466089844703674,0.0,220
lemon,0.6302546262741089,0.0,3
lemon,0.5007812976837158,0.0,246
lemon,0.5172074437141418,0.0,212
lemon,0.6311460137367249,0.0,83
lemon,0.34867388010025024,0.0,222
lemon,0.5189862251281738,0.0,141
lemon,0.3939912021160126,0.0,254
lemon,0.40404078364372253,0.0,182
lemon,0.8320242166519165,0.0,0
lemon,0.6526888012886047,0.0,255
lemon,0.3843848705291748,0.0,126
lemon,0.9210174083709717,0.0,42
lemon,0.5950407385826111,0.0,248
lemon,0.6341695189476013,0.0,236
lemon,0.193328857421875,0.0,255
lemon,0.3130117356777191,0.0,116
lemon,0.30859044194221497,0.0,124
lemon,0.17895784974098206,0.0,158
lemon,0.6096179485321045,0.0,149
kiwi,0.47014448046684265,0.0,254
kiwi,0.6829498410224915,0.0,54
kiwi,0.7207567095756531,0.0,171
kiwi,0.3937913775444031,0.0,255
kiwi,0.48132044076919556,0.0,0
kiwi,0.7687200903892517,0.0,168
kiwi,0.41573503613471985,0.0,112
kiwi,0.703058123588562,0.0,199
kiwi,0.6496447324752808,0.0,99
kiwi,0.6987240314483643,0.0,254
kiwi,0.4064997732639313,0.0,234
kiwi,0.7468278408050537,0.0,0
kiwi,0.9184454083442688,0.0,76
kiwi,0.6994684338569641,0.0,79
kiwi,0.4399852156639099,0.0,254
kiwi,0.48356300592422485,0.0,168
kiwi,0.5911726951599121,0.0,199
kiwi,0.7758333086967468,0.0,97
kiwi,0.7523974180221558,0.0,109
kiwi,0.7917879819869995,0.0,0
kiwi,0.8403238654136658,0.0,9
kiwi,0.7152588367462158,0.0,244
kiwi,0.7182127237319946,0.0,116
kiwi,0.5800313949584961,0.0,183
kiwi,0.7216781377792358,0.0,255
kiwi,0.5975410342216492,0.0,190
kiwi,0.4767477810382843,0.0,109
kiwi,0.5947384834289551,0.0,179
kiwi,0.7528154850006104,0.0,255
kiwi,0.7430150508880615,0.0,29
kiwi,0.7143721580505371,0.0,146
kiwi,0.4613390564918518,0.0,117
kiwi,0.7794992923736572,0.0,84
kiwi,0.5473871827125549,0.0,131
kiwi,0.7737219333648682,0.0,136
kiwi,0.6713307499885559,0.0,0
kiwi,0.7677673697471619,0.0,187
kiwi,0.468913733959198,0.0,36
kiwi,0.3608441650867462,0.0,255
kiwi,0.44009140133857727,0.0,0
kiwi,0.7601822018623352,0.0,166
kiwi,0.8003514409065247,0.0,255
kiwi,0.46551239490509033,0.0,253
kiwi,0.8102152943611145,0.0,210
kiwi,0.4723319709300995,0.0,28
kiwi,0.3602316379547119,0.0,80
kiwi,0.6078966856002808,0.0,0
kiwi,0.7868726849555969,0.0,25
kiwi,0.8135996460914612,0.0,2
kiwi,0.2658251225948334,0.0,174
kiwi,0.742883026599884,0.0,255
kiwi,0.7372662425041199,0.0,0
kiwi,0.5557064414024353,0.0,81
kiwi,0.38893288373947144,0.0,74
kiwi,0.37074804306030273,0.0,164
kiwi,0.34461352229118347,0.0,0
kiwi,0.9136034846305847,0.0,0
kiwi,0.644769549369812,0.0,80
kiwi,0.83909672498703,0.0,254
kiwi,0.679298460483551,0.0,85
kiwi,0.8006433248519897,0.0,211
kiwi,0.6716009974479675,0.0,255
kiwi,0.6589158773422241,0.0,196
kiwi,0.4238208532333374,0.0,154
kiwi,0.5350256562232971,0.0,82
kiwi,0.8032631874084473,0.0,255
kiwi,0.7484980225563049,0.0,235
kiwi,0.22737744450569153,0.0,0
kiwi,0.37207984924316406,0.0,0
kiwi,0.24456118047237396,0.0,35
kiwi,0.8032919764518738,0.0,50
kiwi,0.803199827671051,0.0,105
kiwi,0.26011210680007935,0.0,15
kiwi,0.7389659881591797,0.0,152
kiwi,0.3407208025455475,0.0,209
kiwi,0.5103154182434082,0.0,246
kiwi,0.5708495378494263,0.0,255
kiwi,0.749521791934967,0.0,255
kiwi,0.5303533673286438,0.0,23
kiwi,0.5702906250953674,0.0,241
kiwi,0.3125528395175934,0.0,241
kiwi,0.6747556328773499,0.0,120
kiwi,0.6862977147102356,0.0,48
kiwi,0.640016496181488,0.0,196
kiwi,0.26569056510925293,0.0,66
kiwi,0.2548941969871521,0.0,0
kiwi,0.33872494101524353,0.0,0
kiwi,0.6536704301834106,0.0,228
kiwi,0.8363854289054871,0.0,175
kiwi,0.6803794503211975,0.0,2
kiwi,0.24008207023143768,0.0,226
kiwi,0.2868792414665222,0.0,255
kiwi,0.3487398028373718,0.0,87
kiwi,0.48126792907714844,0.0,100
kiwi,0.48256465792655945,0.0,34
kiwi,0.8412309885025024,0.0,160
kiwi,0.4363613426685333,0.0,240
kiwi,0.43027618527412415,0.0,255
kiwi,0.40352195501327515,0.0,149
kiwi,0.4407021105289459,0.0,155
kiwi,0.6840336322784424,0.0,161
kiwi,0.3063742220401764,0.0,11
kiwi,0.3662509620189667,0.0,0
kiwi,0.6375204920768738,0.0,94
kiwi,0.6622002720832825,0.0,0
kiwi,0.49213317036628723,0.0,250
kiwi,0.490361750125885,0.0,254
kiwi,0.7466282248497009,0.0,164
kiwi,0.49996843934059143,0.0,0
kiwi,0.6082360148429871,0.0,92
kiwi,0.3663959801197052,0.0,52
kiwi,0.3555654287338257,0.0,63
kiwi,0.11099743843078613,0.0,25
kiwi,0.6305060982704163,0.0,172
kiwi,0.484815388917923,0.0,255
kiwi,0.4562797248363495,0.0,157
kiwi,0.5583798885345459,0.0,79
kiwi,0.22588691115379333,0.0,154
kiwi,0.3376157879829407,0.0,79
kiwi,0.7702476382255554,0.0,238
kiwi,0.5302454233169556,0.0,0
kiwi,0.35963138937950134,0.0,86
kiwi,0.3197460174560547,0.0,231
kiwi,0.3414211869239807,0.0,0
kiwi,0.5557841658592224,0.0,114
kiwi,0.7406145930290222,0.0,10
kiwi,0.3076506555080414,0.0,250
kiwi,0.39947134256362915,0.0,160
kiwi,0.667205274105072,0.0,87
kiwi,0.3027043342590332,0.0,183
kiwi,0.5031569004058838,0.0,175
kiwi,0.3074720501899719,0.0,175
kiwi,0.4187309443950653,0.0,0
kiwi,0.5735395550727844,0.0,4
kiwi,0.2730568051338196,0.0,177
kiwi,0.35369670391082764,0.0,255
kiwi,0.3118462562561035,0.0,175
kiwi,0.5399051308631897,0.0,255
kiwi,0.3386036157608032,0.0,252
kiwi,0.3756057918071747,0.0,252
kiwi,0.8477051258087158,0.0,160
kiwi,0.4648626446723938,0.0,255
kiwi,0.3916182518005371,0.0,104
kiwi,0.5349023342132568,0.0,133
kiwi,0.5501748323440552,0.0,0
kiwi,0.4116922616958618,0.0,85
kiwi,0.29639801383018494,0.0,90
kiwi,0.3839285969734192,0.0,28
kiwi,0.3618394434452057,0.0,209
kiwi,0.4830165505409241,0.0,108
kiwi,0.42672276496887207,0.0,37
kiwi,0.46120962500572205,0.0,125
kiwi,0.2590140700340271,0.0,255
kiwi,0.25577977299690247,0.0,211
kiwi,0.4597388505935669,0.0,0
kiwi,0.4193272590637207,0.0,64
kiwi,0.3577181398868561,0.0,179
kiwi,0.3006804287433624,0.0,255
kiwi,0.8073371052742004,0.0,54
kiwi,0.3520171642303467,0.0,84
kiwi,0.23147964477539062,0.0,110
kiwi,0.8352925181388855,0.0,216
kiwi,0.3999632000923157,0.0,255
kiwi,0.5963922739028931,0.0,202
kiwi,0.5677990317344666,0.0,201
kiwi,0.24439182877540588,0.0,254
kiwi,0.6812738180160522,0.0,251
kiwi,0.2574771046638489,0.0,91
kiwi,0.2216813713312149,0.0,0
kiwi,0.6567144393920898,0.0,129
kiwi,0.2503596246242523,0.0,135
kiwi,0.43577414751052856,0.0,167
kiwi,0.3874160945415497,0.0,98
kiwi,0.28244176506996155,0.0,196
kiwi,0.640556275844574,0.0,94
kiwi,0.3973146378993988,0.0,244
kiwi,0.38653770089149475,0.0,231
kiwi,0.2518603205680847,0.0,136
kiwi,0.2851843535900116,0.0,95
kiwi,0.6900505423545837,0.0,109
kiwi,0.2899992763996124,0.0,174
kiwi,0.6410359740257263,0.0,56
kiwi,0.23087598383426666,0.0,138
kiwi,0.4082376956939697,0.0,202
kiwi,0.48997005820274353,0.0,102
kiwi,0.5003786087036133,0.0,87
kiwi,0.4113011956214905,0.0,106
kiwi,0.7858077883720398,0.0,0
kiwi,0.7397093772888184,0.0,14
kiwi,0.49877357482910156,0.0,179
kiwi,0.4040026366710663,0.0,255
kiwi,0.42136257886886597,0.0,90
kiwi,0.3082844913005829,0.0,108
kiwi,0.34154483675956726,0.0,174
kiwi,0.5355641841888428,0.0,6
kiwi,0.5526546835899353,0.0,15
kiwi,0.2966986298561096,0.0,208
kiwi,0.6311953663825989,0.0,106
kiwi,0.24792109429836273,0.0,255
kiwi,0.5563980937004089,0.0,133
kiwi,0.8052891492843628,0.0,233
kiwi,0.4787285327911377,0.0,165
kiwi,0.35737863183021545,0.0,254
kiwi,0.27688369154930115,0.0,211
kiwi,0.7679939270019531,0.0,100
kiwi,0.511204183101654,0.0,0
kiwi,0.2718704044818878,0.0,29
kiwi,0.35567641258239746,0.0,255
kiwi,0.43742239475250244,0.0,208
kiwi,0.7550359964370728,0.0,240
kiwi,0.7879965901374817,0.0,14
kiwi,0.9289401173591614,0.0,0
kiwi,0.5856944918632507,0.0,252
kiwi,0.41539883613586426,0.0,0
kiwi,0.4177147150039673,0.0,112
kiwi,0.7878125309944153,0.0,140
kiwi,0.489658385515213,0.0,184
kiwi,0.1756632775068283,0.0,126
kiwi,0.5130856037139893,0.0,110
kiwi,0.4109923541545868,0.0,2
kiwi,0.712151288986206,0.0,244
kiwi,0.5671527981758118,0.0,131
kiwi,0.2416464388370514,0.0,253
kiwi,0.5858630537986755,0.0,229
kiwi,0.6249425411224365,0.0,126
kiwi,0.14533798396587372,0.0,32
kiwi,0.3287440240383148,0.0,73
kiwi,0.508851945400238,0.0,227
kiwi,0.6860675811767578,0.0,255
kiwi,0.5687323212623596,0.0,0
kiwi,0.5352358222007751,0.0,39
kiwi,0.13725648820400238,0.0,192
kiwi,0.8428962230682373,0.0,215
kiwi,0.22998547554016113,0.0,52
kiwi,0.18226337432861328,0.0,5
kiwi,0.44000235199928284,0.0,38
kiwi,0.42933592200279236,0.0,159
kiwi,0.6865849494934082,0.0,51
kiwi,0.7478463053703308,0.0,108
kiwi,0.5187156796455383,0.0,90
kiwi,0.594484806060791,0.0,0
kiwi,0.2621554136276245,0.0,0
kiwi,0.8445783853530884,0.0,255
kiwi,0.36012935638427734,0.0,37
kiwi,0.7204623818397522,0.0,98
kiwi,0.6359869837760925,0.0,184
kiwi,0.7752806544303894,0.0,2
kiwi,0.46181440353393555,0.0,104
kiwi,0.3424128293991089,0.0,81
kiwi,0.6816198825836182,0.0,245
kiwi,0.6629989743232727,0.0,48
kiwi,0.3244141638278961,0.0,205
kiwi,0.599078357219696,0.0,165
kiwi,0.653256893157959,0.0,106
kiwi,0.6231249570846558,0.0,45
kiwi,0.1580055207014084,0.0,37
kiwi,0.2413737028837204,0.0,251
kiwi,0.647881031036377,0.0,141
kiwi,0.3748115599155426,0.0,108
kiwi,0.2356729805469513,0.0,199
kiwi,0.2977480888366699,0.0,118
kiwi,0.28213202953338623,0.0,152
kiwi,0.37014639377593994,0.0,213
kiwi,0.3667939007282257,0.0,50
kiwi,0.43718528747558594,0.0,92
kiwi,0.45524150133132935,0.0,164
kiwi,0.837239146232605,0.0,165
kiwi,0.49887537956237793,0.0,61
kiwi,0.40106961131095886,0.0,59
kiwi,0.7433932423591614,0.0,218
kiwi,0.5766116380691528,0.0,43
kiwi,0.4570726156234741,0.0,227
kiwi,0.6377608776092529,0.0,71
kiwi,0.747225284576416,0.0,114
kiwi,0.4419509470462799,0.0,36
kiwi,0.4444083869457245,0.0,4
kiwi,0.41989651322364807,0.0,255
kiwi,0.2934941053390503,0.0,170
kiwi,0.6728779077529907,0.0,196
kiwi,0.40167146921157837,0.0,254
kiwi,0.3819960057735443,0.0,19
kiwi,0.7923339605331421,0.0,92
kiwi,0.6198613047599792,0.0,211
kiwi,0.18454556167125702,0.0,59
kiwi,0.1869012862443924,0.0,107
kiwi,0.5590051412582397,0.0,89
kiwi,0.3283875286579132,0.0,101
kiwi,0.6207455992698669,0.0,255
kiwi,0.5624393820762634,0.0,33
kiwi,0.37279942631721497,0.0,227
kiwi,0.4580176770687103,0.0,255
kiwi,0.4834533631801605,0.0,209
kiwi,0.37992942333221436,0.0,155
kiwi,0.32553404569625854,0.0,191
kiwi,0.25332218408584595,0.0,42
kiwi,0.46805432438850403,0.0,17
kiwi,0.40483909845352173,0.0,255
kiwi,0.25233834981918335,0.0,98
kiwi,0.28916114568710327,0.0,200
kiwi,0.4552023708820343,0.0,253
kiwi,0.3755333125591278,0.0,123
kiwi,0.31399285793304443,0.0,217
kiwi,0.41532304883003235,0.0,209
kiwi,0.1650885045528412,0.0,41
kiwi,0.24945197999477386,0.0,131
kiwi,0.3011138141155243,0.0,114
kiwi,0.473432332277298,0.0,255
kiwi,0.7128587961196899,0.0,0
kiwi,0.5842804908752441,0.0,203
kiwi,0.38994354009628296,0.0,229
kiwi,0.7955824136734009,0.0,0
kiwi,0.24797974526882172,0.0,139
kiwi,0.28536224365234375,0.0,74
kiwi,0.2422206848859787,0.0,0
kiwi,0.32455170154571533,0.0,254
kiwi,0.800711989402771,0.0,243
kiwi,0.7976348996162415,0.0,188
kiwi,0.41800424456596375,0.0,238
kiwi,0.40105754137039185,0.0,114
kiwi,0.36445489525794983,0.0,54
kiwi,0.9359325766563416,0.0,184
kiwi,0.17090332508087158,0.0,101
kiwi,0.6197694540023804,0.0,104
kiwi,0.2067074179649353,0.0,169
kiwi,0.5349271297454834,0.0,0
kiwi,0.3160075843334198,0.0,0
kiwi,0.3375989496707916,0.0,255
kiwi,0.4253810942173004,0.0,68
kiwi,0.5214073061943054,0.0,138
kiwi,0.3443894684314728,0.0,114
kiwi,0.6178141832351685,0.0,48
kiwi,0.5462379455566406,0.0,150
kiwi,0.7715490460395813,0.0,0
kiwi,0.20552459359169006,0.0,0
kiwi,0.33998653292655945,0.0,245
kiwi,0.8546067476272583,0.0,68
kiwi,0.3180597126483917,0.0,57
kiwi,0.7344691157341003,0.0,196
kiwi,0.4681280851364136,0.0,132
kiwi,0.273784875869751,0.0,0
kiwi,0.3425790071487427,0.0,37
kiwi,0.5105074644088745,0.0,254
kiwi,0.26292577385902405,0.0,54
kiwi,0.3849422037601471,0.0,234
kiwi,0.3176364004611969,0.0,107
kiwi,0.5858323574066162,0.0,242
kiwi,0.44625329971313477,0.0,197
kiwi,0.23502632975578308,0.0,76
kiwi,0.18852266669273376,0.0,205
kiwi,0.44811907410621643,0.0,209
kiwi,0.7721654772758484,0.0,106
kiwi,0.5127161741256714,0.0,139
kiwi,0.3009271025657654,0.0,179
kiwi,0.37600961327552795,0.0,130
kiwi,0.3713148236274719,0.0,250
kiwi,0.5656158924102783,0.0,9
kiwi,0.26708877086639404,0.0,172
kiwi,0.4472346305847168,0.0,203
kiwi,0.3945663273334503,0.0,185
kiwi,0.6693207621574402,0.0,252
kiwi,0.31496554613113403,0.0,101
kiwi,0.3831575810909271,0.0,140
kiwi,0.603168785572052,0.0,250
kiwi,0.5100319385528564,0.0,45
kiwi,0.386135995388031,0.0,207
kiwi,0.721145749092102,0.0,124
kiwi,0.7593076825141907,0.0,202
kiwi,0.21814094483852386,0.0,218
kiwi,0.4142214059829712,0.0,203
kiwi,0.4113522469997406,0.0,55
kiwi,0.44767123460769653,0.0,254
kiwi,0.5018845796585083,0.0,109
kiwi,0.41285574436187744,0.0,131
kiwi,0.4125879108905792,0.0,5
kiwi,0.6899170875549316,0.0,245
kiwi,0.3648838996887207,0.0,116
kiwi,0.2963455617427826,0.0,15
kiwi,0.8272321820259094,0.0,104
kiwi,0.358989953994751,0.0,96
kiwi,0.49929437041282654,0.0,79
kiwi,0.7036256194114685,0.0,0
kiwi,0.8358628749847412,0.0,156
kiwi,0.22046609222888947,0.0,173
kiwi,0.43194815516471863,0.0,97
kiwi,0.807756245136261,0.0,255
kiwi,0.30147433280944824,0.0,135
kiwi,0.3585193157196045,0.0,90
kiwi,0.47181758284568787,0.0,107
kiwi,0.6754253506660461,0.0,27
kiwi,0.45064830780029297,0.0,137
kiwi,0.5028720498085022,0.0,0
kiwi,0.29211074113845825,0.0,209
kiwi,0.2679230570793152,0.0,211
kiwi,0.47308826446533203,0.0,167
kiwi,0.24566082656383514,0.0,92
kiwi,0.2077264040708542,0.0,5
kiwi,0.8066345453262329,0.0,115
kiwi,0.5905542969703674,0.0,154
kiwi,0.7305602431297302,0.0,116
kiwi,0.20798280835151672,0.0,241
kiwi,0.3931383788585663,0.0,19
kiwi,0.5471912026405334,0.0,244
kiwi,0.8315605521202087,0.0,192
kiwi,0.24148720502853394,0.0,84
kiwi,0.3268827199935913,0.0,251
kiwi,0.2890878915786743,0.0,217
kiwi,0.6081891059875488,0.0,160
kiwi,0.44361618161201477,0.0,116
kiwi,0.5256603360176086,0.0,216
kiwi,0.2939090430736542,0.0,172
kiwi,0.3550853431224823,0.0,251
kiwi,0.4363952875137329,0.0,72
kiwi,0.17693115770816803,0.0,171
kiwi,0.3104884922504425,0.0,94
kiwi,0.9234455227851868,0.0,124
kiwi,0.36929893493652344,0.0,94
kiwi,0.4655201733112335,0.0,189
kiwi,0.683683454990387,0.0,252
kiwi,0.6624361872673035,0.0,190
kiwi,0.2824347913265228,0.0,255
kiwi,0.6894922852516174,0.0,84
kiwi,0.3539295792579651,0.0,255
kiwi,0.5815134048461914,0.0,85
kiwi,0.375285804271698,0.0,255
kiwi,0.20857791602611542,0.0,91
kiwi,0.44141891598701477,0.0,255
kiwi,0.16849538683891296,0.0,76
kiwi,0.504982590675354,0.0,0
kiwi,0.3582926392555237,0.0,162
kiwi,0.6838893294334412,0.0,118
kiwi,0.4313127398490906,0.0,6
kiwi,0.4626563489437103,0.0,48
kiwi,0.5240504145622253,0.0,36
kiwi,0.15768590569496155,0.0,147
kiwi,0.14733275771141052,0.0,7
kiwi,0.4938274621963501,0.0,161
kiwi,0.5033571124076843,0.0,50
kiwi,0.5125935077667236,0.0,0
kiwi,0.2942855656147003,0.0,0
kiwi,0.6517303586006165,0.0,198
kiwi,0.6765057444572449,0.0,108
kiwi,0.6800917387008667,0.0,103
kiwi,0.38094210624694824,0.0,58
kiwi,0.2816728949546814,0.0,160
kiwi,0.3951885998249054,0.0,187
kiwi,0.6247078776359558,0.0,7
kiwi,0.6602379679679871,0.0,116
kiwi,0.47242021560668945,0.0,0
kiwi,0.5110737681388855,0.0,130
kiwi,0.44240960478782654,0.0,67
kiwi,0.3110630214214325,0.0,77
kiwi,0.7883596420288086,0.0,142
kiwi,0.44959574937820435,0.0,197
kiwi,0.6402497291564941,0.0,0
kiwi,0.4836287796497345,0.0,222
kiwi,0.6478092670440674,0.0,214
kiwi,0.5907474160194397,0.0,80
kiwi,0.4917117655277252,0.0,49
kiwi,0.1864653080701828,0.0,113
kiwi,0.7960700392723083,0.0,0
kiwi,0.359428733587265,0.0,255
kiwi,0.3556613326072693,0.0,237
kiwi,0.17931300401687622,0.0,195
kiwi,0.5600348711013794,0.0,169
kiwi,0.6664659976959229,0.0,191
kiwi,0.6418456435203552,0.0,122
kiwi,0.5098466277122498,0.0,74
kiwi,0.37708044052124023,0.0,140
kiwi,0.351033091545105,0.0,55
kiwi,0.7408574819564819,0.0,132
kiwi,0.7608456611633301,0.0,197
kiwi,0.3556089997291565,0.0,35
kiwi,0.774245023727417,0.0,226
kiwi,0.256784588098526,0.0,255
kiwi,0.7089267373085022,0.0,211
kiwi,0.45689764618873596,0.0,137
kiwi,0.2974376678466797,0.0,33
kiwi,0.41317734122276306,0.0,78
kiwi,0.3658275604248047,0.0,128
kiwi,0.32752591371536255,0.0,42
kiwi,0.2845211625099182,0.0,76
kiwi,0.33048513531684875,0.0,255
kiwi,0.4078308045864105,0.0,188
kiwi,0.33914220333099365,0.0,0
kiwi,0.22765274345874786,0.0,164
kiwi,0.6777164340019226,0.0,54
kiwi,0.4090835750102997,0.0,0
kiwi,0.307650625705719,0.0,129
kiwi,0.15055300295352936,0.0,254
kiwi,0.6114463806152344,0.0,0
kiwi,0.5244199633598328,0.0,1
kiwi,0.6936503052711487,0.0,197
kiwi,0.36250028014183044,0.0,237
kiwi,0.4355592131614685,0.0,73
kiwi,0.7763929963111877,0.0,135
kiwi,0.45847418904304504,0.0,209
kiwi,0.190665602684021,0.0,247
kiwi,0.6387683153152466,0.0,255
kiwi,0.5873216390609741,0.0,0
kiwi,0.664543092250824,0.0,81
kiwi,0.269803911447525,0.0,236
kiwi,0.43488141894340515,0.0,35
kiwi,0.42520517110824585,0.0,208
kiwi,0.44639497995376587,0.0,230
kiwi,0.6795840859413147,0.0,249
kiwi,0.49158546328544617,0.0,0
kiwi,0.5898945927619934,0.0,218
kiwi,0.5680375099182129,0.0,3
kiwi,0.28099703788757324,0.0,152
kiwi,0.3336643874645233,0.0,237
kiwi,0.48742422461509705,0.0,59
kiwi,0.4314216375350952,0.0,153
kiwi,0.41786694526672363,0.0,88
kiwi,0.23128698766231537,0.0,1
kiwi,0.3620723485946655,0.0,48
kiwi,0.4126816987991333,0.0,0
kiwi,0.6626846790313721,0.0,252
kiwi,0.8615787029266357,0.0,103
kiwi,0.2152041792869568,0.0,255
kiwi,0.3682163655757904,0.0,214
kiwi,0.625328540802002,0.0,53
kiwi,0.3324931561946869,0.0,158
kiwi,0.40704676508903503,0.0,116
kiwi,0.637577474117279,0.0,89
kiwi,0.7044001221656799,0.0,89
kiwi,0.3863743245601654,0.0,128
kiwi,0.34748780727386475,0.0,164
kiwi,0.3259250521659851,0.0,198
kiwi,0.23382560908794403,0.0,209
kiwi,0.6361406445503235,0.0,37
kiwi,0.37644246220588684,0.0,223
kiwi,0.3186512589454651,0.0,217
kiwi,0.583440363407135,0.0,73
kiwi,0.4386487305164337,0.0,119
kiwi,0.3365802764892578,0.0,142
kiwi,0.4270037114620209,0.0,180
kiwi,0.44670799374580383,0.0,254
kiwi,0.24211932718753815,0.0,167
kiwi,0.7873473167419434,0.0,253
kiwi,0.18615232408046722,0.0,156
kiwi,0.22390742599964142,0.0,44
kiwi,0.3750171661376953,0.0,103
kiwi,0.8208640813827515,0.0,209
kiwi,0.18253713846206665,0.0,34
kiwi,0.5515095591545105,0.0,114
kiwi,0.30133485794067383,0.0,110
kiwi,0.33999279141426086,0.0,120
kiwi,0.4561803340911865,0.0,56
kiwi,0.3666423261165619,0.0,181
kiwi,0.27243754267692566,0.0,175
kiwi,0.4132567048072815,0.0,128
kiwi,0.512997031211853,0.0,152
kiwi,0.3254319131374359,0.0,226
kiwi,0.2625364065170288,0.0,7
kiwi,0.14330360293388367,0.0,236
kiwi,0.3535972535610199,0.0,255
kiwi,0.42578428983688354,0.0,108
kiwi,0.5355300903320312,0.0,179
kiwi,0.19834169745445251,0.0,54
kiwi,0.30014678835868835,0.0,255
kiwi,0.45287904143333435,0.0,174
kiwi,0.5095574259757996,0.0,254
kiwi,0.3439611494541168,0.0,155
kiwi,0.3250034749507904,0.0,132
kiwi,0.2638883888721466,0.0,65
kiwi,0.36350205540657043,0.0,247
kiwi,0.38311251997947693,0.0,76
kiwi,0.31378376483917236,0.0,129
kiwi,0.39392244815826416,0.0,127
kiwi,0.41353559494018555,0.0,76
kiwi,0.489557683467865,0.0,52
kiwi,0.7839848399162292,0.0,68
kiwi,0.2619706988334656,0.0,37
kiwi,0.36513179540634155,0.0,76
kiwi,0.5061240196228027,0.0,255
kiwi,0.609610915184021,0.0,75
kiwi,0.6081148982048035,0.0,76
kiwi,0.6157300472259521,0.0,218
kiwi,0.2470187544822693,0.0,98
kiwi,0.2526908218860626,0.0,0
kiwi,0.8141450881958008,0.0,251
kiwi,0.4051404893398285,0.0,2
kiwi,0.3597908616065979,0.0,52
kiwi,0.5476325154304504,0.0,85
kiwi,0.34005793929100037,0.0,36
kiwi,0.39267054200172424,0.0,178
kiwi,0.5028687715530396,0.0,216
apel,0.361498087644577,0.0,75
apel,0.7790632247924805,0.0,11
apel,0.5720925331115723,0.0,1
apel,0.7563633918762207,0.0,255
apel,0.7738572955131531,0.0,9
apel,0.7044302225112915,0.0,255
apel,0.498424232006073,0.0,2
apel,0.7514696717262268,0.0,104
apel,0.8526768684387207,0.0,56
apel,0.7451075315475464,0.0,131
apel,0.6975842118263245,0.0,76
apel,0.8331902623176575,0.0,140
apel,0.8314103484153748,0.0,60
apel,0.6022019386291504,0.0,224
apel,0.7477147579193115,0.0,255
apel,0.3351186513900757,0.0,231
apel,0.22349533438682556,0.0,246
apel,0.7277230024337769,0.0,124
apel,0.41685646772384644,0.0,234
apel,0.4849220812320709,0.0,255
apel,0.7034865021705627,0.0,14
apel,0.3321777880191803,0.0,0
apel,0.36163273453712463,0.0,252
apel,0.6604652404785156,0.0,18
apel,0.40938764810562134,0.0,84
apel,0.7188199758529663,0.0,234
apel,0.3894437551498413,0.0,88
apel,0.5118703246116638,0.0,215
apel,0.81377112865448,0.0,8
apel,0.40199434757232666,0.0,22
apel,0.3100172281265259,0.0,86
apel,0.5009191036224365,0.0,50
apel,0.7448572516441345,0.0,56
apel,0.8614616394042969,0.0,74
apel,0.46380770206451416,0.0,97
apel,0.68535315990448,0.0,251
apel,0.39483317732810974,0.0,29
apel,0.30259764194488525,0.0,103
apel,0.7936643362045288,0.0,139
apel,0.8232478499412537,0.0,107
apel,0.2178444117307663,0.0,255
apel,0.8666478991508484,0.0,75
apel,0.18977561593055725,0.0,8
apel,0.7288358807563782,0.0,255
apel,0.42563459277153015,0.0,115
apel,0.3413484990596771,0.0,234
apel,0.26709413528442383,0.0,235
apel,0.46038615703582764,0.0,255
apel,0.3877395689487457,0.0,146
apel,0.3460388481616974,0.0,146
apel,0.6694183349609375,0.0,238
apel,0.41646647453308105,0.0,52
apel,0.7460249066352844,0.0,109
apel,0.17792187631130219,0.0,39
apel,0.29566022753715515,0.0,75
apel,0.3572729229927063,0.0,7
apel,0.512961745262146,0.0,254
apel,0.19733448326587677,0.0,158
apel,0.7946812510490417,0.0,167
apel,0.4088188111782074,0.0,3
apel,0.8260971307754517,0.0,254
apel,0.39339321851730347,0.0,68
apel,0.3450051546096802,0.0,96
apel,0.785223126411438,0.0,49
apel,0.931061327457428,0.0,188
apel,0.20662546157836914,0.0,2
apel,0.25659075379371643,0.0,19
apel,0.8066272139549255,0.0,56
apel,0.7688184976577759,0.0,103
apel,0.3768494129180908,0.0,82
apel,0.6329490542411804,0.0,247
apel,0.16978490352630615,0.0,180
apel,0.7908709049224854,0.0,172
apel,0.8395723104476929,0.0,110
apel,0.23793333768844604,0.0,255
apel,0.2650398015975952,0.0,75
apel,0.21879301965236664,0.0,12
apel,0.6217527389526367,0.0,123
apel,0.1507907211780548,0.0,24
apel,0.5936530232429504,0.0,201
apel,0.19672545790672302,0.0,211
apel,0.7443386316299438,0.0,255
apel,0.23869240283966064,0.0,80
apel,0.5198289752006531,0.0,92
apel,0.15475408732891083,0.0,255
apel,0.8614810109138489,0.0,55
apel,0.5772011876106262,0.0,211
apel,0.46700629591941833,0.0,55
apel,0.3988718092441559,0.0,37
apel,0.31877174973487854,0.0,169
apel,0.3505033552646637,0.0,224
apel,0.8396128416061401,0.0,207
apel,0.2236117720603943,0.0,255
apel,0.7957354187965393,0.0,227
apel,0.7899971604347229,0.0,183
apel,0.6118499636650085,0.0,166
apel,0.28440526127815247,0.0,69
apel,0.7401717901229858,0.0,0
apel,0.30520790815353394,0.0,1
apel,0.6916168332099915,0.0,182
apel,0.866504967212677,0.0,218
apel,0.7054646015167236,0.0,85
apel,0.16263103485107422,0.0,122
apel,0.36522606015205383,0.0,191
apel,0.8577091693878174,0.0,228
apel,0.1836497038602829,0.0,116
apel,0.16003385186195374,0.0,57
apel,0.5077327489852905,0.0,181
apel,0.6281816959381104,0.0,0
apel,0.4075379967689514,0.0,255
apel,0.36968883872032166,0.0,206
apel,0.1767229288816452,0.0,30
apel,0.46721047163009644,0.0,243
apel,0.2801766097545624,0.0,186
apel,0.675832211971283,0.0,79
apel,0.305912047624588,0.0,8
apel,0.21241027116775513,0.0,75
apel,0.7485558986663818,0.0,255
apel,0.7345831990242004,0.0,13
apel,0.30136606097221375,0.0,247
apel,0.6711479425430298,0.0,149
apel,0.44604969024658203,0.0,84
apel,0.6004257798194885,0.0,44
apel,0.37063392996788025,0.0,192
apel,0.6168848872184753,0.0,0
apel,0.7618656754493713,0.0,34
apel,0.5275941491127014,0.0,176
apel,0.5123624205589294,0.0,122
apel,0.31810837984085083,0.0,118
apel,0.18903416395187378,0.0,28
apel,0.29033324122428894,0.0,159
apel,0.5985302925109863,0.0,192
apel,0.29958614706993103,0.0,110
apel,0.5273265242576599,0.0,174
apel,0.5137262940406799,0.0,255
apel,0.358893483877182,0.0,240
apel,0.8646354675292969,0.0,172
apel,0.3276139199733734,0.0,31
apel,0.3428349494934082,0.0,201
apel,0.24561285972595215,0.0,255
apel,0.28786131739616394,0.0,131
apel,0.48643919825553894,0.0,40
apel,0.07153747230768204,0.0,208
apel,0.5926923155784607,0.0,5
apel,0.22310028970241547,0.0,255
apel,0.44486668705940247,0.0,224
apel,0.5887560844421387,0.0,121
apel,0.18248635530471802,0.0,194
apel,0.47514715790748596,0.0,0
apel,0.3536810278892517,0.0,54
apel,0.4538757801055908,0.0,149
apel,0.3322742283344269,0.0,124
apel,0.41030818223953247,0.0,38
apel,0.15443946421146393,0.0,163
apel,0.35342565178871155,0.0,88
apel,0.48065534234046936,0.0,140
apel,0.34213247895240784,0.0,158
apel,0.3917078673839569,0.0,192
apel,0.4619443118572235,0.0,160
apel,0.161509707570076,0.0,50
apel,0.14267344772815704,0.0,37
apel,0.7975568771362305,0.0,176
apel,0.6255180835723877,0.0,218
apel,0.5336194634437561,0.0,34
apel,0.21647964417934418,0.0,255
apel,0.6699880957603455,0.0,0
apel,0.6478696465492249,0.0,4
apel,0.6427952647209167,0.0,255
apel,0.5063696503639221,0.0,113
apel,0.5978301167488098,0.0,253
apel,0.2437453269958496,0.0,255
apel,0.8075190186500549,0.0,74
apel,0.3415583670139313,0.0,83
apel,0.6719122529029846,0.0,92
apel,0.5275232195854187,0.0,87
apel,0.8321170210838318,0.0,255
apel,0.3046622574329376,0.0,118
apel,0.8583492040634155,0.0,197
apel,0.4865570664405823,0.0,202
apel,0.2093198150396347,0.0,197
apel,0.49556753039360046,0.0,132
apel,0.49149090051651,0.0,44
apel,0.32282304763793945,0.0,29
apel,0.31120070815086365,0.0,85
apel,0.6816654801368713,0.0,160
apel,0.2944224774837494,0.0,90
apel,0.7721503376960754,0.0,94
apel,0.7026147842407227,0.0,162
apel,0.7133734822273254,0.0,210
apel,0.36689192056655884,0.0,156
apel,0.6299102902412415,0.0,135
apel,0.25349628925323486,0.0,104
apel,0.447245329618454,0.0,251
apel,0.37156325578689575,0.0,240
apel,0.853110671043396,0.0,24
apel,0.6363586783409119,0.0,241
apel,0.26259711384773254,0.0,255
apel,0.4267435669898987,0.0,53
apel,0.7012878656387329,0.0,157
apel,0.8218232989311218,0.0,112
apel,0.36113229393959045,0.0,51
apel,0.26431357860565186,0.0,179
apel,0.30047377943992615,0.0,255
apel,0.5557031035423279,0.0,249
apel,0.649896502494812,0.0,200
apel,0.3207058012485504,0.0,94
apel,0.605168879032135,0.0,0
apel,0.16318073868751526,0.0,0
apel,0.6244669556617737,0.0,57
apel,0.21559354662895203,0.0,47
apel,0.7306230664253235,0.0,0
apel,0.8581547737121582,0.0,178
apel,0.2810032069683075,0.0,155
apel,0.6401445269584656,0.0,213
apel,0.8366967439651489,0.0,175
apel,0.2586827278137207,0.0,121
apel,0.24876850843429565,0.0,182
apel,0.375614196062088,0.0,255
apel,0.6921525597572327,0.0,213
apel,0.20868010818958282,0.0,0
apel,0.6562851667404175,0.0,84
apel,0.6852850914001465,0.0,235
apel,0.1732667088508606,0.0,19
apel,0.19128023087978363,0.0,255
apel,0.3907634913921356,0.0,11
apel,0.36198824644088745,0.0,157
apel,0.403163343667984,0.0,92
apel,0.7847864031791687,0.0,86
apel,0.27229902148246765,0.0,59
apel,0.8332792520523071,0.0,214
apel,0.7796107530593872,0.0,251
apel,0.7558096051216125,0.0,55
apel,0.30778267979621887,0.0,41
apel,0.6356960535049438,0.0,107
apel,0.678844690322876,0.0,0
apel,0.30262377858161926,0.0,77
apel,0.3016403317451477,0.0,255
apel,0.21998295187950134,0.0,170
apel,0.7372509241104126,0.0,130
apel,0.2859216332435608,0.0,3
apel,0.7184897065162659,0.0,253
apel,0.7038460373878479,0.0,1
apel,0.6166461706161499,0.0,90
apel,0.6304655075073242,0.0,1
apel,0.3698437511920929,0.0,130
apel,0.32898709177970886,0.0,245
apel,0.36561229825019836,0.0,7
apel,0.2430945187807083,0.0,251
apel,0.6295584440231323,0.0,136
apel,0.8307762742042542,0.0,212
apel,0.2599506080150604,0.0,253
apel,0.5266280174255371,0.0,191
apel,0.3073798418045044,0.0,129
apel,0.49130555987358093,0.0,110
apel,0.31046658754348755,0.0,178
apel,0.7404338121414185,0.0,92
apel,0.31884610652923584,0.0,47
apel,0.14855198562145233,0.0,165
apel,0.5864326357841492,0.0,150
apel,0.17228233814239502,0.0,253
apel,0.21744570136070251,0.0,229
apel,0.25654688477516174,0.0,145
apel,0.2415706068277359,0.0,13
apel,0.4581131637096405,0.0,203
apel,0.6455489993095398,0.0,73
apel,0.39339980483055115,0.0,226
apel,0.0913177877664566,0.0,62
apel,0.5530949234962463,0.0,255
apel,0.1793452650308609,0.0,251
apel,0.125263512134552,0.0,203
apel,0.30395522713661194,0.0,23
apel,0.6185272336006165,0.0,93
apel,0.3514537811279297,0.0,255
apel,0.7779021263122559,0.0,199
apel,0.1555834710597992,0.0,71
apel,0.3032759726047516,0.0,19
apel,0.40786102414131165,0.0,2
apel,0.30322667956352234,0.0,192
apel,0.7807942032814026,0.0,177
apel,0.29315242171287537,0.0,29
apel,0.23916150629520416,0.0,106
apel,0.24196287989616394,0.0,173
apel,0.3705746531486511,0.0,97
apel,0.2436656355857849,0.0,191
apel,0.5982805490493774,0.0,255
apel,0.3216260075569153,0.0,250
apel,0.6112858057022095,0.0,155
apel,0.3773633539676666,0.0,208
apel,0.22129938006401062,0.0,254
apel,0.4707232117652893,0.0,142
apel,0.6560612916946411,0.0,14
apel,0.697413980960846,0.0,0
apel,0.28443729877471924,0.0,244
apel,0.623857319355011,0.0,188
apel,0.2018316686153412,0.0,231
apel,0.6139875650405884,0.0,180
apel,0.5442755818367004,0.0,255
apel,0.7905270457267761,0.0,56
apel,0.23176318407058716,0.0,146
apel,0.4472394585609436,0.0,77
apel,0.2506932020187378,0.0,64
apel,0.7665156126022339,0.0,0
apel,0.2427411824464798,0.0,255
apel,0.21361972391605377,0.0,59
apel,0.30009132623672485,0.0,65
apel,0.49219051003456116,0.0,87
apel,0.7720510363578796,0.0,1
apel,0.5859699845314026,0.0,36
apel,0.3598216772079468,0.0,12
apel,0.2649378478527069,0.0,123
apel,0.24660435318946838,0.0,187
apel,0.24777568876743317,0.0,92
apel,0.698005735874176,0.0,241
apel,0.5342788696289062,0.0,0
apel,0.21411041915416718,0.0,122
apel,0.20322462916374207,0.0,59
apel,0.3160519301891327,0.0,37
apel,0.7023208737373352,0.0,230
apel,0.2802085280418396,0.0,37
apel,0.23680537939071655,0.0,0
apel,0.7325336933135986,0.0,255
apel,0.42298397421836853,0.0,5
apel,0.3847522437572479,0.0,185
apel,0.17800259590148926,0.0,23
apel,0.5512924194335938,0.0,150
apel,0.16231106221675873,0.0,151
apel,0.23383907973766327,0.0,0
apel,0.361682265996933,0.0,133
apel,0.2949908375740051,0.0,0
apel,0.24354888498783112,0.0,0
apel,0.5077469944953918,0.0,21
apel,0.3471966087818146,0.0,227
apel,0.5148638486862183,0.0,94
apel,0.397227942943573,0.0,146
apel,0.642523467540741,0.0,255
apel,0.6530196666717529,0.0,79
apel,0.40594884753227234,0.0,32
apel,0.6978916525840759,0.0,242
apel,0.8237460255622864,0.0,26
apel,0.3012216091156006,0.0,54
apel,0.2688107490539551,0.0,197
apel,0.24608604609966278,0.0,222
apel,0.3086983263492584,0.0,99
apel,0.8583316206932068,0.0,37
apel,0.6580808162689209,0.0,94
apel,0.2919101119041443,0.0,233
apel,0.26687440276145935,0.0,57
apel,0.6202829480171204,0.0,7
apel,0.6549829244613647,0.0,255
apel,0.6400757431983948,0.0,51
apel,0.5512248277664185,0.0,121
apel,0.24411366879940033,0.0,93
apel,0.7787806391716003,0.0,83
apel,0.20071344077587128,0.0,184
apel,0.2059253454208374,0.0,23
apel,0.2510290741920471,0.0,0
apel,0.7401947975158691,0.0,253
apel,0.49529799818992615,0.0,255
apel,0.587906002998352,0.0,0
apel,0.8420292139053345,0.0,234
apel,0.263258695602417,0.0,14
apel,0.349833220243454,0.0,12
apel,0.5233312845230103,0.0,196
apel,0.301987886428833,0.0,211
apel,0.6382482647895813,0.0,92
apel,0.7141384482383728,0.0,123
apel,0.5952974557876587,0.0,187
apel,0.7089013457298279,0.0,91
apel,0.2610468566417694,0.0,255
apel,0.5766156911849976,0.0,145
apel,0.5397714376449585,0.0,12
apel,0.3418838679790497,0.0,116
apel,0.5662697553634644,0.0,30
apel,0.6552892923355103,0.0,140
apel,0.24577972292900085,0.0,136
apel,0.28401437401771545,0.0,44
apel,0.8274427056312561,0.0,251
apel,0.2777027189731598,0.0,113
apel,0.7115498781204224,0.0,41
apel,0.27845045924186707,0.0,255
apel,0.1862701028585434,0.0,210
apel,0.7816181778907776,0.0,155
apel,0.8060395121574402,0.0,0
apel,0.2423068732023239,0.0,2
apel,0.5614450573921204,0.0,74
apel,0.7343053221702576,0.0,230
apel,0.34288331866264343,0.0,216
apel,0.7491016387939453,0.0,77
apel,0.14351502060890198,0.0,215
apel,0.6179624795913696,0.0,172
apel,0.7881637811660767,0.0,226
apel,0.38767555356025696,0.0,168
apel,0.3011525869369507,0.0,236
apel,0.23252858221530914,0.0,59
apel,0.501346230506897,0.0,120
apel,0.2822279930114746,0.0,87
apel,0.6412438750267029,0.0,192
apel,0.14690718054771423,0.0,129
apel,0.5470913648605347,0.0,41
apel,0.49760010838508606,0.0,102
apel,0.8467764854431152,0.0,226
apel,0.18419842422008514,0.0,181
apel,0.4012129008769989,0.0,63
apel,0.1912691742181778,0.0,94
apel,0.5112983584403992,0.0,0
apel,0.2854349911212921,0.0,213
apel,0.2178700715303421,0.0,170
apel,0.23673133552074432,0.0,68
apel,0.316653311252594,0.0,76
apel,0.2313670665025711,0.0,209
apel,0.8436009883880615,0.0,252
apel,0.21433866024017334,0.0,233
apel,0.3541617691516876,0.0,0
apel,0.4035473167896271,0.0,64
apel,0.6529461741447449,0.0,141
apel,0.22869175672531128,0.0,23
apel,0.2631763219833374,0.0,255
apel,0.4062119424343109,0.0,126
apel,0.4630271792411804,0.0,255
apel,0.1945328414440155,0.0,255
apel,0.2750270664691925,0.0,54
apel,0.6048298478126526,0.0,255
apel,0.2689850330352783,0.0,149
apel,0.35307082533836365,0.0,211
apel,0.7781428694725037,0.0,255
apel,0.5241432189941406,0.0,210
apel,0.24176113307476044,0.0,226
apel,0.22363919019699097,0.0,255
apel,0.31834399700164795,0.0,212
apel,0.39349061250686646,0.0,90
apel,0.6128851175308228,0.0,4
apel,0.15182563662528992,0.0,123
apel,0.8254427909851074,0.0,139
apel,0.2903358042240143,0.0,255
apel,0.25022757053375244,0.0,82
apel,0.6537377238273621,0.0,79
apel,0.20540569722652435,0.0,145
apel,0.26015061140060425,0.0,234
apel,0.7631317377090454,0.0,187
apel,0.5938393473625183,0.0,103
apel,0.18168310821056366,0.0,178
apel,0.5358472466468811,0.0,128
apel,0.46874356269836426,0.0,255
apel,0.25919774174690247,0.0,2
apel,0.2673250734806061,0.0,184
apel,0.502298891544342,0.0,255
apel,0.8266744613647461,0.0,120
apel,0.7344595193862915,0.0,107
apel,0.7591731548309326,0.0,177
apel,0.3543228209018707,0.0,255
apel,0.2919173836708069,0.0,4
apel,0.6212137937545776,0.0,196
apel,0.22960925102233887,0.0,255
apel,0.4359676241874695,0.0,116
apel,0.25327178835868835,0.0,15
apel,0.3819626271724701,0.0,188
apel,0.10410776734352112,0.0,155
apel,0.7193670272827148,0.0,103
apel,0.3693280816078186,0.0,55
apel,0.10505539178848267,0.0,249
apel,0.36494362354278564,0.0,0
apel,0.4746664762496948,0.0,255
apel,0.5007524490356445,0.0,253
apel,0.6450533866882324,0.0,20
apel,0.5368306040763855,0.0,254
apel,0.49796825647354126,0.0,101
apel,0.6481698751449585,0.0,12
apel,0.2197265625,0.0,211
apel,0.6277508735656738,0.0,91
apel,0.20622757077217102,0.0,121
apel,0.2616673707962036,0.0,34
apel,0.5216124653816223,0.0,0
apel,0.8539971709251404,0.0,75
apel,0.4994167387485504,0.0,144
apel,0.26730284094810486,0.0,233
apel,0.5207887887954712,0.0,255
apel,0.8122957348823547,0.0,22
apel,0.6056888699531555,0.0,75
apel,0.47758856415748596,0.0,41
apel,0.23658539354801178,0.0,183
apel,0.3714233338832855,0.0,76
apel,0.19056862592697144,0.0,126
apel,0.25591203570365906,0.0,235
apel,0.5061159133911133,0.0,17
apel,0.7232304215431213,0.0,82
apel,0.3182388246059418,0.0,158
apel,0.8317193984985352,0.0,124
apel,0.2287464290857315,0.0,238
apel,0.7662374377250671,0.0,208
apel,0.43897315859794617,0.0,104
apel,0.4691813886165619,0.0,213
apel,0.5216599106788635,0.0,9
apel,0.46294453740119934,0.0,255
apel,0.2496219277381897,0.0,57
apel,0.3315452039241791,0.0,205
apel,0.4475729167461395,0.0,254
apel,0.3341143727302551,0.0,189
apel,0.7089945673942566,0.0,35
apel,0.3213554322719574,0.0,66
apel,0.795464038848877,0.0,175
apel,0.43142229318618774,0.0,55
apel,0.32009392976760864,0.0,52
apel,0.31950628757476807,0.0,77
apel,0.15079855918884277,0.0,255
apel,0.42166242003440857,0.0,45
apel,0.2259257584810257,0.0,14
apel,0.23348674178123474,0.0,228
apel,0.8276724815368652,0.0,150
apel,0.7671051621437073,0.0,0
apel,0.23657852411270142,0.0,59
apel,0.16143515706062317,0.0,49
apel,0.26353684067726135,0.0,82
apel,0.2261996567249298,0.0,238
apel,0.5428467988967896,0.0,5
apel,0.770227313041687,0.0,8
apel,0.3563418388366699,0.0,254
apel,0.2592045068740845,0.0,0
apel,0.35830479860305786,0.0,231
apel,0.8529815673828125,0.0,229
apel,0.19385415315628052,0.0,227
apel,0.6387625336647034,0.0,17
apel,0.8369383215904236,0.0,147
apel,0.687092661857605,0.0,208
apel,0.34944260120391846,0.0,19
apel,0.7057625651359558,0.0,90
apel,0.38499680161476135,0.0,74
apel,0.11550091207027435,0.0,49
apel,0.3012096881866455,0.0,150
apel,0.6727316975593567,0.0,249
apel,0.2241019904613495,0.0,92
apel,0.21205870807170868,0.0,254
apel,0.15445025265216827,0.0,88
apel,0.19845648109912872,0.0,47
apel,0.7541722059249878,0.0,254
apel,0.7370771765708923,0.0,0
apel,0.5478506684303284,0.0,21
apel,0.4755677580833435,0.0,97
apel,0.3676392138004303,0.0,149
apel,0.14259493350982666,0.0,204
apel,0.31235095858573914,0.0,28
apel,0.2109338343143463,0.0,255
apel,0.26356664299964905,0.0,196
apel,0.41487303376197815,0.0,255
apel,0.3043990731239319,0.0,255
apel,0.5892903804779053,0.0,88
apel,0.5633900165557861,0.0,16
apel,0.23900489509105682,0.0,208
apel,0.28008466958999634,0.0,255
apel,0.39148709177970886,0.0,0
apel,0.7467809915542603,0.0,206
apel,0.6594883799552917,0.0,0
apel,0.7994964718818665,0.0,218
apel,0.3148755133152008,0.0,175
apel,0.7919732332229614,0.0,0
apel,0.6512766480445862,0.0,0
apel,0.19215744733810425,0.0,252
apel,0.37203723192214966,0.0,73
apel,0.6349915862083435,0.0,200
apel,0.7471519112586975,0.0,225
apel,0.8101335167884827,0.0,160
apel,0.4218893051147461,0.0,255
apel,0.2615808844566345,0.0,106
apel,0.24577012658119202,0.0,98
apel,0.5208438634872437,0.0,0
apel,0.38881754875183105,0.0,0
apel,0.6816314458847046,0.0,115
apel,0.5071670413017273,0.0,81
apel,0.1772223263978958,0.0,204
apel,0.5822522044181824,0.0,56
apel,0.6007383465766907,0.0,249
apel,0.3346986174583435,0.0,89
apel,0.3426995277404785,0.0,46
apel,0.8169196248054504,0.0,221
apel,0.5452157258987427,0.0,105
apel,0.1758458912372589,0.0,253
apel,0.40378233790397644,0.0,238
apel,0.17691774666309357,0.0,252
apel,0.7343475222587585,0.0,40
apel,0.3409355580806732,0.0,90
apel,0.5890734195709229,0.0,255
apel,0.3527801036834717,0.0,250
apel,0.39489319920539856,0.0,209
apel,0.5867911577224731,0.0,60
apel,0.8195212483406067,0.0,94
apel,0.6494949460029602,0.0,171
apel,0.3264714181423187,0.0,47
apel,0.2905580401420593,0.0,175
wortel,0.37435460090637207,0.0,206
wortel,0.7209912538528442,0.0,255
wortel,0.3549842834472656,0.0,131
wortel,0.3547789752483368,0.0,70
wortel,0.9303454756736755,0.0,66
wortel,0.9026225805282593,0.0,227
wortel,0.87408447265625,0.0,1
wortel,0.4294582009315491,0.0,187
wortel,0.3836551308631897,0.0,23
wortel,0.6242640614509583,0.0,255
wortel,0.2691454589366913,0.0,75
wortel,0.8994424939155579,0.0,203
wortel,0.8207666873931885,0.0,228
wortel,0.9191209673881531,0.0,148
wortel,0.3532143831253052,0.0,193
wortel,0.9651501774787903,0.0,185
wortel,0.8933588266372681,0.0,81
wortel,0.3394818902015686,0.0,36
wortel,0.4808603823184967,0.0,255
wortel,0.43061375617980957,0.0,141
wortel,0.5851072072982788,0.0,66
wortel,0.6591053605079651,0.0,80
wortel,0.8757265210151672,0.0,184
wortel,0.3551201820373535,0.0,4
wortel,0.34210556745529175,0.0,181
wortel,0.8760430216789246,0.0,129
wortel,0.2967415452003479,0.0,103
wortel,0.37960582971572876,0.0,229
wortel,0.8257220983505249,0.0,0
wortel,0.937770426273346,0.0,255
wortel,0.9165998101234436,0.0,71
wortel,0.4830687642097473,0.0,144
wortel,0.8486637473106384,0.0,228
wortel,0.9429435729980469,0.0,5
wortel,0.8818550109863281,0.0,24
wortel,0.9034975171089172,0.0,255
wortel,0.37101316452026367,0.0,110
wortel,0.8762943148612976,0.0,0
wortel,0.4156816303730011,0.0,104
wortel,0.8827139139175415,0.0,136
wortel,0.4245300889015198,0.0,32
wortel,0.894068717956543,0.0,126
wortel,0.4826667904853821,0.0,199
wortel,0.4307233393192291,0.0,17
wortel,0.24436110258102417,0.0,182
wortel,0.5390557646751404,0.0,253
wortel,0.5301142334938049,0.0,124
wortel,0.5130040645599365,0.0,141
wortel,0.5278979539871216,0.0,164
wortel,0.8057196736335754,0.0,16
wortel,0.7983304858207703,0.0,0
wortel,0.40636634826660156,0.0,68
wortel,0.3818683624267578,0.0,240
wortel,0.48715463280677795,0.0,178
wortel,0.47322794795036316,0.0,135
wortel,0.4426671862602234,0.0,31
wortel,0.9045159220695496,0.0,0
wortel,0.42117536067962646,0.0,132
wortel,0.39170679450035095,0.0,122
wortel,0.8647547960281372,0.0,104
wortel,0.5594296455383301,0.0,233
wortel,0.8426443934440613,0.0,120
wortel,0.35020720958709717,0.0,91
wortel,0.49626651406288147,0.0,103
wortel,0.8895323872566223,0.0,132
wortel,0.4828423261642456,0.0,13
wortel,0.9195811152458191,0.0,255
wortel,0.8692501783370972,0.0,141
wortel,0.44212430715560913,0.0,188
wortel,0.2953718602657318,0.0,127
wortel,0.4789937436580658,0.0,255
wortel,0.33000412583351135,0.0,10
wortel,0.6229602098464966,0.0,164
wortel,0.3632340431213379,0.0,209
wortel,0.4134376645088196,0.0,225
wortel,0.4036964774131775,0.0,0
wortel,0.9338167905807495,0.0,59
wortel,0.8584263324737549,0.0,15
wortel,0.1917223185300827,0.0,119
wortel,0.4726886749267578,0.0,255
wortel,0.721521258354187,0.0,249
wortel,0.6946341395378113,0.0,88
wortel,0.27329257130622864,0.0,0
wortel,0.27709850668907166,0.0,97
wortel,0.4856560528278351,0.0,100
wortel,0.30595964193344116,0.0,0
wortel,0.36641934514045715,0.0,166
wortel,0.20609714090824127,0.0,40
wortel,0.4708438813686371,0.0,184
wortel,0.18543148040771484,0.0,49
wortel,0.7142171263694763,0.0,113
wortel,0.6832926869392395,0.0,253
wortel,0.830802321434021,0.0,245
wortel,0.47691309452056885,0.0,255
wortel,0.21546043455600739,0.0,54
wortel,0.45815563201904297,0.0,0
wortel,0.3567097783088684,0.0,73
wortel,0.3141021728515625,0.0,255
wortel,0.9007124304771423,0.0,29
wortel,0.42912060022354126,0.0,0
wortel,0.411094605922699,0.0,89
wortel,0.6997233629226685,0.0,192
wortel,0.4914037883281708,0.0,130
wortel,0.4465997517108917,0.0,0
wortel,0.41548091173171997,0.0,242
wortel,0.4181065857410431,0.0,253
wortel,0.3228181302547455,0.0,0
wortel,0.36780497431755066,0.0,255
wortel,0.48387202620506287,0.0,255
wortel,0.3806041181087494,0.0,166
wortel,0.3004534840583801,0.0,99
wortel,0.27895238995552063,0.0,96
wortel,0.8943184614181519,0.0,111
wortel,0.2121521234512329,0.0,255
wortel,0.2986966073513031,0.0,177
wortel,0.388938844203949,0.0,119
wortel,0.28114911913871765,0.0,135
wortel,0.39334622025489807,0.0,191
wortel,0.33133211731910706,0.0,246
wortel,0.36395663022994995,0.0,226
wortel,0.891331672668457,0.0,254
wortel,0.4201851785182953,0.0,92
wortel,0.5307360291481018,0.0,82
wortel,0.5427883863449097,0.0,255
wortel,0.19534848630428314,0.0,104
wortel,0.7184569835662842,0.0,185
wortel,0.9026870131492615,0.0,1
wortel,0.48317795991897583,0.0,149
wortel,0.6844789385795593,0.0,67
wortel,0.4590871334075928,0.0,92
wortel,0.489204466342926,0.0,252
wortel,0.3307352662086487,0.0,253
wortel,0.2079375684261322,0.0,89
wortel,0.34961941838264465,0.0,255
wortel,0.3482542932033539,0.0,182
wortel,0.9272178411483765,0.0,255
wortel,0.8516273498535156,0.0,67
wortel,0.3633662462234497,0.0,138
wortel,0.3950881063938141,0.0,253
wortel,0.3464575409889221,0.0,128
wortel,0.5048189759254456,0.0,19
wortel,0.5478630065917969,0.0,93
wortel,0.44937244057655334,0.0,162
wortel,0.7545384764671326,0.0,170
wortel,0.4499349892139435,0.0,234
wortel,0.35343408584594727,0.0,0
wortel,0.26037368178367615,0.0,156
wortel,0.21463274955749512,0.0,122
wortel,0.3872230350971222,0.0,208
wortel,0.24727745354175568,0.0,207
wortel,0.6836616396903992,0.0,126
wortel,0.8776609301567078,0.0,130
wortel,0.5676328539848328,0.0,254
wortel,0.6817616820335388,0.0,97
wortel,0.5775882601737976,0.0,255
wortel,0.6831265091896057,0.0,198
wortel,0.21844282746315002,0.0,173
wortel,0.463562935590744,0.0,22
wortel,0.27032771706581116,0.0,229
wortel,0.2599794268608093,0.0,76
wortel,0.27482014894485474,0.0,0
wortel,0.8064934015274048,0.0,121
wortel,0.7536225318908691,0.0,102
wortel,0.4797191023826599,0.0,50
wortel,0.7834092378616333,0.0,35
wortel,0.4351976215839386,0.0,0
wortel,0.32490071654319763,0.0,216
wortel,0.4450848698616028,0.0,101
wortel,0.7545431852340698,0.0,211
wortel,0.3905879557132721,0.0,31
wortel,0.4498908221721649,0.0,199
wortel,0.3388652801513672,0.0,252
wortel,0.828495442867279,0.0,14
wortel,0.5827566981315613,0.0,211
wortel,0.625522255897522,0.0,0
wortel,0.2999200224876404,0.0,100
wortel,0.6395314931869507,0.0,176
wortel,0.4599002003669739,0.0,250
wortel,0.8782657980918884,0.0,152
wortel,0.42646756768226624,0.0,29
wortel,0.9254465699195862,0.0,86
wortel,0.437885046005249,0.0,39
wortel,0.6203528046607971,0.0,140
wortel,0.47818896174430847,0.0,4
wortel,0.4741957187652588,0.0,159
wortel,0.4853055775165558,0.0,0
wortel,0.6431078910827637,0.0,117
wortel,0.9072380661964417,0.0,191
wortel,0.393655002117157,0.0,3
wortel,0.2747160792350769,0.0,45
wortel,0.7078331112861633,0.0,135
wortel,0.7746691703796387,0.0,225
wortel,0.23046594858169556,0.0,206
wortel,0.5786718130111694,0.0,255
wortel,0.4924510419368744,0.0,158
wortel,0.40117505192756653,0.0,170
wortel,0.3902859091758728,0.0,158
wortel,0.8091506958007812,0.0,9
wortel,0.7106302380561829,0.0,0
wortel,0.38336554169654846,0.0,75
wortel,0.7539905309677124,0.0,93
wortel,0.4405561089515686,0.0,104
wortel,0.29125526547431946,0.0,26
wortel,0.5354130268096924,0.0,109
wortel,0.31820523738861084,0.0,26
wortel,0.4439477324485779,0.0,168
wortel,0.2794376313686371,0.0,255
wortel,0.5545462965965271,0.0,203
wortel,0.8347172141075134,0.0,246
wortel,0.7330421209335327,0.0,110
wortel,0.1915482133626938,0.0,28
wortel,0.44107672572135925,0.0,122
wortel,0.22975659370422363,0.0,141
wortel,0.30071160197257996,0.0,252
wortel,0.49190813302993774,0.0,110
wortel,0.8466455936431885,0.0,9
wortel,0.8335123658180237,0.0,252
wortel,0.8593717813491821,0.0,96
wortel,0.34734639525413513,0.0,8
wortel,0.5512438416481018,0.0,213
wortel,0.40172985196113586,0.0,112
wortel,0.3078221082687378,0.0,204
wortel,0.18507088720798492,0.0,1
wortel,0.6173067688941956,0.0,171
wortel,0.22765256464481354,0.0,158
wortel,0.3756765127182007,0.0,253
wortel,0.5643838047981262,0.0,204
wortel,0.8879219889640808,0.0,222
wortel,0.23997332155704498,0.0,77
wortel,0.4338158071041107,0.0,58
wortel,0.857570469379425,0.0,98
wortel,0.44325411319732666,0.0,255
wortel,0.4486921727657318,0.0,137
wortel,0.6599687337875366,0.0,40
wortel,0.4168534576892853,0.0,255
wortel,0.9538661241531372,0.0,254
wortel,0.22178852558135986,0.0,88
wortel,0.6957820653915405,0.0,21
wortel,0.9315491914749146,0.0,0
wortel,0.4316244125366211,0.0,87
wortel,0.3425575792789459,0.0,32
wortel,0.5462917685508728,0.0,201
wortel,0.8417137265205383,0.0,217
wortel,0.726250946521759,0.0,163
wortel,0.8494467735290527,0.0,243
wortel,0.462924063205719,0.0,255
wortel,0.3397517204284668,0.0,2
wortel,0.35974016785621643,0.0,92
wortel,0.4644668996334076,0.0,0
wortel,0.44904592633247375,0.0,127
wortel,0.2573428750038147,0.0,253
wortel,0.4035795331001282,0.0,17
wortel,0.37674474716186523,0.0,193
wortel,0.294150173664093,0.0,121
wortel,0.8835871815681458,0.0,38
wortel,0.8940849304199219,0.0,125
wortel,0.8006179332733154,0.0,183
wortel,0.3061807453632355,0.0,137
wortel,0.8964160680770874,0.0,255
wortel,0.5366020202636719,0.0,225
wortel,0.9299625754356384,0.0,162
wortel,0.4391496181488037,0.0,229
wortel,0.573158860206604,0.0,1
wortel,0.31376972794532776,0.0,138
wortel,0.5441092848777771,0.0,170
wortel,0.5117129683494568,0.0,209
wortel,0.39132365584373474,0.0,106
wortel,0.32544657588005066,0.0,226
wortel,0.6129042506217957,0.0,54
wortel,0.9301719665527344,0.0,0
wortel,0.6977301239967346,0.0,255
wortel,0.437652587890625,0.0,130
wortel,0.2442154884338379,0.0,251
wortel,0.31831228733062744,0.0,250
wortel,0.44574281573295593,0.0,255
wortel,0.3816230297088623,0.0,208
wortel,0.7926183938980103,0.0,198
wortel,0.8335357308387756,0.0,164
wortel,0.17822417616844177,0.0,160
wortel,0.47136834263801575,0.0,208
wortel,0.35674116015434265,0.0,255
wortel,0.3974066376686096,0.0,54
wortel,0.39589619636535645,0.0,252
wortel,0.9323604702949524,0.0,163
wortel,0.3077138364315033,0.0,0
wortel,0.6700068116188049,0.0,42
wortel,0.48489633202552795,0.0,118
wortel,0.522813618183136,0.0,47
wortel,0.4880591630935669,0.0,206
wortel,0.24032777547836304,0.0,50
wortel,0.3564746379852295,0.0,83
wortel,0.4009326994419098,0.0,18
wortel,0.45905688405036926,0.0,206
wortel,0.30740657448768616,0.0,2
wortel,0.4461638331413269,0.0,208
wortel,0.7304313778877258,0.0,6
wortel,0.8587455153465271,0.0,255
wortel,0.4939402937889099,0.0,213
wortel,0.9311593770980835,0.0,254
wortel,0.9224700927734375,0.0,166
wortel,0.42526522278785706,0.0,28
wortel,0.6860237121582031,0.0,0
wortel,0.3377782106399536,0.0,48
wortel,0.4468761682510376,0.0,252
wortel,0.7564977407455444,0.0,0
wortel,0.27535930275917053,0.0,255
wortel,0.29858043789863586,0.0,145
wortel,0.3708791732788086,0.0,226
wortel,0.28543803095817566,0.0,236
wortel,0.7712161540985107,0.0,155
wortel,0.4491572380065918,0.0,207
wortel,0.2792036831378937,0.0,178
wortel,0.451645165681839,0.0,255
wortel,0.8648497462272644,0.0,213
wortel,0.3692359924316406,0.0,39
wortel,0.7660472393035889,0.0,0
wortel,0.40492376685142517,0.0,65
wortel,0.3065112233161926,0.0,66
wortel,0.2669025659561157,0.0,255
wortel,0.157423734664917,0.0,186
wortel,0.910758912563324,0.0,47
wortel,0.254495769739151,0.0,37
wortel,0.44215378165245056,0.0,108
wortel,0.9006075859069824,0.0,37
wortel,0.4852830469608307,0.0,255
wortel,0.5335358381271362,0.0,109
wortel,0.5411555171012878,0.0,255
wortel,0.5482664108276367,0.0,31
wortel,0.8595905303955078,0.0,215
wortel,0.2328270673751831,0.0,250
wortel,0.3351200520992279,0.0,99
wortel,0.24853211641311646,0.0,169
wortel,0.19675497710704803,0.0,195
wortel,0.29248592257499695,0.0,243
wortel,0.5043995380401611,0.0,202
wortel,0.6775434613227844,0.0,209
wortel,0.8971725702285767,0.0,88
wortel,0.362413614988327,0.0,250
wortel,0.3896574378013611,0.0,209
wortel,0.3588729202747345,0.0,175
wortel,0.32994022965431213,0.0,37
wortel,0.3465328514575958,0.0,8
wortel,0.20845267176628113,0.0,175
wortel,0.37281903624534607,0.0,255
wortel,0.37353524565696716,0.0,95
wortel,0.19710779190063477,0.0,108
wortel,0.3258516788482666,0.0,183
wortel,0.20726129412651062,0.0,255
wortel,0.5841954946517944,0.0,236
wortel,0.298917293548584,0.0,40
wortel,0.23588237166404724,0.0,207
wortel,0.4663374125957489,0.0,66
wortel,0.3562881648540497,0.0,166
wortel,0.498078316450119,0.0,176
wortel,0.3199445605278015,0.0,223
wortel,0.33574187755584717,0.0,83
wortel,0.6246998906135559,0.0,170
wortel,0.2978101372718811,0.0,40
wortel,0.43071284890174866,0.0,112
wortel,0.7786619663238525,0.0,131
wortel,0.1940324753522873,0.0,1
wortel,0.21678069233894348,0.0,255
wortel,0.2790117561817169,0.0,83
wortel,0.4100911319255829,0.0,148
wortel,0.8092092275619507,0.0,14
wortel,0.24705365300178528,0.0,112
wortel,0.6862702965736389,0.0,158
wortel,0.31332075595855713,0.0,14
wortel,0.3873436450958252,0.0,28
wortel,0.6456413269042969,0.0,0
wortel,0.2422657459974289,0.0,98
wortel,0.3711395859718323,0.0,139
wortel,0.44001778960227966,0.0,130
wortel,0.30519548058509827,0.0,216
wortel,0.22197045385837555,0.0,12
wortel,0.9048203229904175,0.0,255
wortel,0.3045075535774231,0.0,14
wortel,0.4320291578769684,0.0,55
wortel,0.4164482057094574,0.0,49
wortel,0.3810218870639801,0.0,147
wortel,0.8427237272262573,0.0,157
wortel,0.5367044806480408,0.0,135
wortel,0.4748542904853821,0.0,252
wortel,0.3465754985809326,0.0,218
wortel,0.472821980714798,0.0,255
wortel,0.6263982057571411,0.0,163
wortel,0.286017507314682,0.0,16
wortel,0.6385042667388916,0.0,204
wortel,0.360138475894928,0.0,253
wortel,0.5287618041038513,0.0,132
wortel,0.3285689651966095,0.0,255
wortel,0.4407632648944855,0.0,255
wortel,0.280723512172699,0.0,255
wortel,0.3134852647781372,0.0,76
wortel,0.289310097694397,0.0,83
wortel,0.7744598388671875,0.0,17
wortel,0.47189849615097046,0.0,67
wortel,0.2984786927700043,0.0,255
wortel,0.3118223547935486,0.0,0
wortel,0.29855307936668396,0.0,252
wortel,0.9026455879211426,0.0,167
wortel,0.29375508427619934,0.0,250
wortel,0.35379600524902344,0.0,0
wortel,0.31681904196739197,0.0,2
wortel,0.33064383268356323,0.0,0
wortel,0.8850027322769165,0.0,116
wortel,0.4807214140892029,0.0,55
wortel,0.7694736123085022,0.0,90
wortel,0.28906795382499695,0.0,175
wortel,0.27772241830825806,0.0,186
wortel,0.736819863319397,0.0,128
wortel,0.4341847598552704,0.0,95
wortel,0.7274466753005981,0.0,87
wortel,0.6277581453323364,0.0,215
wortel,0.4641869366168976,0.0,2
wortel,0.7639085650444031,0.0,254
wortel,0.3426235616207123,0.0,180
wortel,0.9273964166641235,0.0,121
wortel,0.4424879252910614,0.0,46
wortel,0.6165820956230164,0.0,78
wortel,0.44083160161972046,0.0,39
wortel,0.8934484124183655,0.0,8
wortel,0.2939092814922333,0.0,238
wortel,0.2728530168533325,0.0,108
wortel,0.6033618450164795,0.0,214
wortel,0.43204885721206665,0.0,234
wortel,0.4540010392665863,0.0,145
wortel,0.7035189270973206,0.0,255
wortel,0.4037121534347534,0.0,249
wortel,0.560944676399231,0.0,5
wortel,0.7275983095169067,0.0,86
wortel,0.4451136291027069,0.0,0
wortel,0.35330671072006226,0.0,85
wortel,0.3854351043701172,0.0,0
wortel,0.5516194701194763,0.0,170
wortel,0.6150116920471191,0.0,232
wortel,0.3763565719127655,0.0,255
wortel,0.22630564868450165,0.0,88
wortel,0.41046270728111267,0.0,255
wortel,0.7114704847335815,0.0,100
wortel,0.9048575162887573,0.0,181
wortel,0.3575459420681,0.0,255
wortel,0.40702754259109497,0.0,143
wortel,0.4226398468017578,0.0,206
wortel,0.6202067732810974,0.0,51
wortel,0.34845200181007385,0.0,255
wortel,0.4071023166179657,0.0,193
wortel,0.3839251697063446,0.0,53
wortel,0.3343164920806885,0.0,150
wortel,0.9351770281791687,0.0,145
wortel,0.4257029891014099,0.0,132
wortel,0.6897810101509094,0.0,0
wortel,0.17658032476902008,0.0,228
wortel,0.2987048923969269,0.0,1
wortel,0.31403619050979614,0.0,130
wortel,0.48199141025543213,0.0,19
wortel,0.291860431432724,0.0,0
wortel,0.4044136106967926,0.0,232
wortel,0.8995674848556519,0.0,211
wortel,0.5060745477676392,0.0,48
wortel,0.5248738527297974,0.0,126
wortel,0.49538275599479675,0.0,103
wortel,0.24268949031829834,0.0,80
wortel,0.5686922669410706,0.0,123
wortel,0.909421443939209,0.0,92
wortel,0.1929696947336197,0.0,0
wortel,0.385422945022583,0.0,196
wortel,0.4541805684566498,0.0,122
wortel,0.28382399678230286,0.0,91
wortel,0.40854600071907043,0.0,211
wortel,0.9298900961875916,0.0,0
wortel,0.13754883408546448,0.0,113
wortel,0.49428585171699524,0.0,79
wortel,0.6600567102432251,0.0,116
wortel,0.9687216877937317,0.0,111
wortel,0.4661684036254883,0.0,0
wortel,0.22256654500961304,0.0,64
wortel,0.885441243648529,0.0,104
wortel,0.40487566590309143,0.0,175
wortel,0.4362013339996338,0.0,165
wortel,0.9051609039306641,0.0,136
wortel,0.7039920091629028,0.0,118
wortel,0.8812894225120544,0.0,238
wortel,0.342385858297348,0.0,135
wortel,0.5217496752738953,0.0,255
wortel,0.30906060338020325,0.0,205
wortel,0.42243632674217224,0.0,0
wortel,0.9036805033683777,0.0,174
wortel,0.506945788860321,0.0,0
wortel,0.47738122940063477,0.0,255
wortel,0.3115437626838684,0.0,39
wortel,0.40158963203430176,0.0,255
wortel,0.43844714760780334,0.0,255
wortel,0.3000558912754059,0.0,97
wortel,0.6103842854499817,0.0,36
wortel,0.9044675230979919,0.0,134
wortel,0.4972524344921112,0.0,3
wortel,0.25126999616622925,0.0,132
wortel,0.38761085271835327,0.0,3
wortel,0.9186310768127441,0.0,42
wortel,0.18813078105449677,0.0,122
wortel,0.4668944478034973,0.0,141
wortel,0.4011252224445343,0.0,70
wortel,0.30950573086738586,0.0,204
wortel,0.9193609356880188,0.0,247
wortel,0.5172368288040161,0.0,41
wortel,0.588014543056488,0.0,188
wortel,0.4564321041107178,0.0,0
wortel,0.29890790581703186,0.0,139
wortel,0.3779502511024475,0.0,158
wortel,0.8543626070022583,0.0,255
wortel,0.2993766665458679,0.0,29
wortel,0.5897309184074402,0.0,255
wortel,0.4732762575149536,0.0,48
wortel,0.8118547797203064,0.0,254
wortel,0.4885046184062958,0.0,0
wortel,0.32890355587005615,0.0,227
wortel,0.9070368409156799,0.0,255
wortel,0.5294751524925232,0.0,253
wortel,0.7938080430030823,0.0,251
wortel,0.2806374430656433,0.0,57
wortel,0.3500126898288727,0.0,113
wortel,0.9087684154510498,0.0,211
wortel,0.301590234041214,0.0,211
wortel,0.3345598876476288,0.0,142
wortel,0.4484172463417053,0.0,4
wortel,0.3844139575958252,0.0,255
wortel,0.25895366072654724,0.0,88
wortel,0.9264317750930786,0.0,191
wortel,0.32629504799842834,0.0,169
wortel,0.4983842670917511,0.0,85
wortel,0.6349852681159973,0.0,45
wortel,0.8892295956611633,0.0,0
wortel,0.4014907777309418,0.0,0
wortel,0.2936055064201355,0.0,49
wortel,0.8300516605377197,0.0,116
wortel,0.4058229923248291,0.0,226
wortel,0.4139328598976135,0.0,45
wortel,0.8298560380935669,0.0,154
wortel,0.8359258770942688,0.0,216
wortel,0.6034696698188782,0.0,97
wortel,0.6623266935348511,0.0,203
wortel,0.713404655456543,0.0,205
wortel,0.8152104020118713,0.0,174
wortel,0.6634358167648315,0.0,253
wortel,0.5334518551826477,0.0,121
wortel,0.21662656962871552,0.0,135
wortel,0.4979885518550873,0.0,74
wortel,0.448197603225708,0.0,250
wortel,0.49050211906433105,0.0,47
wortel,0.36820149421691895,0.0,79
wortel,0.1706032007932663,0.0,165
wortel,0.5718299150466919,0.0,25
wortel,0.8274000287055969,0.0,196
wortel,0.2138090580701828,0.0,229
wortel,0.25861862301826477,0.0,192
wortel,0.31884366273880005,0.0,0
wortel,0.4270995557308197,0.0,225
wortel,0.40421566367149353,0.0,32
wortel,0.38901248574256897,0.0,79
wortel,0.2643018066883087,0.0,37
wortel,0.36210355162620544,0.0,104
wortel,0.25858575105667114,0.0,255
wortel,0.42981207370758057,0.0,32
wortel,0.8928321003913879,0.0,32
wortel,0.6075836420059204,0.0,42
wortel,0.34306105971336365,0.0,138
wortel,0.331367164850235,0.0,255
wortel,0.631558358669281,0.0,183
wortel,0.5052371621131897,0.0,255
wortel,0.34102582931518555,0.0,104
wortel,0.3820413053035736,0.0,42
wortel,0.23842988908290863,0.0,137
wortel,0.6823938488960266,0.0,236
wortel,0.35570454597473145,0.0,211
wortel,0.5313490629196167,0.0,24
wortel,0.4293854236602783,0.0,211
wortel,0.2762901484966278,0.0,254
wortel,0.38439932465553284,0.0,50
wortel,0.9689418077468872,0.0,174
wortel,0.3647596538066864,0.0,255
wortel,0.9039022326469421,0.0,155
wortel,0.9223083853721619,0.0,129
wortel,0.22373469173908234,0.0,55
wortel,0.3345991373062134,0.0,83
wortel,0.44061189889907837,0.0,168
wortel,0.5836125612258911,0.0,91
udang,0.6218785047531128,0.0,141
udang,0.8361157774925232,0.0,141
udang,0.6150089502334595,0.0,98
udang,0.8358248472213745,0.0,201
udang,0.4480222761631012,0.0,199
udang,0.9397181272506714,0.0,2
udang,0.6246036291122437,0.0,72
udang,0.39751705527305603,0.0,92
udang,0.6591588258743286,0.0,252
udang,0.6394137740135193,0.0,219
udang,0.5719758868217468,0.0,58
udang,0.32825952768325806,0.0,203
udang,0.3467189371585846,0.0,211
udang,0.460906982421875,0.0,255
udang,0.5291730165481567,0.0,181
udang,0.9323985576629639,0.0,202
udang,0.6291728615760803,0.0,250
udang,0.8960957527160645,0.0,80
udang,0.7132837176322937,0.0,148
udang,0.928837239742279,0.0,200
udang,0.4142010807991028,0.0,214
udang,0.3516332805156708,0.0,148
udang,0.597840428352356,0.0,60
udang,0.7620990872383118,0.0,255
udang,0.3894634544849396,0.0,200
udang,0.39337560534477234,0.0,250
udang,0.6966326236724854,0.0,37
udang,0.9201539754867554,0.0,177
udang,0.3403499722480774,0.0,102
udang,0.8115084767341614,0.0,255
udang,0.4819492697715759,0.0,6
udang,0.46513959765434265,0.0,140
udang,0.8445233702659607,0.0,251
udang,0.6169118285179138,0.0,0
udang,0.6281700134277344,0.0,18
udang,0.3527628481388092,0.0,208
udang,0.9364776611328125,0.0,132
udang,0.9507786631584167,0.0,255
udang,0.35977697372436523,0.0,3
udang,0.34622281789779663,0.0,36
udang,0.40670156478881836,0.0,225
udang,0.5969023704528809,0.0,226
udang,0.6168472170829773,0.0,147
udang,0.4389389455318451,0.0,0
udang,0.8314387798309326,0.0,25
udang,0.6892123818397522,0.0,4
udang,0.4566543996334076,0.0,29
udang,0.7694719433784485,0.0,205
udang,0.9657808542251587,0.0,255
udang,0.5265417098999023,0.0,210
udang,0.42003682255744934,0.0,190
udang,0.5851583480834961,0.0,180
udang,0.7793678045272827,0.0,167
udang,0.29812270402908325,0.0,246
udang,0.9546921849250793,0.0,151
udang,0.6989181041717529,0.0,36
udang,0.7073782682418823,0.0,227
udang,0.6301141977310181,0.0,129
udang,0.4291420578956604,0.0,133
udang,0.9088277816772461,0.0,196
udang,0.490994393825531,0.0,191
udang,0.31258100271224976,0.0,255
udang,0.846887469291687,0.0,0
udang,0.6700063943862915,0.0,60
udang,0.6878649592399597,0.0,175
udang,0.8022766709327698,0.0,44
udang,0.46636614203453064,0.0,16
udang,0.34325098991394043,0.0,209
udang,0.5141516923904419,0.0,138
udang,0.47391629219055176,0.0,3
udang,0.45745792984962463,0.0,109
udang,0.48745712637901306,0.0,42
udang,0.5106184482574463,0.0,111
udang,0.48225900530815125,0.0,0
udang,0.44258543848991394,0.0,28
udang,0.7258180975914001,0.0,138
udang,0.878344714641571,0.0,27
udang,0.872851550579071,0.0,225
udang,0.6831101179122925,0.0,1
udang,0.6572058796882629,0.0,254
udang,0.39291906356811523,0.0,53
udang,0.7409489154815674,0.0,41
udang,0.5621600151062012,0.0,138
udang,0.5577770471572876,0.0,193
udang,0.5725603103637695,0.0,255
udang,0.7051421999931335,0.0,113
udang,0.7998459339141846,0.0,244
udang,0.7013096809387207,0.0,156
udang,0.9022377729415894,0.0,125
udang,0.6201730966567993,0.0,110
udang,0.7055467367172241,0.0,50
udang,0.966381847858429,0.0,245
udang,0.37300801277160645,0.0,255
udang,0.3477293848991394,0.0,199
udang,0.08156916499137878,0.0,34
udang,0.5261256694793701,0.0,197
udang,0.35294851660728455,0.0,140
udang,0.4822688698768616,0.0,248
udang,0.39674612879753113,0.0,24
udang,0.6668376922607422,0.0,253
udang,0.8780246376991272,0.0,35
udang,0.9666074514389038,0.0,255
udang,0.49830347299575806,0.0,204
udang,0.8885326981544495,0.0,131
udang,0.5100324153900146,0.0,215
udang,0.40267613530158997,0.0,132
udang,0.5105440020561218,0.0,186
udang,0.5041053891181946,0.0,110
udang,0.8753772974014282,0.0,255
udang,0.9721783399581909,0.0,255
udang,0.658692479133606,0.0,255
udang,0.5864466428756714,0.0,52
udang,0.878539502620697,0.0,194
udang,0.7262448072433472,0.0,0
udang,0.951882004737854,0.0,210
udang,0.46092966198921204,0.0,195
udang,0.3073652982711792,0.0,255
udang,0.49013590812683105,0.0,255
udang,0.4802493751049042,0.0,167
udang,0.640130877494812,0.0,134
udang,0.3365205228328705,0.0,15
udang,0.4080469310283661,0.0,0
udang,0.45036688446998596,0.0,111
udang,0.9107224941253662,0.0,0
udang,0.7223650813102722,0.0,2
udang,0.7887980937957764,0.0,73
udang,0.8893904685974121,0.0,84
udang,0.8563218712806702,0.0,87
udang,0.33440983295440674,0.0,4
udang,0.8991870284080505,0.0,72
udang,0.7774843573570251,0.0,2
udang,0.911171019077301,0.0,255
udang,0.7501750588417053,0.0,23
udang,0.8963407278060913,0.0,184
udang,0.8557488322257996,0.0,130
udang,0.8988208174705505,0.0,196
udang,0.8891209363937378,0.0,52
udang,0.6760591268539429,0.0,254
udang,0.4632751941680908,0.0,0
udang,0.5088244080543518,0.0,242
udang,0.7841805815696716,0.0,229
udang,0.9515458941459656,0.0,121
udang,0.6124199628829956,0.0,123
udang,0.7804135680198669,0.0,251
udang,0.8868472576141357,0.0,255
udang,0.7144752740859985,0.0,255
udang,0.953886091709137,0.0,0
udang,0.41738128662109375,0.0,205
udang,0.4583609402179718,0.0,7
udang,0.4854549467563629,0.0,77
udang,0.8017581701278687,0.0,0
udang,0.8850086331367493,0.0,219
udang,0.4348980784416199,0.0,93
udang,0.7199701070785522,0.0,208
udang,0.8166657090187073,0.0,246
udang,0.8837117552757263,0.0,255
udang,0.5870596170425415,0.0,6
udang,0.5565600991249084,0.0,131
udang,0.6878376603126526,0.0,231
udang,0.5669821500778198,0.0,0
udang,0.6747915744781494,0.0,39
udang,0.5204176306724548,0.0,131
udang,0.7549690008163452,0.0,70
udang,0.48189908266067505,0.0,252
udang,0.9238333106040955,0.0,25
udang,0.9200698137283325,0.0,106
udang,0.5912308692932129,0.0,180
udang,0.5200624465942383,0.0,131
udang,0.5871267318725586,0.0,59
udang,0.8785175085067749,0.0,251
udang,0.9585863947868347,0.0,255
udang,0.5389574766159058,0.0,64
udang,0.8101493716239929,0.0,48
udang,0.6230748295783997,0.0,196
udang,0.8134811520576477,0.0,16
udang,0.9570572972297668,0.0,64
udang,0.7611508369445801,0.0,254
udang,0.7680858373641968,0.0,209
udang,0.8031819462776184,0.0,50
udang,0.6014994382858276,0.0,8
udang,0.6824697256088257,0.0,34
udang,0.42014288902282715,0.0,255
udang,0.5389356017112732,0.0,46
udang,0.8760634660720825,0.0,254
udang,0.9189003705978394,0.0,135
udang,0.5255927443504333,0.0,255
udang,0.43489810824394226,0.0,105
udang,0.5532013177871704,0.0,173
udang,0.8348169922828674,0.0,112
udang,0.8850464224815369,0.0,173
udang,0.5364025235176086,0.0,93
udang,0.4583609998226166,0.0,0
udang,0.6011487245559692,0.0,15
udang,0.442976713180542,0.0,0
udang,0.8875457644462585,0.0,134
udang,0.6324750781059265,0.0,116
udang,0.666610836982727,0.0,3
udang,0.8166557550430298,0.0,60
udang,0.434360146522522,0.0,70
udang,0.4345148503780365,0.0,121
udang,0.8832943439483643,0.0,255
udang,0.8512936234474182,0.0,255
udang,0.4739730656147003,0.0,175
udang,0.7535257935523987,0.0,116
udang,0.7887992858886719,0.0,113
udang,0.5815181136131287,0.0,87
udang,0.9118314981460571,0.0,255
udang,0.9236633777618408,0.0,101
udang,0.46097081899642944,0.0,74
udang,0.8691653609275818,0.0,104
udang,0.8522891998291016,0.0,125
udang,0.9045737981796265,0.0,9
udang,0.42398184537887573,0.0,64
udang,0.434884637594223,0.0,2
udang,0.545139729976654,0.0,0
udang,0.8594164848327637,0.0,1
udang,0.49487829208374023,0.0,117
udang,0.8652729988098145,0.0,221
udang,0.7858775854110718,0.0,164
udang,0.36624422669410706,0.0,101
udang,0.6240625977516174,0.0,186
udang,0.6479494571685791,0.0,179
udang,0.8117697238922119,0.0,187
udang,0.7144871354103088,0.0,39
udang,0.6904215812683105,0.0,254
udang,0.3578008711338043,0.0,93
udang,0.5512204170227051,0.0,141
udang,0.6722728610038757,0.0,116
udang,0.726277232170105,0.0,60
udang,0.9238595962524414,0.0,92
udang,0.6183300018310547,0.0,92
udang,0.4632442891597748,0.0,177
udang,0.426349937915802,0.0,212
udang,0.851291835308075,0.0,222
udang,0.5269038081169128,0.0,255
udang,0.4532488286495209,0.0,164
udang,0.6091430187225342,0.0,177
udang,0.752983808517456,0.0,255
udang,0.6018762588500977,0.0,56
udang,0.944584846496582,0.0,0
udang,0.6980462074279785,0.0,250
udang,0.6635734438896179,0.0,22
udang,0.7858614921569824,0.0,137
udang,0.35302603244781494,0.0,23
udang,0.6012205481529236,0.0,184
udang,0.614598274230957,0.0,60
udang,0.9461724162101746,0.0,65
udang,0.4026847779750824,0.0,168
udang,0.3421652317047119,0.0,159
udang,0.8594329953193665,0.0,82
udang,0.9462944865226746,0.0,0
udang,0.8557403087615967,0.0,82
udang,0.7680656313896179,0.0,224
udang,0.3695085644721985,0.0,171
udang,0.8837315440177917,0.0,61
udang,0.8857623338699341,0.0,65
udang,0.37569618225097656,0.0,255
udang,0.3925829827785492,0.0,37
udang,0.5028879046440125,0.0,45
udang,0.41620075702667236,0.0,88
udang,0.9348935484886169,0.0,122
udang,0.4649699330329895,0.0,170
udang,0.6635805368423462,0.0,63
udang,0.7181916236877441,0.0,238
udang,0.9675083160400391,0.0,171
udang,0.45285966992378235,0.0,81
udang,0.7591952085494995,0.0,0
udang,0.538932740688324,0.0,127
udang,0.5389163494110107,0.0,228
udang,0.870323121547699,0.0,191
udang,0.41615259647369385,0.0,51
udang,0.4606253206729889,0.0,0
udang,0.6124269366264343,0.0,88
udang,0.4583663046360016,0.0,101
udang,0.5938615202903748,0.0,125
udang,0.49485617876052856,0.0,92
udang,0.5866641998291016,0.0,0
udang,0.6898038983345032,0.0,82
udang,0.4928698241710663,0.0,0
udang,0.42399582266807556,0.0,156
udang,0.5200363993644714,0.0,0
udang,0.5752116441726685,0.0,66
udang,0.6124383211135864,0.0,191
udang,0.9475185871124268,0.0,193
udang,0.886845588684082,0.0,247
udang,0.44460737705230713,0.0,176
udang,0.45575106143951416,0.0,74
udang,0.7262448668479919,0.0,76
udang,0.7166794538497925,0.0,247
udang,0.5348984003067017,0.0,58
udang,0.49165448546409607,0.0,229
udang,0.3895379602909088,0.0,248
udang,0.9094837307929993,0.0,114
udang,0.5606564283370972,0.0,0
udang,0.4719235301017761,0.0,106
udang,0.9094688892364502,0.0,38
udang,0.9001829028129578,0.0,196
udang,0.8785519599914551,0.0,132
udang,0.9120799899101257,0.0,29
udang,0.46493983268737793,0.0,39
udang,0.8557626008987427,0.0,26
udang,0.23430073261260986,0.0,42
udang,0.4344926178455353,0.0,233
udang,0.8261263370513916,0.0,59
udang,0.6878557205200195,0.0,53
udang,0.7262773513793945,0.0,111
udang,0.4906683564186096,0.0,180
udang,0.32388076186180115,0.0,49
udang,0.7858801484107971,0.0,0
udang,0.9585930705070496,0.0,23
udang,0.7530198097229004,0.0,0
udang,0.9490062594413757,0.0,38
udang,0.9371141791343689,0.0,255
udang,0.5739126205444336,0.0,96
udang,0.7499781250953674,0.0,184
udang,0.3534907400608063,0.0,255
udang,0.5269606113433838,0.0,255
udang,0.5137024521827698,0.0,95
udang,0.3895054757595062,0.0,27
udang,0.13910531997680664,0.0,215
udang,0.4649503529071808,0.0,159
udang,0.9473419189453125,0.0,55
udang,0.6365911960601807,0.0,255
udang,0.8691935539245605,0.0,0
udang,0.7849822640419006,0.0,86
udang,0.4251711368560791,0.0,155
udang,0.5568101406097412,0.0,135
udang,0.47059518098831177,0.0,34
udang,0.37597325444221497,0.0,189
udang,0.5866272449493408,0.0,175
udang,0.8197722434997559,0.0,9
udang,0.42516717314720154,0.0,87
udang,0.5453949570655823,0.0,5
udang,0.47817376255989075,0.0,0
udang,0.4026649594306946,0.0,8
udang,0.8875423073768616,0.0,245
udang,0.36921441555023193,0.0,165
udang,0.9447758197784424,0.0,183
udang,0.4677242338657379,0.0,168
udang,0.6240745782852173,0.0,47
udang,0.9404118061065674,0.0,109
udang,0.5937930345535278,0.0,187
udang,0.42014965415000916,0.0,203
udang,0.35713115334510803,0.0,99
udang,0.8166747689247131,0.0,198
udang,0.6228351593017578,0.0,224
udang,0.7946256995201111,0.0,0
udang,0.6295846700668335,0.0,23
udang,0.8522530794143677,0.0,88
udang,0.6635704040527344,0.0,254
udang,0.6747916340827942,0.0,0
udang,0.919387698173523,0.0,111
udang,0.9175882339477539,0.0,47
udang,0.703881561756134,0.0,193
udang,0.845685601234436,0.0,135
udang,0.5578262209892273,0.0,114
udang,0.5938500165939331,0.0,250
udang,0.3720300495624542,0.0,91
udang,0.47821542620658875,0.0,150
udang,0.48827943205833435,0.0,57
udang,0.8760634660720825,0.0,14
udang,0.5454075336456299,0.0,252
udang,0.7533606290817261,0.0,254
udang,0.5814954042434692,0.0,255
udang,0.47155430912971497,0.0,28
udang,0.6771125793457031,0.0,95
udang,0.8519018292427063,0.0,49
udang,0.4528638422489166,0.0,189
udang,0.558609664440155,0.0,243
udang,0.6635840535163879,0.0,251
udang,0.923675000667572,0.0,93
udang,0.6237176060676575,0.0,0
udang,0.9462949633598328,0.0,0
udang,0.5485464334487915,0.0,255
udang,0.9475113153457642,0.0,0
udang,0.5208518505096436,0.0,164
udang,0.8455899953842163,0.0,214
udang,0.5815180540084839,0.0,119
udang,0.9094802737236023,0.0,255
udang,0.788804829120636,0.0,4
udang,0.5927802920341492,0.0,7
udang,0.4632751941680908,0.0,0
udang,0.40269380807876587,0.0,174
udang,0.4649503529071808,0.0,108
udang,0.8560418486595154,0.0,238
udang,0.8660983443260193,0.0,224
udang,0.8457818627357483,0.0,30
udang,0.8455539345741272,0.0,43
udang,0.674786388874054,0.0,43
udang,0.9471685886383057,0.0,155
udang,0.5268927216529846,0.0,58
udang,0.6237164735794067,0.0,154
udang,0.9306783080101013,0.0,21
udang,0.472484827041626,0.0,110
udang,0.4948540925979614,0.0,13
udang,0.6767826080322266,0.0,157
udang,0.8518849611282349,0.0,234
udang,0.515984058380127,0.0,14
udang,0.9234961867332458,0.0,255
udang,0.9714831709861755,0.0,110
udang,0.6005731225013733,0.0,89
udang,0.5364762544631958,0.0,189
udang,0.6878376007080078,0.0,251
udang,0.7014512419700623,0.0,50
udang,0.32989951968193054,0.0,21
udang,0.5203999876976013,0.0,75
udang,0.715935468673706,0.0,6
udang,0.7271469235420227,0.0,0
udang,0.9120798707008362,0.0,63
udang,0.5203998684883118,0.0,186
udang,0.5286737084388733,0.0,88
udang,0.8868217468261719,0.0,183
udang,0.47275251150131226,0.0,87
udang,0.5632659196853638,0.0,176
udang,0.5348657965660095,0.0,142
udang,0.6776841282844543,0.0,148
udang,0.8031859993934631,0.0,17
udang,0.5453809499740601,0.0,48
udang,0.5669914484024048,0.0,254
udang,0.9490092992782593,0.0,94
udang,0.6178975105285645,0.0,151
udang,0.5364698767662048,0.0,238
udang,0.6903865337371826,0.0,181
udang,0.7858476042747498,0.0,219
udang,0.43378883600234985,0.0,0
udang,0.5317351818084717,0.0,111
udang,0.8991870284080505,0.0,164
udang,0.7566453814506531,0.0,36
udang,0.6635724902153015,0.0,255
udang,0.4609377086162567,0.0,55
udang,0.68757563829422,0.0,206
udang,0.8166656494140625,0.0,175
udang,0.8512935638427734,0.0,0
udang,0.7577994465827942,0.0,193
udang,0.5028819441795349,0.0,162
udang,0.9094838500022888,0.0,0
udang,0.5938615798950195,0.0,223
udang,0.716668963432312,0.0,0
udang,0.6011859178543091,0.0,85
udang,0.9244568347930908,0.0,157
udang,0.8050228357315063,0.0,115
udang,0.8641760349273682,0.0,6
udang,0.5497774481773376,0.0,39
udang,0.672288179397583,0.0,163
udang,0.49164727330207825,0.0,152
udang,0.9585886001586914,0.0,0
udang,0.8691767454147339,0.0,104
udang,0.4819130003452301,0.0,253
udang,0.8755491375923157,0.0,253
udang,0.5018920302391052,0.0,132
udang,0.7775065898895264,0.0,98
udang,0.8391340374946594,0.0,36
udang,0.13909600675106049,0.0,1
udang,0.5871272087097168,0.0,74
udang,0.8825382590293884,0.0,170
udang,0.6625329852104187,0.0,189
udang,0.5938191413879395,0.0,253
udang,0.5497961640357971,0.0,76
udang,0.7684935927391052,0.0,221
udang,0.7946426272392273,0.0,12
udang,0.5711883902549744,0.0,0
udang,0.38584741950035095,0.0,108
udang,0.8457009792327881,0.0,43
udang,0.4802165627479553,0.0,94
udang,0.6209497451782227,0.0,243
udang,0.8703142404556274,0.0,79
udang,0.5268914103507996,0.0,54
udang,0.6979802250862122,0.0,1
udang,0.429159939289093,0.0,102
udang,0.6005713939666748,0.0,255
udang,0.7841842174530029,0.0,65
udang,0.9192801713943481,0.0,48
udang,0.5269155502319336,0.0,110
udang,0.4203921854496002,0.0,255
udang,0.6014890074729919,0.0,112
udang,0.631569504737854,0.0,252
udang,0.8597200512886047,0.0,210
udang,0.6722996830940247,0.0,81
udang,0.4802202582359314,0.0,76
udang,0.6661025285720825,0.0,254
udang,0.6661144495010376,0.0,255
udang,0.9519229531288147,0.0,246
udang,0.9065099954605103,0.0,66
udang,0.5137254595756531,0.0,204
udang,0.8988183736801147,0.0,33
udang,0.5497772693634033,0.0,254
udang,0.865273118019104,0.0,255
udang,0.466890811920166,0.0,4
udang,0.5490503907203674,0.0,129
udang,0.859444797039032,0.0,105
udang,0.6095855832099915,0.0,255
udang,0.9200584888458252,0.0,0
udang,0.9200698137283325,0.0,244
udang,0.6166736483573914,0.0,176
udang,0.9473472237586975,0.0,244
udang,0.4777538776397705,0.0,104
udang,0.45007869601249695,0.0,0
udang,0.7271661162376404,0.0,20
udang,0.9473549127578735,0.0,201
udang,0.44457727670669556,0.0,14
udang,0.8295873403549194,0.0,138
udang,0.8881113529205322,0.0,76
udang,0.2438717782497406,0.0,203
udang,0.6212491989135742,0.0,191
udang,0.5084819793701172,0.0,112
udang,0.5551358461380005,0.0,254
udang,0.602750837802887,0.0,217
udang,0.9404618740081787,0.0,132
udang,0.9065067172050476,0.0,210
udang,0.5826018452644348,0.0,110
udang,0.7189439535140991,0.0,0
udang,0.8850553631782532,0.0,18
udang,0.6939117312431335,0.0,0
udang,0.5127084851264954,0.0,53
udang,0.8895508646965027,0.0,255
udang,0.27034899592399597,0.0,203
udang,0.4961361587047577,0.0,22
udang,0.4406449794769287,0.0,237
udang,0.6065486669540405,0.0,255
udang,0.5144748687744141,0.0,103
udang,0.723547101020813,0.0,212
udang,0.5227903127670288,0.0,104
udang,0.7597746849060059,0.0,250
udang,0.873992919921875,0.0,48
udang,0.5029582977294922,0.0,246
udang,0.8670531511306763,0.0,119
udang,0.5866409540176392,0.0,61
udang,0.5773298740386963,0.0,116
udang,0.47988632321357727,0.0,114
udang,0.4239383637905121,0.0,185
udang,0.35154426097869873,0.0,48
udang,0.9862158298492432,0.0,179
udang,0.43722689151763916,0.0,159
udang,0.37997353076934814,0.0,102
udang,0.6153799891471863,0.0,103
udang,0.5293769240379333,0.0,33
udang,0.5427444577217102,0.0,73
udang,0.7351457476615906,0.0,126
udang,0.34109795093536377,0.0,152
udang,0.4841119050979614,0.0,42
udang,0.6561250686645508,0.0,254
udang,0.9188159704208374,0.0,1
udang,0.7279192805290222,0.0,255
udang,0.5754392147064209,0.0,242
udang,0.6379161477088928,0.0,123
udang,0.7926390171051025,0.0,236
udang,0.8842971920967102,0.0,67
udang,0.9371217489242554,0.0,251
udang,0.8652105927467346,0.0,255
udang,0.7964138388633728,0.0,255
udang,0.4237011969089508,0.0,255
udang,0.4479474425315857,0.0,176
udang,0.8391043543815613,0.0,196
udang,0.4272165894508362,0.0,200
udang,0.40461859107017517,0.0,201
udang,0.4582504332065582,0.0,10
udang,0.9893807172775269,0.0,221
udang,0.441374808549881,0.0,156
udang,0.6314803957939148,0.0,0
udang,0.4618397355079651,0.0,168
udang,0.7250232100486755,0.0,252
udang,0.9469305276870728,0.0,73
udang,0.9672306776046753,0.0,114
udang,0.5105143189430237,0.0,119
udang,0.8242999315261841,0.0,16
udang,0.9629996418952942,0.0,147
udang,0.6105797290802002,0.0,128
udang,0.5163452625274658,0.0,255
udang,0.8790853023529053,0.0,250
udang,0.45613330602645874,0.0,86
udang,0.3713250458240509,0.0,255
udang,0.33259209990501404,0.0,112
udang,0.6232667565345764,0.0,244
udang,0.427869588136673,0.0,19
udang,0.5381353497505188,0.0,132
udang,0.7143974304199219,0.0,29
udang,0.43273162841796875,0.0,46
udang,0.8438259363174438,0.0,255
udang,0.7364012598991394,0.0,110
udang,0.38732844591140747,0.0,108
udang,0.5680795907974243,0.0,211
udang,0.6696970462799072,0.0,169
udang,0.3723810017108917,0.0,1
udang,0.5309473276138306,0.0,226
udang,0.3917407691478729,0.0,219
udang,0.8270313739776611,0.0,82
udang,0.6998593807220459,0.0,160
telur,0.5463746190071106,0.0,90
telur,0.4934505522251129,0.0,15
telur,0.6445349454879761,0.0,120
telur,0.9423450231552124,0.0,97
telur,0.4867493510246277,0.0,180
telur,0.6147894859313965,0.0,195
telur,0.8786429166793823,0.0,2
telur,0.4151691794395447,0.0,110
telur,0.5029800534248352,0.0,119
telur,0.45293545722961426,0.0,255
telur,0.463390588760376,0.0,200
telur,0.6335257291793823,0.0,7
telur,0.8160788416862488,0.0,8
telur,0.5824002027511597,0.0,189
telur,0.7122748494148254,0.0,188
telur,0.6051633954048157,0.0,255
telur,0.7417472004890442,0.0,255
telur,0.5679082274436951,0.0,45
telur,0.3764151930809021,0.0,255
telur,0.6335261464118958,0.0,154
telur,0.47911715507507324,0.0,1
telur,0.8071573972702026,0.0,200
telur,0.8214752674102783,0.0,91
telur,0.6298773288726807,0.0,120
telur,0.6723639369010925,0.0,190
telur,0.5004627108573914,0.0,0
telur,0.5405198931694031,0.0,87
telur,0.8930144906044006,0.0,0
telur,0.6603662967681885,0.0,209
telur,0.5088198184967041,0.0,249
telur,0.5641357898712158,0.0,121
telur,0.7674018740653992,0.0,222
telur,0.5208154916763306,0.0,246
telur,0.6022879481315613,0.0,241
telur,0.496992826461792,0.0,187
telur,0.5955802798271179,0.0,254
telur,0.5003017783164978,0.0,74
telur,0.43187835812568665,0.0,250
telur,0.627558171749115,0.0,251
telur,0.8150912523269653,0.0,252
telur,0.5744746923446655,0.0,123
telur,0.7722583413124084,0.0,0
telur,0.9039924144744873,0.0,252
telur,0.5634563565254211,0.0,194
telur,0.6726062893867493,0.0,126
telur,0.5005661249160767,0.0,215
telur,0.6347396969795227,0.0,0
telur,0.6051607728004456,0.0,122
telur,0.6325394511222839,0.0,0
telur,0.5494281053543091,0.0,128
telur,0.5493932366371155,0.0,54
telur,0.5176520943641663,0.0,0
telur,0.5168070793151855,0.0,1
telur,0.5745352506637573,0.0,254
telur,0.7908056378364563,0.0,0
telur,0.812810480594635,0.0,254
telur,0.4776155650615692,0.0,178
telur,0.7808474898338318,0.0,197
telur,0.524457573890686,0.0,20
telur,0.4743291139602661,0.0,164
telur,0.4751114547252655,0.0,98
telur,0.6657601594924927,0.0,253
telur,0.5569838881492615,0.0,127
telur,0.5001864433288574,0.0,223
telur,0.4921130836009979,0.0,55
telur,0.4791186451911926,0.0,23
telur,0.6023069620132446,0.0,76
telur,0.17662425339221954,0.0,2
telur,0.46073660254478455,0.0,217
telur,0.47551825642585754,0.0,30
telur,0.5169812440872192,0.0,0
telur,0.6118553280830383,0.0,112
telur,0.8664770722389221,0.0,30
telur,0.6535894870758057,0.0,240
telur,0.504997730255127,0.0,165
telur,0.3831101953983307,0.0,148
telur,0.32727864384651184,0.0,162
telur,0.5551429986953735,0.0,117
telur,0.8170638084411621,0.0,189
telur,0.5208202600479126,0.0,38
telur,0.6123685836791992,0.0,255
telur,0.43461278080940247,0.0,1
telur,0.7464334964752197,0.0,137
telur,0.47512704133987427,0.0,76
telur,0.8214879631996155,0.0,141
telur,0.8930186629295349,0.0,6
telur,0.6313128471374512,0.0,226
telur,0.43588921427726746,0.0,0
telur,0.8151578307151794,0.0,116
telur,0.4668387472629547,0.0,165
telur,0.49913278222084045,0.0,145
telur,0.452985018491745,0.0,194
telur,0.5074071884155273,0.0,2
telur,0.7928938865661621,0.0,0
telur,0.9099535346031189,0.0,30
telur,0.605165421962738,0.0,209
telur,0.5824254751205444,0.0,122
telur,0.7930084466934204,0.0,0
telur,0.5074145793914795,0.0,249
telur,0.5047966837882996,0.0,21
telur,0.43030646443367004,0.0,92
telur,0.49874961376190186,0.0,158
telur,0.5447412133216858,0.0,171
telur,0.47409939765930176,0.0,255
telur,0.5557883381843567,0.0,0
telur,0.8150557279586792,0.0,246
telur,0.5373907089233398,0.0,42
telur,0.5006624460220337,0.0,176
telur,0.8550449013710022,0.0,119
telur,0.758988618850708,0.0,49
telur,0.7568858861923218,0.0,132
telur,0.5324319005012512,0.0,58
telur,0.6603905558586121,0.0,64
telur,0.5163907408714294,0.0,106
telur,0.43030086159706116,0.0,0
telur,0.5397900938987732,0.0,30
telur,0.5074253082275391,0.0,160
telur,0.44427499175071716,0.0,107
telur,0.8664143085479736,0.0,205
telur,0.6693294048309326,0.0,52
telur,0.6726082563400269,0.0,0
telur,0.641166090965271,0.0,125
telur,0.6603444218635559,0.0,209
telur,0.6052647829055786,0.0,158
telur,0.696255087852478,0.0,72
telur,0.4491136968135834,0.0,119
telur,0.5857352614402771,0.0,252
telur,0.5217722058296204,0.0,71
telur,0.6125912070274353,0.0,231
telur,0.6693460941314697,0.0,97
telur,0.32729727029800415,0.0,28
telur,0.43589791655540466,0.0,255
telur,0.5536046624183655,0.0,91
telur,0.6052449941635132,0.0,203
telur,0.41526976227760315,0.0,78
telur,0.41419312357902527,0.0,140
telur,0.5442876815795898,0.0,254
telur,0.5711891055107117,0.0,250
telur,0.7909820079803467,0.0,0
telur,0.5307762622833252,0.0,156
telur,0.2680546045303345,0.0,92
telur,0.8701090812683105,0.0,95
telur,0.909904420375824,0.0,249
telur,0.594280481338501,0.0,255
telur,0.6347095966339111,0.0,255
telur,0.469963014125824,0.0,255
telur,0.4912078380584717,0.0,172
telur,0.540524959564209,0.0,222
telur,0.7559164762496948,0.0,46
telur,0.575881838798523,0.0,79
telur,0.6051581501960754,0.0,117
telur,0.5461195707321167,0.0,205
telur,0.4754573702812195,0.0,255
telur,0.29300248622894287,0.0,92
telur,0.595676839351654,0.0,204
telur,0.4443609118461609,0.0,33
telur,0.3272879123687744,0.0,18
telur,0.5437001585960388,0.0,44
telur,0.8127028346061707,0.0,59
telur,0.4335882365703583,0.0,0
telur,0.5090473294258118,0.0,15
telur,0.8159499168395996,0.0,255
telur,0.17663735151290894,0.0,0
telur,0.8170425295829773,0.0,164
telur,0.7945261597633362,0.0,255
telur,0.49842891097068787,0.0,125
telur,0.5217877626419067,0.0,254
telur,0.7483081221580505,0.0,79
telur,0.41618332266807556,0.0,206
telur,0.7971094846725464,0.0,119
telur,0.6601435542106628,0.0,37
telur,0.5193557143211365,0.0,179
telur,0.495999276638031,0.0,87
telur,0.5447168350219727,0.0,254
telur,0.45286041498184204,0.0,255
telur,0.7471521496772766,0.0,74
telur,0.5703262090682983,0.0,7
telur,0.5002490878105164,0.0,219
telur,0.8161939978599548,0.0,145
telur,0.5928560495376587,0.0,0
telur,0.42001184821128845,0.0,150
telur,0.5722786784172058,0.0,0
telur,0.5640701651573181,0.0,27
telur,0.6012812852859497,0.0,255
telur,0.5399395227432251,0.0,254
telur,0.40511974692344666,0.0,244
telur,0.5244521498680115,0.0,230
telur,0.916935384273529,0.0,122
telur,0.67740398645401,0.0,111
telur,0.7766492366790771,0.0,185
telur,0.712986409664154,0.0,114
telur,0.6657933592796326,0.0,144
telur,0.4991134703159332,0.0,55
telur,0.5193721055984497,0.0,149
telur,0.6202637553215027,0.0,226
telur,0.5854076147079468,0.0,255
telur,0.5703260898590088,0.0,203
telur,0.46090054512023926,0.0,206
telur,0.7765758037567139,0.0,83
telur,0.47510814666748047,0.0,32
telur,0.4522530138492584,0.0,93
telur,0.586895763874054,0.0,25
telur,0.7547098398208618,0.0,254
telur,0.8150225877761841,0.0,235
telur,0.4992486238479614,0.0,160
telur,0.44433823227882385,0.0,117
telur,0.5176542401313782,0.0,80
telur,0.4051065742969513,0.0,73
telur,0.601137638092041,0.0,249
telur,0.5193843841552734,0.0,34
telur,0.4033030569553375,0.0,149
telur,0.6221100687980652,0.0,126
telur,0.5351633429527283,0.0,0
telur,0.4931052625179291,0.0,229
telur,0.4415890872478485,0.0,162
telur,0.41531237959861755,0.0,6
telur,0.5003328919410706,0.0,229
telur,0.5703311562538147,0.0,255
telur,0.5399975180625916,0.0,157
telur,0.5379030108451843,0.0,20
telur,0.9040001034736633,0.0,157
telur,0.895078718662262,0.0,255
telur,0.5638923645019531,0.0,27
telur,0.45211875438690186,0.0,108
telur,0.4776141047477722,0.0,192
telur,0.4059205651283264,0.0,63
telur,0.43187037110328674,0.0,177
telur,0.36615821719169617,0.0,195
telur,0.7699291706085205,0.0,211
telur,0.5163983702659607,0.0,212
telur,0.47432175278663635,0.0,112
telur,0.5506773591041565,0.0,0
telur,0.7072332501411438,0.0,255
telur,0.5166642665863037,0.0,141
telur,0.6604372262954712,0.0,234
telur,0.6224654316902161,0.0,251
telur,0.5494187474250793,0.0,113
telur,0.2900468707084656,0.0,118
telur,0.6953170299530029,0.0,203
telur,0.6541363000869751,0.0,10
telur,0.666693925857544,0.0,255
telur,0.4200291633605957,0.0,86
telur,0.36914825439453125,0.0,67
telur,0.5388745069503784,0.0,40
telur,0.6686890721321106,0.0,0
telur,0.49796736240386963,0.0,62
telur,0.6126009225845337,0.0,0
telur,0.40337684750556946,0.0,38
telur,0.5492458939552307,0.0,94
telur,0.6666978597640991,0.0,246
telur,0.5604820847511292,0.0,209
telur,0.45174962282180786,0.0,242
telur,0.516992449760437,0.0,76
telur,0.6754443049430847,0.0,205
telur,0.5642312169075012,0.0,242
telur,0.6147707104682922,0.0,28
telur,0.4931057393550873,0.0,113
telur,0.5208296179771423,0.0,15
telur,0.5187056660652161,0.0,184
telur,0.8631088137626648,0.0,169
telur,0.812792181968689,0.0,130
telur,0.4347458779811859,0.0,110
telur,0.4140218496322632,0.0,255
telur,0.606523871421814,0.0,255
telur,0.6778822541236877,0.0,236
telur,0.6673802137374878,0.0,185
telur,0.5213289260864258,0.0,255
telur,0.6165837645530701,0.0,186
telur,0.2934217154979706,0.0,125
telur,0.4867526590824127,0.0,243
telur,0.7722177505493164,0.0,171
telur,0.5187034606933594,0.0,201
telur,0.7428032755851746,0.0,165
telur,0.8141191601753235,0.0,210
telur,0.639633297920227,0.0,37
telur,0.48676586151123047,0.0,85
telur,0.4511461853981018,0.0,0
telur,0.5759761333465576,0.0,254
telur,0.5551454424858093,0.0,189
telur,0.6774085164070129,0.0,254
telur,0.5856303572654724,0.0,249
telur,0.7121828198432922,0.0,255
telur,0.7722409963607788,0.0,0
telur,0.9040303230285645,0.0,51
telur,0.5307818651199341,0.0,6
telur,0.4699551463127136,0.0,180
telur,0.916906476020813,0.0,15
telur,0.6842264533042908,0.0,25
telur,0.6865929365158081,0.0,180
telur,0.3661183714866638,0.0,47
telur,0.5721770524978638,0.0,66
telur,0.46424949169158936,0.0,127
telur,0.6658443808555603,0.0,0
telur,0.502988874912262,0.0,209
telur,0.41506174206733704,0.0,2
telur,0.8709911704063416,0.0,26
telur,0.6779159903526306,0.0,255
telur,0.17664071917533875,0.0,161
telur,0.878608763217926,0.0,196
telur,0.595546305179596,0.0,235
telur,0.7747114300727844,0.0,77
telur,0.4753042161464691,0.0,68
telur,0.6754466891288757,0.0,0
telur,0.8663540482521057,0.0,0
telur,0.521775484085083,0.0,229
telur,0.9424981474876404,0.0,54
telur,0.696253776550293,0.0,227
telur,0.758942186832428,0.0,137
telur,0.6601273417472839,0.0,127
telur,0.4642297625541687,0.0,77
telur,0.6335253119468689,0.0,162
telur,0.47554877400398254,0.0,255
telur,0.4608023464679718,0.0,151
telur,0.5766140818595886,0.0,120
telur,0.8139346241950989,0.0,255
telur,0.5868945717811584,0.0,35
telur,0.46423542499542236,0.0,254
telur,0.5462818741798401,0.0,247
telur,0.8126413226127625,0.0,251
telur,0.25813302397727966,0.0,124
telur,0.5923734307289124,0.0,77
telur,0.44149354100227356,0.0,149
telur,0.3066333830356598,0.0,241
telur,0.5461090207099915,0.0,206
telur,0.6012578010559082,0.0,253
telur,0.48660334944725037,0.0,254
telur,0.49797770380973816,0.0,144
telur,0.8951481580734253,0.0,104
telur,0.7463828325271606,0.0,173
telur,0.6066051721572876,0.0,200
telur,0.6726081371307373,0.0,153
telur,0.5554522275924683,0.0,91
telur,0.6218054294586182,0.0,196
telur,0.5004913806915283,0.0,119
telur,0.5679131150245667,0.0,64
telur,0.29257532954216003,0.0,0
telur,0.6666861772537231,0.0,4
telur,0.8071731925010681,0.0,178
telur,0.8214717507362366,0.0,104
telur,0.5517914295196533,0.0,192
telur,0.6023027300834656,0.0,42
telur,0.6218381524085999,0.0,232
telur,0.6326620578765869,0.0,230
telur,0.6602652668952942,0.0,171
telur,0.49267759919166565,0.0,190
telur,0.369101345539093,0.0,248
telur,0.5493968725204468,0.0,181
telur,0.6723470091819763,0.0,108
telur,0.4750784933567047,0.0,0
telur,0.8127623796463013,0.0,169
telur,0.30673742294311523,0.0,110
telur,0.5712088942527771,0.0,195
telur,0.5765630006790161,0.0,255
telur,0.7808746695518494,0.0,15
telur,0.601268470287323,0.0,99
telur,0.4442784786224365,0.0,212
telur,0.5400276184082031,0.0,192
telur,0.4161958694458008,0.0,0
telur,0.5187326073646545,0.0,200
telur,0.38311201333999634,0.0,43
telur,0.8631986379623413,0.0,255
telur,0.586905837059021,0.0,9
telur,0.6152544021606445,0.0,131
telur,0.2582298517227173,0.0,195
telur,0.5436999797821045,0.0,0
telur,0.361818790435791,0.0,184
telur,0.49339303374290466,0.0,119
telur,0.6336713433265686,0.0,189
telur,0.774681806564331,0.0,58
telur,0.466836154460907,0.0,103
telur,0.6532149314880371,0.0,255
telur,0.6688278317451477,0.0,211
telur,0.5823983550071716,0.0,205
telur,0.6125668883323669,0.0,255
telur,0.6970122456550598,0.0,0
telur,0.4930860698223114,0.0,84
telur,0.5765146017074585,0.0,164
telur,0.7072887420654297,0.0,0
telur,0.37641286849975586,0.0,70
telur,0.5495065450668335,0.0,189
telur,0.4743295907974243,0.0,84
telur,0.6204196810722351,0.0,114
telur,0.5351358652114868,0.0,115
telur,0.8150134682655334,0.0,160
telur,0.5006207823753357,0.0,141
telur,0.5401634573936462,0.0,214
telur,0.6153318881988525,0.0,209
telur,0.774696946144104,0.0,254
telur,0.7589451670646667,0.0,104
telur,0.5213345885276794,0.0,120
telur,0.741597056388855,0.0,49
telur,0.466836541891098,0.0,255
telur,0.5957313179969788,0.0,184
telur,0.5517905354499817,0.0,0
telur,0.5185158848762512,0.0,237
telur,0.7483516335487366,0.0,100
telur,0.5632583498954773,0.0,131
telur,0.6542280316352844,0.0,114
telur,0.4515078365802765,0.0,133
telur,0.6512905955314636,0.0,0
telur,0.43357059359550476,0.0,36
telur,0.8150884509086609,0.0,254
telur,0.5447390079498291,0.0,1
telur,0.4910638630390167,0.0,0
telur,0.49691134691238403,0.0,16
telur,0.6315160989761353,0.0,0
telur,0.7568950057029724,0.0,137
telur,0.742707371711731,0.0,27
telur,0.5679082870483398,0.0,58
telur,0.4992349445819855,0.0,71
telur,0.5399171113967896,0.0,192
telur,0.4051133096218109,0.0,254
telur,0.5090818405151367,0.0,72
telur,0.6165817379951477,0.0,39
telur,0.5003883242607117,0.0,255
telur,0.43478965759277344,0.0,255
telur,0.6125998497009277,0.0,132
telur,0.4153071343898773,0.0,66
telur,0.5505216121673584,0.0,100
telur,0.20089483261108398,0.0,53
telur,0.6052205562591553,0.0,0
telur,0.555772066116333,0.0,73
telur,0.7463772296905518,0.0,185
telur,0.6659061908721924,0.0,50
telur,0.5086458325386047,0.0,254
telur,0.4979746341705322,0.0,13
telur,0.6444401741027832,0.0,197
telur,0.5186005234718323,0.0,125
telur,0.4635326862335205,0.0,227
telur,0.5551589727401733,0.0,197
telur,0.3631894588470459,0.0,72
telur,0.20344574749469757,0.0,75
telur,0.44427594542503357,0.0,170
telur,0.36324620246887207,0.0,3
telur,0.812641978263855,0.0,21
telur,0.7980095744132996,0.0,255
telur,0.2901609241962433,0.0,0
telur,0.650964617729187,0.0,34
telur,0.7129837274551392,0.0,255
telur,0.4319015443325043,0.0,47
telur,0.4930958151817322,0.0,254
telur,0.47411787509918213,0.0,156
telur,0.6395196318626404,0.0,104
telur,0.7673854231834412,0.0,163
telur,0.43031632900238037,0.0,0
telur,0.6118460893630981,0.0,27
telur,0.7948399186134338,0.0,4
telur,0.4162067770957947,0.0,149
telur,0.5461124777793884,0.0,109
telur,0.8155482411384583,0.0,197
telur,0.5169854760169983,0.0,190
telur,0.6052554845809937,0.0,255
telur,0.6296495795249939,0.0,42
telur,0.2679482102394104,0.0,85
telur,0.6209583878517151,0.0,181
telur,0.5631076097488403,0.0,118
telur,0.47774049639701843,0.0,56
telur,0.6768357157707214,0.0,0
telur,0.689182698726654,0.0,0
telur,0.5440629720687866,0.0,20
telur,0.4064575135707855,0.0,66
telur,0.7807576060295105,0.0,162
telur,0.6272608637809753,0.0,202
telur,0.6341855525970459,0.0,1
telur,0.6077211499214172,0.0,141
telur,0.7587122917175293,0.0,106
telur,0.6206409931182861,0.0,169
telur,0.5168703198432922,0.0,140
telur,0.49256616830825806,0.0,237
telur,0.7991567254066467,0.0,0
telur,0.5998043417930603,0.0,29
telur,0.26455560326576233,0.0,163
telur,0.4848310053348541,0.0,6
telur,0.4374583661556244,0.0,116
telur,0.6047816276550293,0.0,205
telur,0.7207891345024109,0.0,124
telur,0.48250287771224976,0.0,55
telur,0.5970742106437683,0.0,255
telur,0.7232064604759216,0.0,255
telur,0.3325039744377136,0.0,255
telur,0.47813722491264343,0.0,80
telur,0.6770026087760925,0.0,109
telur,0.33107414841651917,0.0,17
telur,0.418220192193985,0.0,149
telur,0.5539653897285461,0.0,255
telur,0.7509321570396423,0.0,172
telur,0.32206642627716064,0.0,89
telur,0.5252010822296143,0.0,52
telur,0.625595211982727,0.0,239
telur,0.3651008903980255,0.0,255
telur,0.3830448389053345,0.0,150
telur,0.38694265484809875,0.0,210
telur,0.47727853059768677,0.0,249
telur,0.4506148397922516,0.0,149
telur,0.513931930065155,0.0,215
telur,0.5655391216278076,0.0,0
telur,0.39866188168525696,0.0,255
telur,0.7287589907646179,0.0,47
telur,0.8214397430419922,0.0,36
telur,0.3901320993900299,0.0,110
telur,0.48600634932518005,0.0,63
telur,0.5210211873054504,0.0,103
telur,0.44804346561431885,0.0,37
telur,0.6232671141624451,0.0,111
telur,0.6092821359634399,0.0,0
telur,0.8811564445495605,0.0,146
telur,0.7872585654258728,0.0,92
telur,0.5987935662269592,0.0,0
telur,0.9456004500389099,0.0,204
telur,0.6850700378417969,0.0,255
telur,0.7791003584861755,0.0,0
telur,0.35495448112487793,0.0,92
telur,0.7171486020088196,0.0,219
telur,0.4575003683567047,0.0,0
telur,0.2739374041557312,0.0,46
telur,0.4172382652759552,0.0,0
telur,0.3842420279979706,0.0,117
telur,0.3088885247707367,0.0,198
telur,0.5290292501449585,0.0,255
telur,0.6227302551269531,0.0,51
telur,0.3614862561225891,0.0,254
telur,0.5860424637794495,0.0,198
telur,0.5972115397453308,0.0,255
telur,0.5883291363716125,0.0,140
telur,0.8308796882629395,0.0,99
telur,0.5424869060516357,0.0,179
telur,0.4933716058731079,0.0,157
telur,0.9057655334472656,0.0,221
telur,0.37181100249290466,0.0,234
telur,0.5007503032684326,0.0,255
telur,0.7907400727272034,0.0,87
telur,0.46179288625717163,0.0,144
telur,0.5632262825965881,0.0,184
telur,0.4294193685054779,0.0,254
telur,0.600934624671936,0.0,63
telur,0.8118742108345032,0.0,197
telur,0.8550810813903809,0.0,205
telur,0.5537096858024597,0.0,61
telur,0.6366283893585205,0.0,48
telur,0.5228306651115417,0.0,58
telur,0.3755457103252411,0.0,255
telur,0.47462961077690125,0.0,0
telur,0.6782366037368774,0.0,87
telur,0.4820137917995453,0.0,127
telur,0.6975196003913879,0.0,0
telur,0.6020230650901794,0.0,255
telur,0.609706461429596,0.0,93
telur,0.6187624931335449,0.0,105
telur,0.5197153687477112,0.0,35
telur,0.6046918034553528,0.0,81
telur,0.32765474915504456,0.0,122
telur,0.6014077663421631,0.0,168
telur,0.6719642877578735,0.0,127
telur,0.7261878252029419,0.0,58
telur,0.5207579731941223,0.0,195
telur,0.82492995262146,0.0,104
telur,0.9596246480941772,0.0,133
telur,0.8466173410415649,0.0,155
telur,0.40663328766822815,0.0,255
telur,0.7914961576461792,0.0,255
telur,0.5491971373558044,0.0,56
telur,0.5874740481376648,0.0,238
telur,0.7293723821640015,0.0,255
telur,0.44325682520866394,0.0,227
telur,0.5747290253639221,0.0,233
telur,0.5607443451881409,0.0,14
telur,0.8322463035583496,0.0,208
telur,0.6012344360351562,0.0,1
telur,0.958000659942627,0.0,44
telur,0.8442262411117554,0.0,254
telur,0.7471026182174683,0.0,199
telur,0.5391710996627808,0.0,184
telur,0.6752360463142395,0.0,0
telur,0.40673843026161194,0.0,129
telur,0.8815909624099731,0.0,52
telur,0.8413589596748352,0.0,79
telur,0.31544163823127747,0.0,87
telur,0.5076863765716553,0.0,255
telur,0.45414888858795166,0.0,240
telur,0.6261649131774902,0.0,5
telur,0.3896760940551758,0.0,133
telur,0.48364755511283875,0.0,9
telur,0.8011242747306824,0.0,113
telur,0.44216659665107727,0.0,41
telur,0.5426540374755859,0.0,19
telur,0.5694568157196045,0.0,0
telur,0.45736825466156006,0.0,188
ikan,0.5417724847793579,0.0,46
ikan,0.4578048288822174,0.0,91
ikan,0.9232205748558044,0.0,205
ikan,0.50899338722229,0.0,50
ikan,0.40218013525009155,0.0,167
ikan,0.45182549953460693,0.0,0
ikan,0.8366537690162659,0.0,75
ikan,0.7679864168167114,0.0,153
ikan,0.3163854777812958,0.0,86
ikan,0.7599381804466248,0.0,91
ikan,0.8542836904525757,0.0,211
ikan,0.3923768997192383,0.0,245
ikan,0.5398086309432983,0.0,254
ikan,0.7016745209693909,0.0,2
ikan,0.8400978446006775,0.0,255
ikan,0.3741721212863922,0.0,56
ikan,0.8919001221656799,0.0,102
ikan,0.4009299874305725,0.0,232
ikan,0.2783832550048828,0.0,254
ikan,0.7024831175804138,0.0,251
ikan,0.26051923632621765,0.0,171
ikan,0.22282245755195618,0.0,255
ikan,0.6362244486808777,0.0,197
ikan,0.9484714865684509,0.0,124
ikan,0.5160983204841614,0.0,255
ikan,0.5806161165237427,0.0,191
ikan,0.3068491518497467,0.0,8
ikan,0.4443903863430023,0.0,255
ikan,0.5024125576019287,0.0,162
ikan,0.47055724263191223,0.0,177
ikan,0.46716177463531494,0.0,19
ikan,0.17534303665161133,0.0,218
ikan,0.4602484703063965,0.0,190
ikan,0.17598146200180054,0.0,102
ikan,0.5835791230201721,0.0,224
ikan,0.27717792987823486,0.0,0
ikan,0.4778589904308319,0.0,112
ikan,0.2866392731666565,0.0,210
ikan,0.3486015796661377,0.0,254
ikan,0.8830952644348145,0.0,100
ikan,0.5300688147544861,0.0,165
ikan,0.4675563871860504,0.0,195
ikan,0.500389575958252,0.0,33
ikan,0.3818974494934082,0.0,68
ikan,0.38730481266975403,0.0,77
ikan,0.1922912299633026,0.0,79
ikan,0.9600951671600342,0.0,118
ikan,0.7708662152290344,0.0,82
ikan,0.40382200479507446,0.0,88
ikan,0.6396355032920837,0.0,185
ikan,0.4653737545013428,0.0,255
ikan,0.8364084959030151,0.0,195
ikan,0.2651299238204956,0.0,196
ikan,0.5536171793937683,0.0,164
ikan,0.6926631927490234,0.0,195
ikan,0.4874902367591858,0.0,209
ikan,0.34810879826545715,0.0,200
ikan,0.8138881325721741,0.0,27
ikan,0.2651587724685669,0.0,254
ikan,0.6773161888122559,0.0,169
ikan,0.701896607875824,0.0,145
ikan,0.49775078892707825,0.0,102
ikan,0.5638845562934875,0.0,0
ikan,0.6303794384002686,0.0,48
ikan,0.6131508350372314,0.0,88
ikan,0.5508044362068176,0.0,0
ikan,0.2361922264099121,0.0,36
ikan,0.4070674479007721,0.0,119
ikan,0.5222501158714294,0.0,253
ikan,0.46503156423568726,0.0,110
ikan,0.4744149148464203,0.0,113
ikan,0.4054735004901886,0.0,143
ikan,0.31345564126968384,0.0,254
ikan,0.5542936325073242,0.0,64
ikan,0.42449185252189636,0.0,25
ikan,0.462218314409256,0.0,222
ikan,0.8628868460655212,0.0,56
ikan,0.6494757533073425,0.0,0
ikan,0.2751813232898712,0.0,241
ikan,0.6841830015182495,0.0,0
ikan,0.3561599850654602,0.0,0
ikan,0.48080381751060486,0.0,67
ikan,0.42060330510139465,0.0,103
ikan,0.45193159580230713,0.0,0
ikan,0.39556804299354553,0.0,251
ikan,0.7516692280769348,0.0,147
ikan,0.47995442152023315,0.0,155
ikan,0.6947372555732727,0.0,171
ikan,0.967061460018158,0.0,72
ikan,0.11282908171415329,0.0,238
ikan,0.15272776782512665,0.0,1
ikan,0.4009198248386383,0.0,0
ikan,0.6531868577003479,0.0,1
ikan,0.46211060881614685,0.0,112
ikan,0.3982653319835663,0.0,102
ikan,0.6536656618118286,0.0,249
ikan,0.5097492933273315,0.0,224
ikan,0.5402217507362366,0.0,118
ikan,0.3444973826408386,0.0,14
ikan,0.22970545291900635,0.0,201
ikan,0.7843722105026245,0.0,36
ikan,0.6092060804367065,0.0,0
ikan,0.27322718501091003,0.0,115
ikan,0.2048717886209488,0.0,25
ikan,0.5455383658409119,0.0,112
ikan,0.8324047923088074,0.0,208
ikan,0.40178182721138,0.0,122
ikan,0.5756022334098816,0.0,24
ikan,0.49739012122154236,0.0,255
ikan,0.37500259280204773,0.0,72
ikan,0.7973434329032898,0.0,84
ikan,0.8077795505523682,0.0,179
ikan,0.43866240978240967,0.0,47
ikan,0.36336830258369446,0.0,35
ikan,0.0960988774895668,0.0,93
ikan,0.22222939133644104,0.0,36
ikan,0.4580104649066925,0.0,1
ikan,0.15242715179920197,0.0,4
ikan,0.43617263436317444,0.0,39
ikan,0.8577755093574524,0.0,29
ikan,0.08065313845872879,0.0,182
ikan,0.9019325971603394,0.0,0
ikan,0.4180833399295807,0.0,0
ikan,0.5936284065246582,0.0,154
ikan,0.33720868825912476,0.0,45
ikan,0.38838741183280945,0.0,255
ikan,0.22062353789806366,0.0,146
ikan,0.7693427205085754,0.0,89
ikan,0.9240798354148865,0.0,69
ikan,0.6225171089172363,0.0,208
ikan,0.15447476506233215,0.0,255
ikan,0.08048824220895767,0.0,192
ikan,0.32067328691482544,0.0,162
ikan,0.1076754629611969,0.0,50
ikan,0.30876415967941284,0.0,4
ikan,0.2381783276796341,0.0,253
ikan,0.49409037828445435,0.0,25
ikan,0.47931012511253357,0.0,84
ikan,0.5012132525444031,0.0,132
ikan,0.2661935091018677,0.0,12
ikan,0.308383584022522,0.0,54
ikan,0.8169736862182617,0.0,206
ikan,0.8461374044418335,0.0,238
ikan,0.6640110611915588,0.0,12
ikan,0.5444563031196594,0.0,66
ikan,0.5118276476860046,0.0,5
ikan,0.8177672624588013,0.0,98
ikan,0.3093940317630768,0.0,255
ikan,0.28286775946617126,0.0,213
ikan,0.790937066078186,0.0,0
ikan,0.29182180762290955,0.0,162
ikan,0.8046672344207764,0.0,71
ikan,0.2520333230495453,0.0,167
ikan,0.5695782899856567,0.0,0
ikan,0.3119578957557678,0.0,158
ikan,0.8717747926712036,0.0,120
ikan,0.2569025456905365,0.0,246
ikan,0.49973708391189575,0.0,0
ikan,0.5243920683860779,0.0,255
ikan,0.33484697341918945,0.0,120
ikan,0.1785096377134323,0.0,255
ikan,0.4816671311855316,0.0,171
ikan,0.5046807527542114,0.0,200
ikan,0.7115803956985474,0.0,23
ikan,0.9167071580886841,0.0,172
ikan,0.4702366888523102,0.0,115
ikan,0.4798014760017395,0.0,142
ikan,0.5512802004814148,0.0,249
ikan,0.7645284533500671,0.0,34
ikan,0.8834567070007324,0.0,164
ikan,0.14338728785514832,0.0,210
ikan,0.4715500473976135,0.0,255
ikan,0.9144068360328674,0.0,77
ikan,0.8455824851989746,0.0,95
ikan,0.2044634222984314,0.0,144
ikan,0.8057062029838562,0.0,251
ikan,0.5435198545455933,0.0,25
ikan,0.6785818934440613,0.0,255
ikan,0.5211746692657471,0.0,9
ikan,0.5229490399360657,0.0,82
ikan,0.5099250674247742,0.0,18
ikan,0.16132450103759766,0.0,255
ikan,0.5277596116065979,0.0,0
ikan,0.5008007884025574,0.0,202
ikan,0.8883325457572937,0.0,162
ikan,0.4954525828361511,0.0,53
ikan,0.1657993495464325,0.0,252
ikan,0.4946728050708771,0.0,240
ikan,0.7144260406494141,0.0,64
ikan,0.9461167454719543,0.0,58
ikan,0.1728687882423401,0.0,129
ikan,0.40796083211898804,0.0,255
ikan,0.5961265563964844,0.0,97
ikan,0.2244158834218979,0.0,226
ikan,0.5483845472335815,0.0,244
ikan,0.7473695874214172,0.0,57
ikan,0.33628591895103455,0.0,1
ikan,0.34364280104637146,0.0,142
ikan,0.8778311610221863,0.0,171
ikan,0.6667791604995728,0.0,16
ikan,0.8607222437858582,0.0,244
ikan,0.4598293602466583,0.0,227
ikan,0.4754173159599304,0.0,20
ikan,0.4706891179084778,0.0,195
ikan,0.48096781969070435,0.0,218
ikan,0.5291345715522766,0.0,0
ikan,0.3405846357345581,0.0,0
ikan,0.34208178520202637,0.0,86
ikan,0.4292393624782562,0.0,255
ikan,0.32891643047332764,0.0,100
ikan,0.34876635670661926,0.0,210
ikan,0.18381646275520325,0.0,76
ikan,0.4858240783214569,0.0,0
ikan,0.4940246343612671,0.0,66
ikan,0.8536373376846313,0.0,34
ikan,0.4180349111557007,0.0,5
ikan,0.628606915473938,0.0,0
ikan,0.5862459540367126,0.0,211
ikan,0.6394839882850647,0.0,155
ikan,0.5071981549263,0.0,92
ikan,0.5528212189674377,0.0,254
ikan,0.20999518036842346,0.0,244
ikan,0.9108575582504272,0.0,17
ikan,0.5498805642127991,0.0,0
ikan,0.5047999620437622,0.0,74
ikan,0.4944237470626831,0.0,1
ikan,0.38013458251953125,0.0,107
ikan,0.4621952176094055,0.0,1
ikan,0.43671634793281555,0.0,176
ikan,0.5246039628982544,0.0,89
ikan,0.3601514995098114,0.0,89
ikan,0.4337487518787384,0.0,108
ikan,0.8952250480651855,0.0,3
ikan,0.7819113731384277,0.0,173
ikan,0.9106535911560059,0.0,56
ikan,0.07052044570446014,0.0,192
ikan,0.538598358631134,0.0,0
ikan,0.9176821708679199,0.0,38
ikan,0.3928156793117523,0.0,83
ikan,0.84678053855896,0.0,151
ikan,0.5794059634208679,0.0,43
ikan,0.4640499949455261,0.0,5
ikan,0.4161017835140228,0.0,202
ikan,0.7729204893112183,0.0,50
ikan,0.5621677041053772,0.0,0
ikan,0.7907522916793823,0.0,0
ikan,0.4181404411792755,0.0,6
ikan,0.8383379578590393,0.0,160
ikan,0.5301336050033569,0.0,104
ikan,0.26585420966148376,0.0,173
ikan,0.5531771183013916,0.0,252
ikan,0.1920214742422104,0.0,26
ikan,0.43289798498153687,0.0,179
ikan,0.4413577616214752,0.0,62
ikan,0.9201072454452515,0.0,85
ikan,0.7125745415687561,0.0,172
ikan,0.22469960153102875,0.0,20
ikan,0.3788531422615051,0.0,237
ikan,0.8262096643447876,0.0,249
ikan,0.554011344909668,0.0,0
ikan,0.5577367544174194,0.0,186
ikan,0.5194529891014099,0.0,254
ikan,0.491642028093338,0.0,79
ikan,0.15134546160697937,0.0,65
ikan,0.8739002346992493,0.0,50
ikan,0.5717769861221313,0.0,76
ikan,0.421012282371521,0.0,128
ikan,0.5297475457191467,0.0,58
ikan,0.43268662691116333,0.0,104
ikan,0.7498037219047546,0.0,56
ikan,0.8937029242515564,0.0,248
ikan,0.4417003095149994,0.0,255
ikan,0.3879010081291199,0.0,162
ikan,0.5502198934555054,0.0,211
ikan,0.5281574130058289,0.0,176
ikan,0.1880168467760086,0.0,188
ikan,0.42291730642318726,0.0,229
ikan,0.2561452388763428,0.0,28
ikan,0.47877809405326843,0.0,209
ikan,0.34465599060058594,0.0,33
ikan,0.8330867290496826,0.0,2
ikan,0.9273902773857117,0.0,48
ikan,0.14909814298152924,0.0,45
ikan,0.2959972620010376,0.0,153
ikan,0.5013760328292847,0.0,0
ikan,0.5300562381744385,0.0,1
ikan,0.5672175884246826,0.0,84
ikan,0.8003748059272766,0.0,133
ikan,0.0755733922123909,0.0,151
ikan,0.6061030030250549,0.0,37
ikan,0.3132319748401642,0.0,248
ikan,0.578525185585022,0.0,204
ikan,0.7188214659690857,0.0,252
ikan,0.4010523855686188,0.0,255
ikan,0.1886335164308548,0.0,244
ikan,0.6720588803291321,0.0,113
ikan,0.1650080531835556,0.0,44
ikan,0.3862176835536957,0.0,11
ikan,0.19887258112430573,0.0,103
ikan,0.6083275675773621,0.0,51
ikan,0.07697338610887527,0.0,255
ikan,0.5388351082801819,0.0,147
ikan,0.8519527912139893,0.0,196
ikan,0.5285364389419556,0.0,78
ikan,0.833459198474884,0.0,209
ikan,0.17688539624214172,0.0,74
ikan,0.8536274433135986,0.0,37
ikan,0.5787327885627747,0.0,255
ikan,0.5349533557891846,0.0,156
ikan,0.49661555886268616,0.0,193
ikan,0.32631081342697144,0.0,255
ikan,0.5297529697418213,0.0,81
ikan,0.7152288556098938,0.0,120
ikan,0.8027016520500183,0.0,207
ikan,0.523926317691803,0.0,249
ikan,0.20030397176742554,0.0,0
ikan,0.6143913865089417,0.0,255
ikan,0.4788787364959717,0.0,75
ikan,0.7784653902053833,0.0,192
ikan,0.5451556444168091,0.0,86
ikan,0.45245635509490967,0.0,73
ikan,0.5466368794441223,0.0,18
ikan,0.19051077961921692,0.0,211
ikan,0.3450138568878174,0.0,179
ikan,0.4795880615711212,0.0,93
ikan,0.5658823251724243,0.0,185
ikan,0.1905994415283203,0.0,237
ikan,0.49091753363609314,0.0,14
ikan,0.09995347261428833,0.0,163
ikan,0.25471341609954834,0.0,30
ikan,0.5470595359802246,0.0,252
ikan,0.158951535820961,0.0,0
ikan,0.3681137263774872,0.0,105
ikan,0.52459317445755,0.0,254
ikan,0.8348973989486694,0.0,0
ikan,0.4994499087333679,0.0,255
ikan,0.8505977988243103,0.0,128
ikan,0.8454310297966003,0.0,77
ikan,0.42948487401008606,0.0,170
ikan,0.5735577940940857,0.0,254
ikan,0.7906605005264282,0.0,36
ikan,0.3978254795074463,0.0,9
ikan,0.8758995532989502,0.0,211
ikan,0.4958537220954895,0.0,154
ikan,0.9389810562133789,0.0,14
ikan,0.714811384677887,0.0,171
ikan,0.8789405822753906,0.0,0
ikan,0.44259873032569885,0.0,138
ikan,0.8976477980613708,0.0,44
ikan,0.26435306668281555,0.0,162
ikan,0.5839608311653137,0.0,95
ikan,0.1422741711139679,0.0,0
ikan,0.47259199619293213,0.0,48
ikan,0.6040904521942139,0.0,116
ikan,0.1301155537366867,0.0,160
ikan,0.3265797793865204,0.0,195
ikan,0.378991961479187,0.0,0
ikan,0.36244621872901917,0.0,102
ikan,0.8315874934196472,0.0,36
ikan,0.2629694640636444,0.0,94
ikan,0.9245402216911316,0.0,255
ikan,0.14031772315502167,0.0,116
ikan,0.4314351975917816,0.0,197
ikan,0.9615219831466675,0.0,195
ikan,0.3766981363296509,0.0,163
ikan,0.22158418595790863,0.0,190
ikan,0.49963387846946716,0.0,212
ikan,0.3652500808238983,0.0,66
ikan,0.43030864000320435,0.0,17
ikan,0.35953450202941895,0.0,198
ikan,0.416585236787796,0.0,202
ikan,0.3838980197906494,0.0,48
ikan,0.5122950077056885,0.0,204
ikan,0.8248339295387268,0.0,128
ikan,0.4669463634490967,0.0,238
ikan,0.8859808444976807,0.0,254
ikan,0.0978102833032608,0.0,142
ikan,0.21142823994159698,0.0,163
ikan,0.2737688422203064,0.0,20
ikan,0.4922861158847809,0.0,82
ikan,0.46597737073898315,0.0,204
ikan,0.2086552083492279,0.0,118
ikan,0.5346155762672424,0.0,209
ikan,0.505398154258728,0.0,203
ikan,0.7235973477363586,0.0,0
ikan,0.4613545835018158,0.0,0
ikan,0.10383667051792145,0.0,243
ikan,0.4569132924079895,0.0,251
ikan,0.20623673498630524,0.0,51
ikan,0.3904433846473694,0.0,217
ikan,0.4127627909183502,0.0,116
ikan,0.19019871950149536,0.0,99
ikan,0.19823290407657623,0.0,11
ikan,0.36522382497787476,0.0,123
ikan,0.47838643193244934,0.0,255
ikan,0.7788444757461548,0.0,252
ikan,0.43458613753318787,0.0,51
ikan,0.5092900991439819,0.0,97
ikan,0.27238553762435913,0.0,255
ikan,0.6418923735618591,0.0,171
ikan,0.9211817383766174,0.0,71
ikan,0.21316608786582947,0.0,15
ikan,0.29439112544059753,0.0,61
ikan,0.46648070216178894,0.0,180
ikan,0.36872193217277527,0.0,95
ikan,0.8634671568870544,0.0,108
ikan,0.9141756296157837,0.0,73
ikan,0.5762791037559509,0.0,255
ikan,0.27451759576797485,0.0,166
ikan,0.8711205124855042,0.0,255
ikan,0.8964108824729919,0.0,129
ikan,0.8891201019287109,0.0,103
ikan,0.49678969383239746,0.0,228
ikan,0.13431936502456665,0.0,237
ikan,0.6124218106269836,0.0,52
ikan,0.5488424301147461,0.0,224
ikan,0.28542831540107727,0.0,154
ikan,0.29617857933044434,0.0,189
ikan,0.9491134881973267,0.0,212
ikan,0.427630215883255,0.0,253
ikan,0.5542208552360535,0.0,126
ikan,0.47076284885406494,0.0,170
ikan,0.2331211119890213,0.0,46
ikan,0.4715529978275299,0.0,255
ikan,0.9137546420097351,0.0,0
ikan,0.6112037897109985,0.0,254
ikan,0.6074228286743164,0.0,176
ikan,0.3441177010536194,0.0,237
ikan,0.33045876026153564,0.0,255
ikan,0.7640513181686401,0.0,113
ikan,0.4137254059314728,0.0,4
ikan,0.4321821331977844,0.0,110
ikan,0.41264522075653076,0.0,85
ikan,0.42132630944252014,0.0,118
ikan,0.540648341178894,0.0,29
ikan,0.2144266963005066,0.0,43
ikan,0.2798764705657959,0.0,193
ikan,0.5284672975540161,0.0,116
ikan,0.34920862317085266,0.0,75
ikan,0.8216899037361145,0.0,0
ikan,0.44426363706588745,0.0,255
ikan,0.5960898995399475,0.0,250
ikan,0.7168987989425659,0.0,255
ikan,0.31672048568725586,0.0,97
ikan,0.36874476075172424,0.0,74
ikan,0.9371830821037292,0.0,226
ikan,0.46390944719314575,0.0,0
ikan,0.8050569891929626,0.0,46
ikan,0.687658429145813,0.0,144
ikan,0.8401756286621094,0.0,104
ikan,0.8006648421287537,0.0,244
ikan,0.8556588888168335,0.0,11
ikan,0.930242657661438,0.0,149
ikan,0.5281199216842651,0.0,77
ikan,0.757595419883728,0.0,108
ikan,0.9338839650154114,0.0,255
ikan,0.6774059534072876,0.0,255
ikan,0.5726349949836731,0.0,110
ikan,0.154478520154953,0.0,12
ikan,0.4584958255290985,0.0,91
ikan,0.5905297994613647,0.0,209
ikan,0.5382093787193298,0.0,254
ikan,0.43689778447151184,0.0,94
ikan,0.8224701285362244,0.0,30
ikan,0.5809544920921326,0.0,110
ikan,0.5409049391746521,0.0,179
ikan,0.8291053771972656,0.0,81
ikan,0.28747713565826416,0.0,186
ikan,0.5489715337753296,0.0,0
ikan,0.27831390500068665,0.0,214
ikan,0.4955853223800659,0.0,27
ikan,0.366344690322876,0.0,144
ikan,0.3236788213253021,0.0,254
ikan,0.4815680682659149,0.0,255
ikan,0.18877355754375458,0.0,37
ikan,0.6038137078285217,0.0,35
ikan,0.5874313116073608,0.0,222
ikan,0.47553443908691406,0.0,150
ikan,0.20181450247764587,0.0,253
ikan,0.515610933303833,0.0,211
ikan,0.3126009702682495,0.0,74
ikan,0.16228187084197998,0.0,255
ikan,0.3313158452510834,0.0,0
ikan,0.45689040422439575,0.0,126
ikan,0.38311031460762024,0.0,0
ikan,0.35468631982803345,0.0,2
ikan,0.4708409607410431,0.0,254
ikan,0.6645559072494507,0.0,198
ikan,0.7391876578330994,0.0,254
ikan,0.5432857871055603,0.0,24
ikan,0.2904764711856842,0.0,56
ikan,0.4188214838504791,0.0,1
ikan,0.14589960873126984,0.0,157
ikan,0.9591280221939087,0.0,252
ikan,0.4665096700191498,0.0,204
ikan,0.1538088470697403,0.0,151
ikan,0.44500041007995605,0.0,197
ikan,0.16719679534435272,0.0,255
ikan,0.4984380006790161,0.0,0
ikan,0.2783186435699463,0.0,0
ikan,0.2792249619960785,0.0,180
ikan,0.6897522807121277,0.0,0
ikan,0.2768961787223816,0.0,104
ikan,0.28466835618019104,0.0,66
ikan,0.2733694016933441,0.0,211
ikan,0.8215017914772034,0.0,44
ikan,0.39705395698547363,0.0,236
ikan,0.10050622373819351,0.0,0
ikan,0.15914498269557953,0.0,255
ikan,0.28590157628059387,0.0,23
ikan,0.48353829979896545,0.0,255
ikan,0.288164883852005,0.0,196
ikan,0.4802250862121582,0.0,35
ikan,0.1590312421321869,0.0,0
ikan,0.168339341878891,0.0,122
ikan,0.4273444414138794,0.0,247
ikan,0.29631277918815613,0.0,99
ikan,0.1509706825017929,0.0,80
ikan,0.17850448191165924,0.0,170
ikan,0.0809752568602562,0.0,145
ikan,0.43808040022850037,0.0,49
ikan,0.2300902158021927,0.0,94
ikan,0.6925323009490967,0.0,243
ikan,0.6400201320648193,0.0,203
ikan,0.12987364828586578,0.0,197
ikan,0.3258954584598541,0.0,53
ikan,0.5487821102142334,0.0,76
ikan,0.2330765277147293,0.0,170
ikan,0.18460768461227417,0.0,255
ikan,0.3306989073753357,0.0,0
ikan,0.8414861559867859,0.0,114
ikan,0.21731813251972198,0.0,135
ikan,0.4856361448764801,0.0,108
ikan,0.470750093460083,0.0,190
ikan,0.328823983669281,0.0,225
ikan,0.42501363158226013,0.0,41
ikan,0.33206087350845337,0.0,253
ikan,0.38290759921073914,0.0,0
ikan,0.15301939845085144,0.0,188
ikan,0.442400187253952,0.0,96
ikan,0.19947287440299988,0.0,251
ikan,0.6983138918876648,0.0,83
ikan,0.26121050119400024,0.0,24
ikan,0.40152785181999207,0.0,196
ikan,0.9304920434951782,0.0,209
ikan,0.15464675426483154,0.0,231
ikan,0.25621604919433594,0.0,89
ikan,0.14113029837608337,0.0,32
ikan,0.30254390835762024,0.0,83
ikan,0.7016181349754333,0.0,86
ikan,0.18838980793952942,0.0,235
ikan,0.33645740151405334,0.0,255
ikan,0.5022183656692505,0.0,255
ikan,0.3066507577896118,0.0,42
ikan,0.1543699949979782,0.0,231
ikan,0.5345531105995178,0.0,121
ikan,0.13341884315013885,0.0,167
ikan,0.8122115731239319,0.0,131
ikan,0.38334113359451294,0.0,185
ikan,0.5996195673942566,0.0,252
ikan,0.4467634856700897,0.0,176
ikan,0.1410665214061737,0.0,243
ikan,0.44829851388931274,0.0,125
ikan,0.36501815915107727,0.0,1
ikan,0.24863238632678986,0.0,0
ikan,0.5479047894477844,0.0,229
ikan,0.10144034773111343,0.0,66
ikan,0.303815096616745,0.0,112
ikan,0.13780994713306427,0.0,48
ikan,0.2626188099384308,0.0,121
ikan,0.3092665374279022,0.0,76
ikan,0.25079345703125,0.0,49
ikan,0.30043235421180725,0.0,23
ikan,0.5530765056610107,0.0,108
ikan,0.6021980047225952,0.0,211
ikan,0.6804694533348083,0.0,255
ikan,0.3787110149860382,0.0,122
ikan,0.37070268392562866,0.0,145
ikan,0.23061898350715637,0.0,207
ikan,0.4420187175273895,0.0,0
ikan,0.2496928572654724,0.0,56
ikan,0.29017889499664307,0.0,234
ikan,0.8264676928520203,0.0,188
ikan,0.2909613251686096,0.0,21
ikan,0.3841284215450287,0.0,63
ikan,0.25672245025634766,0.0,184
ikan,0.48277220129966736,0.0,16
kubis,0.44745782017707825,0.0,0
kubis,0.4906376898288727,0.0,255
kubis,0.4820846617221832,0.0,174
kubis,0.49635112285614014,0.0,61
kubis,0.6759235858917236,0.0,51
kubis,0.413773775100708,0.0,161
kubis,0.6674948334693909,0.0,255
kubis,0.3656145930290222,0.0,240
kubis,0.4538910388946533,0.0,12
kubis,0.5993552207946777,0.0,255
kubis,0.3863837718963623,0.0,0
kubis,0.4191744029521942,0.0,90
kubis,0.4907861351966858,0.0,209
kubis,0.3204074203968048,0.0,49
kubis,0.32417532801628113,0.0,141
kubis,0.5320309996604919,0.0,254
kubis,0.3545567989349365,0.0,86
kubis,0.41737136244773865,0.0,16
kubis,0.45130690932273865,0.0,0
kubis,0.6899468302726746,0.0,211
kubis,0.48906680941581726,0.0,0
kubis,0.5495449304580688,0.0,123
kubis,0.5062193274497986,0.0,44
kubis,0.6589443683624268,0.0,39
kubis,0.4788558781147003,0.0,0
kubis,0.3480282425880432,0.0,95
kubis,0.4111001193523407,0.0,0
kubis,0.3825429081916809,0.0,3
kubis,0.6429927349090576,0.0,238
kubis,0.4835158884525299,0.0,106
kubis,0.5049256086349487,0.0,196
kubis,0.4866468608379364,0.0,76
kubis,0.34063249826431274,0.0,255
kubis,0.4423999488353729,0.0,254
kubis,0.48492059111595154,0.0,135
kubis,0.47090014815330505,0.0,250
kubis,0.6276477575302124,0.0,82
kubis,0.8438538908958435,0.0,246
kubis,0.8687174916267395,0.0,85
kubis,0.7513388395309448,0.0,63
kubis,0.42074450850486755,0.0,14
kubis,0.4509301781654358,0.0,255
kubis,0.6129542589187622,0.0,35
kubis,0.5186142921447754,0.0,101
kubis,0.49363407492637634,0.0,40
kubis,0.42516085505485535,0.0,240
kubis,0.7974824905395508,0.0,80
kubis,0.3933368921279907,0.0,83
kubis,0.5805128216743469,0.0,103
kubis,0.42396458983421326,0.0,133
kubis,0.37975838780403137,0.0,211
kubis,0.7285301089286804,0.0,232
kubis,0.43182867765426636,0.0,242
kubis,0.5054782032966614,0.0,131
kubis,0.394324392080307,0.0,122
kubis,0.8489145040512085,0.0,129
kubis,0.35021600127220154,0.0,101
kubis,0.41271260380744934,0.0,56
kubis,0.34589940309524536,0.0,152
kubis,0.6574223041534424,0.0,165
kubis,0.4231889247894287,0.0,0
kubis,0.7906439900398254,0.0,110
kubis,0.842271089553833,0.0,77
kubis,0.5781640410423279,0.0,136
kubis,0.7081465721130371,0.0,171
kubis,0.4888828694820404,0.0,208
kubis,0.539569616317749,0.0,144
kubis,0.34059980511665344,0.0,0
kubis,0.6693946123123169,0.0,254
kubis,0.8522184491157532,0.0,23
kubis,0.3651432693004608,0.0,0
kubis,0.6939453482627869,0.0,52
kubis,0.8764172196388245,0.0,66
kubis,0.5087848901748657,0.0,0
kubis,0.624958872795105,0.0,247
kubis,0.5101748108863831,0.0,33
kubis,0.439473420381546,0.0,110
kubis,0.4784815311431885,0.0,49
kubis,0.48657822608947754,0.0,101
kubis,0.5026990175247192,0.0,255
kubis,0.42876508831977844,0.0,0
kubis,0.3531244695186615,0.0,133
kubis,0.4666863679885864,0.0,38
kubis,0.8624862432479858,0.0,64
kubis,0.5953190922737122,0.0,255
kubis,0.3521334230899811,0.0,200
kubis,0.28196725249290466,0.0,71
kubis,0.44597128033638,0.0,255
kubis,0.5059431195259094,0.0,147
kubis,0.39517471194267273,0.0,17
kubis,0.28936123847961426,0.0,132
kubis,0.36030280590057373,0.0,75
kubis,0.3132080137729645,0.0,210
kubis,0.5362120866775513,0.0,37
kubis,0.5787947177886963,0.0,59
kubis,0.400289922952652,0.0,61
kubis,0.463541716337204,0.0,77
kubis,0.5336710214614868,0.0,255
kubis,0.5633313059806824,0.0,55
kubis,0.7071337699890137,0.0,81
kubis,0.24588601291179657,0.0,253
kubis,0.42057308554649353,0.0,165
kubis,0.3067999482154846,0.0,197
kubis,0.5281422734260559,0.0,156
kubis,0.5684146881103516,0.0,229
kubis,0.3039613664150238,0.0,126
kubis,0.5023388266563416,0.0,66
kubis,0.346388041973114,0.0,226
kubis,0.32090720534324646,0.0,237
kubis,0.22002919018268585,0.0,5
kubis,0.26758232712745667,0.0,57
kubis,0.31175366044044495,0.0,255
kubis,0.7198966145515442,0.0,246
kubis,0.4134890139102936,0.0,0
kubis,0.3550236225128174,0.0,28
kubis,0.35782453417778015,0.0,255
kubis,0.7349943518638611,0.0,254
kubis,0.3106984496116638,0.0,248
kubis,0.6263194680213928,0.0,6
kubis,0.4243638217449188,0.0,255
kubis,0.2780497670173645,0.0,31
kubis,0.444721519947052,0.0,156
kubis,0.29473161697387695,0.0,0
kubis,0.3910782039165497,0.0,138
kubis,0.6847540736198425,0.0,50
kubis,0.5902932286262512,0.0,221
kubis,0.49942946434020996,0.0,122
kubis,0.4497855007648468,0.0,238
kubis,0.5149614810943604,0.0,120
kubis,0.5935642123222351,0.0,0
kubis,0.4610320031642914,0.0,230
kubis,0.3772127330303192,0.0,0
kubis,0.6300757527351379,0.0,0
kubis,0.5284598469734192,0.0,255
kubis,0.28345316648483276,0.0,119
kubis,0.2113005816936493,0.0,17
kubis,0.4879123270511627,0.0,255
kubis,0.2689575254917145,0.0,189
kubis,0.6281121969223022,0.0,61
kubis,0.13188286125659943,0.0,0
kubis,0.3747406005859375,0.0,223
kubis,0.41216734051704407,0.0,91
kubis,0.6796668171882629,0.0,148
kubis,0.8346009254455566,0.0,183
kubis,0.5708077549934387,0.0,249
kubis,0.26043227314949036,0.0,202
kubis,0.10777280479669571,0.0,132
kubis,0.652111828327179,0.0,0
kubis,0.5385540127754211,0.0,254
kubis,0.7773805260658264,0.0,19
kubis,0.4442823827266693,0.0,0
kubis,0.7375712394714355,0.0,0
kubis,0.2281026840209961,0.0,174
kubis,0.47783610224723816,0.0,255
kubis,0.4675496816635132,0.0,162
kubis,0.6059995889663696,0.0,182
kubis,0.8016422390937805,0.0,91
kubis,0.24069847166538239,0.0,35
kubis,0.4153529703617096,0.0,212
kubis,0.5024436116218567,0.0,26
kubis,0.45963308215141296,0.0,46
kubis,0.2545450031757355,0.0,165
kubis,0.7409427762031555,0.0,255
kubis,0.5117509961128235,0.0,172
kubis,0.5205982327461243,0.0,174
kubis,0.3321712911128998,0.0,211
kubis,0.5888849496841431,0.0,90
kubis,0.357634037733078,0.0,45
kubis,0.598353385925293,0.0,4
kubis,0.6573882102966309,0.0,57
kubis,0.40466222167015076,0.0,170
kubis,0.4443266987800598,0.0,42
kubis,0.3096408545970917,0.0,211
kubis,0.45348218083381653,0.0,88
kubis,0.35404691100120544,0.0,92
kubis,0.5503669381141663,0.0,149
kubis,0.27868467569351196,0.0,74
kubis,0.5034241676330566,0.0,255
kubis,0.6398298144340515,0.0,139
kubis,0.5772249102592468,0.0,230
kubis,0.3102709949016571,0.0,91
kubis,0.7447239756584167,0.0,128
kubis,0.29783540964126587,0.0,90
kubis,0.7263474464416504,0.0,38
kubis,0.6746062636375427,0.0,172
kubis,0.38644739985466003,0.0,255
kubis,0.41967716813087463,0.0,164
kubis,0.5101953148841858,0.0,227
kubis,0.5282549262046814,0.0,103
kubis,0.8592199683189392,0.0,229
kubis,0.45637983083724976,0.0,12
kubis,0.2852000892162323,0.0,147
kubis,0.42086437344551086,0.0,59
kubis,0.4211256504058838,0.0,197
kubis,0.3394838869571686,0.0,65
kubis,0.33831512928009033,0.0,241
kubis,0.40352490544319153,0.0,250
kubis,0.35844752192497253,0.0,126
kubis,0.41263094544410706,0.0,108
kubis,0.6005078554153442,0.0,8
kubis,0.30788272619247437,0.0,1
kubis,0.3084692656993866,0.0,80
kubis,0.41109395027160645,0.0,255
kubis,0.35298627614974976,0.0,239
kubis,0.46548253297805786,0.0,254
kubis,0.7484205365180969,0.0,32
kubis,0.4138586223125458,0.0,66
kubis,0.6077256202697754,0.0,0
kubis,0.3052248954772949,0.0,20
kubis,0.6502320170402527,0.0,164
kubis,0.4165230691432953,0.0,180
kubis,0.5449380278587341,0.0,122
kubis,0.5114464163780212,0.0,76
kubis,0.29849961400032043,0.0,188
kubis,0.2755347490310669,0.0,152
kubis,0.22537948191165924,0.0,223
kubis,0.42244088649749756,0.0,255
kubis,0.24466370046138763,0.0,167
kubis,0.5005766749382019,0.0,255
kubis,0.3247234523296356,0.0,59
kubis,0.11220638453960419,0.0,189
kubis,0.4994302988052368,0.0,218
kubis,0.20233963429927826,0.0,0
kubis,0.5426841974258423,0.0,255
kubis,0.4494587481021881,0.0,115
kubis,0.5803642272949219,0.0,11
kubis,0.410169392824173,0.0,128
kubis,0.3640376925468445,0.0,207
kubis,0.4407835900783539,0.0,100
kubis,0.34442853927612305,0.0,54
kubis,0.6427816152572632,0.0,164
kubis,0.4649994373321533,0.0,212
kubis,0.5613728165626526,0.0,196
kubis,0.39992934465408325,0.0,77
kubis,0.7291615009307861,0.0,54
kubis,0.545977771282196,0.0,193
kubis,0.27934643626213074,0.0,105
kubis,0.45065411925315857,0.0,125
kubis,0.21939416229724884,0.0,255
kubis,0.33020833134651184,0.0,61
kubis,0.23105064034461975,0.0,180
kubis,0.25327223539352417,0.0,208
kubis,0.4464997351169586,0.0,0
kubis,0.29844826459884644,0.0,145
kubis,0.3065779209136963,0.0,155
kubis,0.46239379048347473,0.0,43
kubis,0.3390814960002899,0.0,184
kubis,0.2683527171611786,0.0,169
kubis,0.43126174807548523,0.0,17
kubis,0.3570914566516876,0.0,25
kubis,0.3406677842140198,0.0,103
kubis,0.3411456048488617,0.0,196
kubis,0.1519460380077362,0.0,92
kubis,0.2614385783672333,0.0,144
kubis,0.6214733123779297,0.0,255
kubis,0.48313888907432556,0.0,64
kubis,0.4958973526954651,0.0,254
kubis,0.4884132742881775,0.0,99
kubis,0.2556365728378296,0.0,98
kubis,0.34215784072875977,0.0,187
kubis,0.3884098529815674,0.0,207
kubis,0.4404517412185669,0.0,183
kubis,0.27928072214126587,0.0,98
kubis,0.5266956686973572,0.0,44
kubis,0.35500380396842957,0.0,225
kubis,0.46374043822288513,0.0,0
kubis,0.658426821231842,0.0,130
kubis,0.41186290979385376,0.0,165
kubis,0.39265891909599304,0.0,43
kubis,0.4055324196815491,0.0,197
kubis,0.24667513370513916,0.0,0
kubis,0.25941377878189087,0.0,255
kubis,0.45467790961265564,0.0,240
kubis,0.21358680725097656,0.0,24
kubis,0.2658326029777527,0.0,22
kubis,0.18148216605186462,0.0,210
kubis,0.3784220218658447,0.0,33
kubis,0.3811122477054596,0.0,0
kubis,0.23762889206409454,0.0,0
kubis,0.7818822860717773,0.0,165
kubis,0.47279196977615356,0.0,255
kubis,0.2960323393344879,0.0,89
kubis,0.5921433568000793,0.0,171
kubis,0.5180726051330566,0.0,60
kubis,0.6795216202735901,0.0,255
kubis,0.5310674905776978,0.0,129
kubis,0.28415751457214355,0.0,79
kubis,0.45676514506340027,0.0,0
kubis,0.4447106122970581,0.0,94
kubis,0.2496015876531601,0.0,24
kubis,0.5274364948272705,0.0,151
kubis,0.4624583423137665,0.0,167
kubis,0.7662250995635986,0.0,178
kubis,0.504736065864563,0.0,174
kubis,0.44425368309020996,0.0,117
kubis,0.5151714086532593,0.0,255
kubis,0.1919100433588028,0.0,50
kubis,0.3041047155857086,0.0,121
kubis,0.2514607906341553,0.0,120
kubis,0.7079121470451355,0.0,222
kubis,0.6894994974136353,0.0,92
kubis,0.5831499099731445,0.0,93
kubis,0.41897672414779663,0.0,3
kubis,0.317526638507843,0.0,116
kubis,0.3803374767303467,0.0,10
kubis,0.5080589652061462,0.0,147
kubis,0.2693571448326111,0.0,141
kubis,0.4216407239437103,0.0,255
kubis,0.8450594544410706,0.0,76
kubis,0.5376545190811157,0.0,23
kubis,0.8551924228668213,0.0,254
kubis,0.7900536060333252,0.0,139
kubis,0.29537734389305115,0.0,203
kubis,0.23349180817604065,0.0,91
kubis,0.2939658761024475,0.0,227
kubis,0.3156769275665283,0.0,156
kubis,0.5086210370063782,0.0,255
kubis,0.44957390427589417,0.0,44
kubis,0.3964698016643524,0.0,31
kubis,0.5530168414115906,0.0,81
kubis,0.48444801568984985,0.0,157
kubis,0.37717530131340027,0.0,255
kubis,0.2631499171257019,0.0,113
kubis,0.5586269497871399,0.0,201
kubis,0.412387877702713,0.0,101
kubis,0.44390183687210083,0.0,216
kubis,0.5641689300537109,0.0,0
kubis,0.8751023411750793,0.0,97
kubis,0.27148446440696716,0.0,49
kubis,0.35889169573783875,0.0,2
kubis,0.41920921206474304,0.0,209
kubis,0.3631681799888611,0.0,146
kubis,0.4245126247406006,0.0,255
kubis,0.35079485177993774,0.0,157
kubis,0.4236694276332855,0.0,255
kubis,0.24885208904743195,0.0,15
kubis,0.40825533866882324,0.0,11
kubis,0.5830518007278442,0.0,98
kubis,0.489504337310791,0.0,186
kubis,0.3937844932079315,0.0,5
kubis,0.4091818630695343,0.0,25
kubis,0.24031654000282288,0.0,0
kubis,0.29600682854652405,0.0,14
kubis,0.2523767948150635,0.0,3
kubis,0.33324941992759705,0.0,252
kubis,0.6259920001029968,0.0,255
kubis,0.4441370964050293,0.0,126
kubis,0.38979285955429077,0.0,105
kubis,0.5603464841842651,0.0,253
kubis,0.37159764766693115,0.0,159
kubis,0.37199464440345764,0.0,48
kubis,0.32169732451438904,0.0,0
kubis,0.2625279724597931,0.0,162
kubis,0.2601213753223419,0.0,2
kubis,0.3869381546974182,0.0,0
kubis,0.3494756817817688,0.0,125
kubis,0.24496376514434814,0.0,97
kubis,0.5620636940002441,0.0,131
kubis,0.7417138814926147,0.0,254
kubis,0.8511996865272522,0.0,244
kubis,0.38889268040657043,0.0,193
kubis,0.6932364106178284,0.0,229
kubis,0.39336881041526794,0.0,109
kubis,0.5805345177650452,0.0,84
kubis,0.3814743757247925,0.0,95
kubis,0.33631616830825806,0.0,124
kubis,0.6195991635322571,0.0,28
kubis,0.3539735674858093,0.0,0
kubis,0.4137295186519623,0.0,211
kubis,0.7504183053970337,0.0,7
kubis,0.7180027365684509,0.0,255
kubis,0.2046525776386261,0.0,87
kubis,0.5387134552001953,0.0,252
kubis,0.26429545879364014,0.0,58
kubis,0.25470033288002014,0.0,208
kubis,0.3866545557975769,0.0,142
kubis,0.43062469363212585,0.0,4
kubis,0.527593731880188,0.0,69
kubis,0.3402848541736603,0.0,74
kubis,0.4500317871570587,0.0,207
kubis,0.5541585087776184,0.0,255
kubis,0.5913064479827881,0.0,255
kubis,0.6596786975860596,0.0,255
kubis,0.7600497007369995,0.0,137
kubis,0.3628351092338562,0.0,104
kubis,0.203353151679039,0.0,199
kubis,0.8215761184692383,0.0,9
kubis,0.45245787501335144,0.0,94
kubis,0.43152281641960144,0.0,133
kubis,0.22545620799064636,0.0,251
kubis,0.2975529432296753,0.0,193
kubis,0.36421874165534973,0.0,187
kubis,0.39348599314689636,0.0,128
kubis,0.26606762409210205,0.0,37
kubis,0.40040314197540283,0.0,0
kubis,0.3926507532596588,0.0,0
kubis,0.2908893823623657,0.0,149
kubis,0.36136114597320557,0.0,255
kubis,0.6500557661056519,0.0,255
kubis,0.2665569484233856,0.0,225
kubis,0.37343424558639526,0.0,211
kubis,0.47941330075263977,0.0,137
kubis,0.5926470756530762,0.0,165
kubis,0.3567969501018524,0.0,2
kubis,0.5199118852615356,0.0,193
kubis,0.7088062167167664,0.0,204
kubis,0.46897056698799133,0.0,247
kubis,0.7212060689926147,0.0,255
kubis,0.7345542311668396,0.0,255
kubis,0.36823150515556335,0.0,145
kubis,0.64072585105896,0.0,196
kubis,0.38808536529541016,0.0,165
kubis,0.5691311955451965,0.0,170
kubis,0.3275056779384613,0.0,54
kubis,0.39146795868873596,0.0,160
kubis,0.45952579379081726,0.0,254
kubis,0.3821372091770172,0.0,79
kubis,0.2842593491077423,0.0,104
kubis,0.44664469361305237,0.0,27
kubis,0.29427018761634827,0.0,67
kubis,0.6981030702590942,0.0,251
kubis,0.34705090522766113,0.0,186
kubis,0.6450578570365906,0.0,164
kubis,0.3938871920108795,0.0,98
kubis,0.3017726242542267,0.0,255
kubis,0.6820725202560425,0.0,47
kubis,0.8706770539283752,0.0,255
kubis,0.6509908437728882,0.0,255
kubis,0.8822538256645203,0.0,166
kubis,0.4191880226135254,0.0,253
kubis,0.7926424145698547,0.0,37
kubis,0.34499290585517883,0.0,202
kubis,0.39356154203414917,0.0,0
kubis,0.24953730404376984,0.0,233
kubis,0.38702160120010376,0.0,138
kubis,0.8849778175354004,0.0,165
kubis,0.28448766469955444,0.0,41
kubis,0.8527902364730835,0.0,66
kubis,0.32421475648880005,0.0,186
kubis,0.6558374762535095,0.0,255
kubis,0.4182091951370239,0.0,255
kubis,0.5289373993873596,0.0,202
kubis,0.5011550784111023,0.0,158
kubis,0.3639041781425476,0.0,106
kubis,0.9006279110908508,0.0,229
kubis,0.6775867938995361,0.0,255
kubis,0.24320678412914276,0.0,58
kubis,0.22472518682479858,0.0,87
kubis,0.7525470852851868,0.0,88
kubis,0.29932770133018494,0.0,181
kubis,0.20368371903896332,0.0,248
kubis,0.302577406167984,0.0,234
kubis,0.4974687099456787,0.0,202
kubis,0.7736597657203674,0.0,244
kubis,0.265536367893219,0.0,255
kubis,0.44337204098701477,0.0,216
kubis,0.28031790256500244,0.0,39
kubis,0.5485697388648987,0.0,141
kubis,0.8215921521186829,0.0,100
kubis,0.6698176264762878,0.0,0
kubis,0.5711909532546997,0.0,227
kubis,0.8876544237136841,0.0,253
kubis,0.3674369752407074,0.0,202
kubis,0.8685766458511353,0.0,255
kubis,0.2035120725631714,0.0,0
kubis,0.20930562913417816,0.0,255
kubis,0.3583506941795349,0.0,125
kubis,0.23525021970272064,0.0,249
kubis,0.7218274474143982,0.0,209
kubis,0.2880009710788727,0.0,131
kubis,0.28761768341064453,0.0,65
kubis,0.3520969748497009,0.0,80
kubis,0.34705835580825806,0.0,47
kubis,0.3021945655345917,0.0,0
kubis,0.2667700946331024,0.0,255
kubis,0.5961373448371887,0.0,0
kubis,0.19512192904949188,0.0,48
kubis,0.3675318956375122,0.0,176
kubis,0.5202164053916931,0.0,7
kubis,0.31767070293426514,0.0,9
kubis,0.5379447340965271,0.0,146
kubis,0.4804907441139221,0.0,122
kubis,0.5136402249336243,0.0,48
kubis,0.21887703239917755,0.0,164
kubis,0.24758680164813995,0.0,11
kubis,0.3053642511367798,0.0,198
kubis,0.4287099540233612,0.0,255
kubis,0.36522266268730164,0.0,6
kubis,0.6325500011444092,0.0,107
kubis,0.2036232054233551,0.0,70
kubis,0.6979144215583801,0.0,25
kubis,0.585471510887146,0.0,255
kubis,0.32526910305023193,0.0,27
kubis,0.22755977511405945,0.0,231
kubis,0.5237709879875183,0.0,205
kubis,0.33754029870033264,0.0,189
kubis,0.4761546552181244,0.0,229
kubis,0.39561012387275696,0.0,0
kubis,0.3249845504760742,0.0,0
kubis,0.2687528729438782,0.0,255
kubis,0.6677260398864746,0.0,255
kubis,0.38656747341156006,0.0,190
kubis,0.3061293959617615,0.0,241
kubis,0.46921083331108093,0.0,128
kubis,0.33318379521369934,0.0,255
kubis,0.4021487832069397,0.0,21
kubis,0.5189213156700134,0.0,186
kubis,0.3032156527042389,0.0,24
kubis,0.6987319588661194,0.0,178
kubis,0.8759769797325134,0.0,255
kubis,0.2992064654827118,0.0,17
kubis,0.41438451409339905,0.0,70
kubis,0.19095921516418457,0.0,228
kubis,0.375039666891098,0.0,208
kubis,0.54286128282547,0.0,83
kubis,0.20399466156959534,0.0,117
kubis,0.5304583311080933,0.0,65
kubis,0.5882073044776917,0.0,59
kubis,0.41496291756629944,0.0,14
kubis,0.39664432406425476,0.0,243
kubis,0.3948334753513336,0.0,0
kubis,0.8419176936149597,0.0,131
kubis,0.8594033122062683,0.0,90
kubis,0.4696681797504425,0.0,108
kubis,0.32073432207107544,0.0,27
kubis,0.4585861265659332,0.0,98
kubis,0.4173608124256134,0.0,0
kubis,0.2963908612728119,0.0,208
kubis,0.2608813941478729,0.0,181
kubis,0.2919119596481323,0.0,206
kubis,0.30025801062583923,0.0,159
kubis,0.5569113492965698,0.0,197
kubis,0.8163964748382568,0.0,16
kubis,0.3060605823993683,0.0,255
kubis,0.5234056711196899,0.0,244
kubis,0.5240777730941772,0.0,177
kubis,0.44324976205825806,0.0,9
kubis,0.31350958347320557,0.0,0
kubis,0.30200955271720886,0.0,160
kubis,0.2851952910423279,0.0,5
kubis,0.4393657147884369,0.0,0
kubis,0.41260069608688354,0.0,14
kubis,0.24298568069934845,0.0,118
kubis,0.35378316044807434,0.0,165
kubis,0.5567968487739563,0.0,254
kubis,0.22977831959724426,0.0,57
kubis,0.6183702945709229,0.0,253
kubis,0.2601146996021271,0.0,223
kubis,0.2932625114917755,0.0,199
kubis,0.9423733949661255,0.0,29
kubis,0.861158549785614,0.0,255
kubis,0.4490821957588196,0.0,255
kubis,0.34701064229011536,0.0,1
kubis,0.6816390752792358,0.0,0
kubis,0.5022958517074585,0.0,17
kubis,0.4183780252933502,0.0,166
kubis,0.13878542184829712,0.0,63
kubis,0.2856888473033905,0.0,164
kubis,0.47451451420783997,0.0,0
kubis,0.3940800130367279,0.0,255
kubis,0.8083152174949646,0.0,255
kubis,0.7061358094215393,0.0,255
kubis,0.5958737134933472,0.0,218
kubis,0.6277191042900085,0.0,13
kubis,0.44102588295936584,0.0,254
kubis,0.33409368991851807,0.0,116
kubis,0.34578219056129456,0.0,91
kubis,0.3476627469062805,0.0,228
kubis,0.40942901372909546,0.0,227
kubis,0.5563483834266663,0.0,17
kubis,0.26956650614738464,0.0,8
kubis,0.6527059674263,0.0,252
kubis,0.6784480214118958,0.0,255
kubis,0.43815478682518005,0.0,74
kubis,0.5404388904571533,0.0,177
kubis,0.3519562780857086,0.0,3
kubis,0.33401620388031006,0.0,181
kubis,0.6194720268249512,0.0,255
kubis,0.6422770023345947,0.0,195
kubis,0.3136884570121765,0.0,57
kubis,0.5773780345916748,0.0,64
kubis,0.6504170894622803,0.0,211
kubis,0.36012205481529236,0.0,255
kubis,0.7515122890472412,0.0,105
kubis,0.3116382956504822,0.0,255
kubis,0.2844325602054596,0.0,132
kubis,0.41743627190589905,0.0,114
pisang,0.3474884331226349,0.0,78
pisang,0.4998950660228729,0.0,250
pisang,0.8616636395454407,0.0,109
pisang,0.340558797121048,0.0,14
pisang,0.8377622365951538,0.0,36
pisang,0.6699730753898621,0.0,255
pisang,0.5673224329948425,0.0,99
pisang,0.4124189019203186,0.0,169
pisang,0.561796247959137,0.0,42
pisang,0.8238918781280518,0.0,120
pisang,0.8966291546821594,0.0,255
pisang,0.8961677551269531,0.0,73
pisang,0.5152268409729004,0.0,0
pisang,0.8479030728340149,0.0,50
pisang,0.20587988197803497,0.0,76
pisang,0.4573453962802887,0.0,0
pisang,0.8505944609642029,0.0,255
pisang,0.646775484085083,0.0,228
pisang,0.46015140414237976,0.0,8
pisang,0.4242005944252014,0.0,47
pisang,0.8631035089492798,0.0,5
pisang,0.7550424337387085,0.0,255
pisang,0.8271518349647522,0.0,0
pisang,0.709606945514679,0.0,244
pisang,0.11720085144042969,0.0,87
pisang,0.8794189095497131,0.0,18
pisang,0.5487010478973389,0.0,186
pisang,0.857092022895813,0.0,55
pisang,0.813594400882721,0.0,131
pisang,0.8304035663604736,0.0,141
pisang,0.878558337688446,0.0,77
pisang,0.8740671277046204,0.0,102
pisang,0.4490942358970642,0.0,148
pisang,0.7656349539756775,0.0,255
pisang,0.7853267788887024,0.0,163
pisang,0.780409038066864,0.0,212
pisang,0.7785429954528809,0.0,93
pisang,0.7393149137496948,0.0,254
pisang,0.40835148096084595,0.0,35
pisang,0.8011639714241028,0.0,209
pisang,0.6692667603492737,0.0,2
pisang,0.17273029685020447,0.0,205
pisang,0.17627306282520294,0.0,3
pisang,0.7348936200141907,0.0,103
pisang,0.9373307228088379,0.0,224
pisang,0.7834696769714355,0.0,5
pisang,0.3921527862548828,0.0,232
pisang,0.3340473771095276,0.0,254
pisang,0.55913907289505,0.0,192
pisang,0.824352502822876,0.0,25
pisang,0.45787957310676575,0.0,172
pisang,0.48916366696357727,0.0,181
pisang,0.44149261713027954,0.0,45
pisang,0.45112645626068115,0.0,240
pisang,0.47566694021224976,0.0,142
pisang,0.508243203163147,0.0,109
pisang,0.3194669783115387,0.0,197
pisang,0.7903003692626953,0.0,19
pisang,0.4398718476295471,0.0,49
pisang,0.9344674348831177,0.0,0
pisang,0.8691279292106628,0.0,104
pisang,0.7406250834465027,0.0,137
pisang,0.8268431425094604,0.0,217
pisang,0.8123272657394409,0.0,199
pisang,0.8389852046966553,0.0,160
pisang,0.8988083600997925,0.0,53
pisang,0.4291756749153137,0.0,184
pisang,0.8301723003387451,0.0,242
pisang,0.4656062722206116,0.0,226
pisang,0.8198282122612,0.0,255
pisang,0.8230275511741638,0.0,248
pisang,0.6648995280265808,0.0,255
pisang,0.14105144143104553,0.0,245
pisang,0.6084070801734924,0.0,110
pisang,0.31552448868751526,0.0,36
pisang,0.34281203150749207,0.0,186
pisang,0.4991128146648407,0.0,140
pisang,0.6365932822227478,0.0,85
pisang,0.23224948346614838,0.0,48
pisang,0.5613998174667358,0.0,76
pisang,0.5286140441894531,0.0,229
pisang,0.40003564953804016,0.0,116
pisang,0.3033479154109955,0.0,255
pisang,0.37533116340637207,0.0,0
pisang,0.45879852771759033,0.0,46
pisang,0.4255773723125458,0.0,4
pisang,0.4075530767440796,0.0,169
pisang,0.7520506978034973,0.0,255
pisang,0.4509669244289398,0.0,88
pisang,0.33355093002319336,0.0,176
pisang,0.8043524622917175,0.0,218
pisang,0.661598801612854,0.0,88
pisang,0.8742744326591492,0.0,121
pisang,0.6630803346633911,0.0,21
pisang,0.3520345985889435,0.0,254
pisang,0.2500927448272705,0.0,102
pisang,0.2632530927658081,0.0,133
pisang,0.5316877961158752,0.0,181
pisang,0.5735985636711121,0.0,100
pisang,0.21940374374389648,0.0,101
pisang,0.8821313381195068,0.0,0
pisang,0.5244702696800232,0.0,138
pisang,0.8205206990242004,0.0,229
pisang,0.8228352069854736,0.0,1
pisang,0.1704457551240921,0.0,233
pisang,0.4501190185546875,0.0,0
pisang,0.47289395332336426,0.0,122
pisang,0.643268346786499,0.0,168
pisang,0.5648821592330933,0.0,145
pisang,0.46838071942329407,0.0,79
pisang,0.2640884518623352,0.0,219
pisang,0.3036014437675476,0.0,49
pisang,0.2554911971092224,0.0,108
pisang,0.47393742203712463,0.0,76
pisang,0.6773415803909302,0.0,133
pisang,0.34453216195106506,0.0,50
pisang,0.30789825320243835,0.0,211
pisang,0.7195271849632263,0.0,255
pisang,0.2635660171508789,0.0,0
pisang,0.8820933699607849,0.0,0
pisang,0.4289396107196808,0.0,58
pisang,0.26362454891204834,0.0,33
pisang,0.2678467333316803,0.0,1
pisang,0.8998851180076599,0.0,6
pisang,0.81046062707901,0.0,255
pisang,0.5130854845046997,0.0,65
pisang,0.5010494589805603,0.0,185
pisang,0.32378578186035156,0.0,153
pisang,0.8822368383407593,0.0,114
pisang,0.5154792666435242,0.0,170
pisang,0.3205272853374481,0.0,24
pisang,0.21913206577301025,0.0,254
pisang,0.5452479124069214,0.0,252
pisang,0.40233099460601807,0.0,238
pisang,0.34315016865730286,0.0,187
pisang,0.1928938627243042,0.0,196
pisang,0.40545058250427246,0.0,71
pisang,0.8809184432029724,0.0,90
pisang,0.8784368634223938,0.0,0
pisang,0.21458181738853455,0.0,0
pisang,0.3679288923740387,0.0,50
pisang,0.3933853805065155,0.0,88
pisang,0.20859724283218384,0.0,98
pisang,0.5783438086509705,0.0,158
pisang,0.4212249219417572,0.0,236
pisang,0.6570260524749756,0.0,13
pisang,0.4946117699146271,0.0,103
pisang,0.31649017333984375,0.0,244
pisang,0.3595048785209656,0.0,47
pisang,0.8010985851287842,0.0,93
pisang,0.5641169548034668,0.0,252
pisang,0.8640037775039673,0.0,6
pisang,0.21856805682182312,0.0,69
pisang,0.4073983132839203,0.0,210
pisang,0.42226818203926086,0.0,181
pisang,0.5667353868484497,0.0,64
pisang,0.2790275514125824,0.0,8
pisang,0.31547391414642334,0.0,255
pisang,0.5532472133636475,0.0,0
pisang,0.845523476600647,0.0,113
pisang,0.3869141936302185,0.0,76
pisang,0.32309362292289734,0.0,210
pisang,0.5295906066894531,0.0,255
pisang,0.41635459661483765,0.0,1
pisang,0.5465688109397888,0.0,182
pisang,0.3338492512702942,0.0,217
pisang,0.31948593258857727,0.0,245
pisang,0.675349235534668,0.0,255
pisang,0.39486679434776306,0.0,255
pisang,0.36554935574531555,0.0,151
pisang,0.8444308042526245,0.0,184
pisang,0.36058616638183594,0.0,0
pisang,0.5317614078521729,0.0,89
pisang,0.413948655128479,0.0,178
pisang,0.3826742172241211,0.0,28
pisang,0.5430896282196045,0.0,211
pisang,0.09137430787086487,0.0,183
pisang,0.881230890750885,0.0,56
pisang,0.7874879837036133,0.0,162
pisang,0.4956984221935272,0.0,255
pisang,0.7519826292991638,0.0,12
pisang,0.10635484009981155,0.0,173
pisang,0.5108780264854431,0.0,255
pisang,0.5597690939903259,0.0,211
pisang,0.2040729969739914,0.0,193
pisang,0.5012728571891785,0.0,1
pisang,0.6115089654922485,0.0,255
pisang,0.44039762020111084,0.0,65
pisang,0.4155648946762085,0.0,7
pisang,0.38246166706085205,0.0,83
pisang,0.43802013993263245,0.0,185
pisang,0.25937891006469727,0.0,252
pisang,0.4811078608036041,0.0,132
pisang,0.5298556685447693,0.0,125
pisang,0.8091537356376648,0.0,156
pisang,0.3057185709476471,0.0,145
pisang,0.7556412220001221,0.0,255
pisang,0.4225254952907562,0.0,237
pisang,0.11120808124542236,0.0,0
pisang,0.449680358171463,0.0,65
pisang,0.21019715070724487,0.0,255
pisang,0.5591920018196106,0.0,69
pisang,0.589159369468689,0.0,241
pisang,0.43712663650512695,0.0,42
pisang,0.42957234382629395,0.0,113
pisang,0.40737149119377136,0.0,0
pisang,0.33517393469810486,0.0,255
pisang,0.5205762982368469,0.0,255
pisang,0.5301174521446228,0.0,37
pisang,0.4965330958366394,0.0,185
pisang,0.33180156350135803,0.0,155
pisang,0.5015324354171753,0.0,187
pisang,0.5638960003852844,0.0,255
pisang,0.44920599460601807,0.0,56
pisang,0.7717917561531067,0.0,83
pisang,0.4681694507598877,0.0,180
pisang,0.8680773377418518,0.0,253
pisang,0.3568972051143646,0.0,0
pisang,0.8558186888694763,0.0,82
pisang,0.19620823860168457,0.0,199
pisang,0.7529787421226501,0.0,132
pisang,0.4351682960987091,0.0,254
pisang,0.5257427096366882,0.0,255
pisang,0.12094952166080475,0.0,96
pisang,0.3819459080696106,0.0,172
pisang,0.2700176239013672,0.0,162
pisang,0.25432223081588745,0.0,149
pisang,0.5092504024505615,0.0,98
pisang,0.3331276774406433,0.0,62
pisang,0.8459411263465881,0.0,27
pisang,0.9407252073287964,0.0,22
pisang,0.2830723524093628,0.0,104
pisang,0.5401567220687866,0.0,65
pisang,0.4092625677585602,0.0,255
pisang,0.6190352439880371,0.0,214
pisang,0.5958337783813477,0.0,250
pisang,0.46019312739372253,0.0,210
pisang,0.4483394920825958,0.0,10
pisang,0.4586155116558075,0.0,190
pisang,0.4664325416088104,0.0,84
pisang,0.5544787645339966,0.0,95
pisang,0.41914159059524536,0.0,12
pisang,0.3785652220249176,0.0,0
pisang,0.5802596807479858,0.0,67
pisang,0.5436166524887085,0.0,248
pisang,0.22197261452674866,0.0,0
pisang,0.9167639017105103,0.0,206
pisang,0.7510585784912109,0.0,97
pisang,0.7880833148956299,0.0,107
pisang,0.6625373363494873,0.0,40
pisang,0.3454506993293762,0.0,102
pisang,0.5318006277084351,0.0,227
pisang,0.23339524865150452,0.0,146
pisang,0.5723575949668884,0.0,48
pisang,0.4178142249584198,0.0,108
pisang,0.44250357151031494,0.0,140
pisang,0.5133524537086487,0.0,254
pisang,0.15903034806251526,0.0,0
pisang,0.25746428966522217,0.0,20
pisang,0.40805819630622864,0.0,252
pisang,0.9246998429298401,0.0,207
pisang,0.5446890592575073,0.0,0
pisang,0.38702669739723206,0.0,169
pisang,0.5985408425331116,0.0,66
pisang,0.7102333903312683,0.0,138
pisang,0.6702393889427185,0.0,172
pisang,0.7532839775085449,0.0,209
pisang,0.12873432040214539,0.0,212
pisang,0.18567200005054474,0.0,87
pisang,0.7062770128250122,0.0,126
pisang,0.37082698941230774,0.0,207
pisang,0.7588163614273071,0.0,226
pisang,0.7936499118804932,0.0,130
pisang,0.6709488034248352,0.0,54
pisang,0.44543856382369995,0.0,63
pisang,0.1023748368024826,0.0,100
pisang,0.47772523760795593,0.0,54
pisang,0.2464054673910141,0.0,128
pisang,0.457454651594162,0.0,12
pisang,0.563940167427063,0.0,182
pisang,0.5889801979064941,0.0,45
pisang,0.6489309072494507,0.0,255
pisang,0.15157222747802734,0.0,0
pisang,0.21327736973762512,0.0,1
pisang,0.8921423554420471,0.0,2
pisang,0.6537102460861206,0.0,108
pisang,0.4266355335712433,0.0,173
pisang,0.4169465899467468,0.0,52
pisang,0.4106035530567169,0.0,254
pisang,0.8292270302772522,0.0,160
pisang,0.6733577251434326,0.0,255
pisang,0.30307990312576294,0.0,254
pisang,0.4746673107147217,0.0,255
pisang,0.3856159746646881,0.0,57
pisang,0.5892172455787659,0.0,57
pisang,0.8524380922317505,0.0,3
pisang,0.18762536346912384,0.0,69
pisang,0.3062925338745117,0.0,65
pisang,0.5685245990753174,0.0,98
pisang,0.21829171478748322,0.0,25
pisang,0.7697051167488098,0.0,0
pisang,0.37450841069221497,0.0,116
pisang,0.39071911573410034,0.0,31
pisang,0.4202692210674286,0.0,255
pisang,0.382257342338562,0.0,75
pisang,0.6020614504814148,0.0,197
pisang,0.48335713148117065,0.0,200
pisang,0.21623855829238892,0.0,169
pisang,0.5249422192573547,0.0,255
pisang,0.4400942623615265,0.0,0
pisang,0.6682386994361877,0.0,54
pisang,0.5279035568237305,0.0,75
pisang,0.6575460433959961,0.0,255
pisang,0.5845198631286621,0.0,105
pisang,0.2842486500740051,0.0,255
pisang,0.9555869698524475,0.0,27
pisang,0.4911917448043823,0.0,4
pisang,0.5943594574928284,0.0,1
pisang,0.42759189009666443,0.0,255
pisang,0.6232767701148987,0.0,33
pisang,0.3650950789451599,0.0,203
pisang,0.26368147134780884,0.0,29
pisang,0.21350879967212677,0.0,153
pisang,0.8649582862854004,0.0,191
pisang,0.6043558120727539,0.0,108
pisang,0.43635040521621704,0.0,255
pisang,0.42626118659973145,0.0,128
pisang,0.4972245693206787,0.0,79
pisang,0.5102127194404602,0.0,108
pisang,0.38359472155570984,0.0,255
pisang,0.38413166999816895,0.0,0
pisang,0.3034481406211853,0.0,255
pisang,0.37419137358665466,0.0,215
pisang,0.527738094329834,0.0,0
pisang,0.6455874443054199,0.0,103
pisang,0.6911465525627136,0.0,144
pisang,0.8432928323745728,0.0,196
pisang,0.25355878472328186,0.0,38
pisang,0.6125450730323792,0.0,180
pisang,0.7158052325248718,0.0,76
pisang,0.472220242023468,0.0,0
pisang,0.49220094084739685,0.0,226
pisang,0.41711029410362244,0.0,254
pisang,0.5137702226638794,0.0,255
pisang,0.3149992823600769,0.0,104
pisang,0.3939138650894165,0.0,76
pisang,0.6776251196861267,0.0,207
pisang,0.6010667085647583,0.0,255
pisang,0.3267274498939514,0.0,73
pisang,0.21857459843158722,0.0,0
pisang,0.5286731719970703,0.0,162
pisang,0.421800434589386,0.0,0
pisang,0.8436951041221619,0.0,234
pisang,0.7004685401916504,0.0,0
pisang,0.5244760513305664,0.0,245
pisang,0.7461366653442383,0.0,74
pisang,0.26639771461486816,0.0,248
pisang,0.4510208070278168,0.0,176
pisang,0.6402257680892944,0.0,82
pisang,0.6922960877418518,0.0,253
pisang,0.9529179334640503,0.0,164
pisang,0.3933529555797577,0.0,255
pisang,0.8591512441635132,0.0,255
pisang,0.5357643961906433,0.0,209
pisang,0.8055298328399658,0.0,181
pisang,0.2504418194293976,0.0,229
pisang,0.2929661273956299,0.0,255
pisang,0.9106385111808777,0.0,0
pisang,0.11174905300140381,0.0,77
pisang,0.5900547504425049,0.0,0
pisang,0.6311179995536804,0.0,244
pisang,0.43765154480934143,0.0,145
pisang,0.3676108419895172,0.0,136
pisang,0.49892958998680115,0.0,104
pisang,0.3561496436595917,0.0,255
pisang,0.23191668093204498,0.0,255
pisang,0.347549170255661,0.0,74
pisang,0.19250670075416565,0.0,249
pisang,0.37369242310523987,0.0,188
pisang,0.6699720025062561,0.0,154
pisang,0.8739644885063171,0.0,90
pisang,0.11454153805971146,0.0,255
pisang,0.2597849667072296,0.0,0
pisang,0.8653435111045837,0.0,36
pisang,0.3305678367614746,0.0,0
pisang,0.5206232666969299,0.0,238
pisang,0.3910566568374634,0.0,110
pisang,0.5324335098266602,0.0,255
pisang,0.4804637134075165,0.0,249
pisang,0.32464146614074707,0.0,0
pisang,0.5507221817970276,0.0,95
pisang,0.4627845287322998,0.0,29
pisang,0.890771746635437,0.0,185
pisang,0.4266456365585327,0.0,138
pisang,0.8317150473594666,0.0,224
pisang,0.25953617691993713,0.0,255
pisang,0.5811206102371216,0.0,255
pisang,0.503455638885498,0.0,238
pisang,0.22955220937728882,0.0,63
pisang,0.1292496770620346,0.0,166
pisang,0.6484887003898621,0.0,56
pisang,0.8453564047813416,0.0,35
pisang,0.1144046038389206,0.0,70
pisang,0.45277535915374756,0.0,0
pisang,0.23044821619987488,0.0,182
pisang,0.6768100261688232,0.0,170
pisang,0.32787594199180603,0.0,245
pisang,0.3835069239139557,0.0,197
pisang,0.5258679389953613,0.0,0
pisang,0.3121351897716522,0.0,186
pisang,0.7968422770500183,0.0,69
pisang,0.40790095925331116,0.0,8
pisang,0.45327654480934143,0.0,175
pisang,0.5356700420379639,0.0,46
pisang,0.31566569209098816,0.0,161
pisang,0.8638456463813782,0.0,192
pisang,0.5561688542366028,0.0,209
pisang,0.31989800930023193,0.0,242
pisang,0.5441139936447144,0.0,123
pisang,0.6160727739334106,0.0,59
pisang,0.12232514470815659,0.0,219
pisang,0.46503686904907227,0.0,59
pisang,0.4862220883369446,0.0,0
pisang,0.41493767499923706,0.0,183
pisang,0.34466445446014404,0.0,182
pisang,0.8953024744987488,0.0,106
pisang,0.394601047039032,0.0,53
pisang,0.47540247440338135,0.0,54
pisang,0.6499887108802795,0.0,176
pisang,0.5540519952774048,0.0,0
pisang,0.4804214537143707,0.0,149
pisang,0.44175222516059875,0.0,144
pisang,0.5058584809303284,0.0,1
pisang,0.783333957195282,0.0,0
pisang,0.6153647303581238,0.0,243
pisang,0.9386756420135498,0.0,255
pisang,0.5892688035964966,0.0,204
pisang,0.5755091309547424,0.0,200
pisang,0.5243236422538757,0.0,109
pisang,0.3227735757827759,0.0,75
pisang,0.4595946669578552,0.0,214
pisang,0.8605132102966309,0.0,200
pisang,0.3093112111091614,0.0,84
pisang,0.6818689107894897,0.0,196
pisang,0.8379526138305664,0.0,15
pisang,0.40100836753845215,0.0,110
pisang,0.8705304861068726,0.0,24
pisang,0.44430339336395264,0.0,255
pisang,0.32886984944343567,0.0,255
pisang,0.11388415098190308,0.0,97
pisang,0.7407160997390747,0.0,83
pisang,0.609851598739624,0.0,33
pisang,0.2433110922574997,0.0,89
pisang,0.5279133319854736,0.0,129
pisang,0.11069422215223312,0.0,255
pisang,0.4598155617713928,0.0,96
pisang,0.6673715710639954,0.0,243
pisang,0.2597329914569855,0.0,243
pisang,0.26500043272972107,0.0,196
pisang,0.9104768633842468,0.0,156
pisang,0.3737170696258545,0.0,177
pisang,0.5338603854179382,0.0,123
pisang,0.39880630373954773,0.0,126
pisang,0.9000860452651978,0.0,141
pisang,0.4808831810951233,0.0,255
pisang,0.5945456027984619,0.0,140
pisang,0.6044145822525024,0.0,104
pisang,0.5398452877998352,0.0,99
pisang,0.5507168173789978,0.0,246
pisang,0.3427998423576355,0.0,83
pisang,0.5641851425170898,0.0,255
pisang,0.8812001347541809,0.0,254
pisang,0.4899637699127197,0.0,0
pisang,0.48397141695022583,0.0,112
pisang,0.7314354777336121,0.0,31
pisang,0.44549763202667236,0.0,141
pisang,0.7897045612335205,0.0,10
pisang,0.3071766793727875,0.0,118
pisang,0.21704798936843872,0.0,96
pisang,0.26473361253738403,0.0,51
pisang,0.9188570976257324,0.0,74
pisang,0.6732614040374756,0.0,103
pisang,0.3635421395301819,0.0,13
pisang,0.32536205649375916,0.0,254
pisang,0.4610929489135742,0.0,26
pisang,0.5776512622833252,0.0,0
pisang,0.3334733843803406,0.0,0
pisang,0.46222203969955444,0.0,108
pisang,0.23845358192920685,0.0,169
pisang,0.19546568393707275,0.0,37
pisang,0.3048745393753052,0.0,11
pisang,0.7005573511123657,0.0,178
pisang,0.30132344365119934,0.0,255
pisang,0.5917733907699585,0.0,187
pisang,0.8983919024467468,0.0,0
pisang,0.6844995021820068,0.0,11
pisang,0.2822408974170685,0.0,178
pisang,0.9024255275726318,0.0,0
pisang,0.32480335235595703,0.0,0
pisang,0.3369337320327759,0.0,254
pisang,0.12812261283397675,0.0,255
pisang,0.3804969787597656,0.0,0
pisang,0.502879798412323,0.0,118
pisang,0.6688024401664734,0.0,136
pisang,0.2714574933052063,0.0,234
pisang,0.26776203513145447,0.0,203
pisang,0.7245885133743286,0.0,242
pisang,0.5377972722053528,0.0,0
pisang,0.7673611044883728,0.0,160
pisang,0.3911503255367279,0.0,255
pisang,0.5439932346343994,0.0,0
pisang,0.2856577932834625,0.0,255
pisang,0.8365232944488525,0.0,2
pisang,0.5306459665298462,0.0,133
pisang,0.25974786281585693,0.0,98
pisang,0.7142724990844727,0.0,233
pisang,0.24260172247886658,0.0,255
pisang,0.5262205600738525,0.0,192
pisang,0.2166118621826172,0.0,165
pisang,0.5762608051300049,0.0,203
pisang,0.30368855595588684,0.0,90
pisang,0.26238512992858887,0.0,169
pisang,0.2708151936531067,0.0,208
pisang,0.31724056601524353,0.0,189
pisang,0.376837819814682,0.0,95
pisang,0.3423612713813782,0.0,39
pisang,0.2432701140642166,0.0,0
pisang,0.8207176923751831,0.0,0
pisang,0.3960830867290497,0.0,93
pisang,0.7059738039970398,0.0,94
pisang,0.5861166715621948,0.0,140
pisang,0.8217583298683167,0.0,191
pisang,0.5622307658195496,0.0,117
pisang,0.31444257497787476,0.0,203
pisang,0.23699268698692322,0.0,186
pisang,0.6130638718605042,0.0,95
pisang,0.41902151703834534,0.0,105
pisang,0.4834722876548767,0.0,95
pisang,0.894285261631012,0.0,22
pisang,0.42593663930892944,0.0,0
pisang,0.9286133646965027,0.0,34
pisang,0.1695852279663086,0.0,166
pisang,0.8411194682121277,0.0,247
pisang,0.4826348125934601,0.0,48
pisang,0.8820099234580994,0.0,243
pisang,0.3949134349822998,0.0,0
pisang,0.7663253545761108,0.0,95
pisang,0.5245419144630432,0.0,93
pisang,0.568160355091095,0.0,2
pisang,0.38566794991493225,0.0,255
pisang,0.8807931542396545,0.0,153
pisang,0.3418082892894745,0.0,255
pisang,0.5418989062309265,0.0,127
pisang,0.8498137593269348,0.0,93
pisang,0.5286834836006165,0.0,10
pisang,0.5807815790176392,0.0,255
pisang,0.538496196269989,0.0,123
pisang,0.35327157378196716,0.0,76
pisang,0.8005566000938416,0.0,25
pisang,0.8555123209953308,0.0,116
pisang,0.2501712441444397,0.0,252
pisang,0.6293267011642456,0.0,130
pisang,0.6336875557899475,0.0,2
pisang,0.5063546895980835,0.0,121
pisang,0.45435062050819397,0.0,69
pisang,0.27961426973342896,0.0,211
pisang,0.3308659493923187,0.0,255
pisang,0.4786902666091919,0.0,186
pisang,0.35632914304733276,0.0,156
pisang,0.7640568614006042,0.0,132
pisang,0.3982139527797699,0.0,241
pisang,0.3682497441768646,0.0,162
pisang,0.27325546741485596,0.0,0
pisang,0.4722045660018921,0.0,127
pisang,0.637791097164154,0.0,255
pisang,0.3663170039653778,0.0,253
pisang,0.296724796295166,0.0,128
pisang,0.7572187781333923,0.0,89
pisang,0.317888468503952,0.0,253
pisang,0.5466170907020569,0.0,252
pisang,0.474712073802948,0.0,0
pisang,0.23551303148269653,0.0,254
pisang,0.6514219045639038,0.0,61
pisang,0.6550258994102478,0.0,233
pisang,0.19386185705661774,0.0,37
pisang,0.23306791484355927,0.0,214
pisang,0.34623193740844727,0.0,255
timun,0.7821977734565735,0.0,100
timun,0.4026295840740204,0.0,131
timun,0.5539562106132507,0.0,23
timun,0.389293909072876,0.0,99
timun,0.5906888246536255,0.0,49
timun,0.7611595988273621,0.0,255
timun,0.7977426648139954,0.0,46
timun,0.48961883783340454,0.0,111
timun,0.4809860289096832,0.0,62
timun,0.5410134196281433,0.0,237
timun,0.8430706262588501,0.0,157
timun,0.8625597953796387,0.0,0
timun,0.43080469965934753,0.0,34
timun,0.7145973443984985,0.0,120
timun,0.44878116250038147,0.0,161
timun,0.5032808780670166,0.0,28
timun,0.49602940678596497,0.0,194
timun,0.8537225127220154,0.0,254
timun,0.8386172652244568,0.0,111
timun,0.7474320530891418,0.0,72
timun,0.4703604280948639,0.0,110
timun,0.5262610912322998,0.0,120
timun,0.47605279088020325,0.0,226
timun,0.8307903409004211,0.0,84
timun,0.9080036282539368,0.0,252
timun,0.5646072626113892,0.0,36
timun,0.45072901248931885,0.0,77
timun,0.7409921288490295,0.0,148
timun,0.40141379833221436,0.0,16
timun,0.5121410489082336,0.0,70
timun,0.8897746801376343,0.0,0
timun,0.33620190620422363,0.0,254
timun,0.3618961274623871,0.0,220
timun,0.3118188977241516,0.0,128
timun,0.4683675467967987,0.0,66
timun,0.5029874444007874,0.0,228
timun,0.3985288441181183,0.0,255
timun,0.45936599373817444,0.0,181
timun,0.4726908802986145,0.0,0
timun,0.2912636995315552,0.0,229
timun,0.32256007194519043,0.0,255
timun,0.7690595388412476,0.0,255
timun,0.25289639830589294,0.0,207
timun,0.636846661567688,0.0,0
timun,0.3684229552745819,0.0,0
timun,0.5352750420570374,0.0,206
timun,0.8224005103111267,0.0,254
timun,0.40674054622650146,0.0,255
timun,0.4815865755081177,0.0,39
timun,0.4981279969215393,0.0,51
timun,0.44197019934654236,0.0,251
timun,0.8090704083442688,0.0,117
timun,0.7767452597618103,0.0,254
timun,0.4187413454055786,0.0,203
timun,0.4044559597969055,0.0,85
timun,0.6746095418930054,0.0,252
timun,0.46588000655174255,0.0,239
timun,0.8538700342178345,0.0,253
timun,0.2799888551235199,0.0,248
timun,0.49702635407447815,0.0,146
timun,0.46363985538482666,0.0,94
timun,0.8570054173469543,0.0,209
timun,0.2934316098690033,0.0,119
timun,0.781389057636261,0.0,0
timun,0.78700852394104,0.0,254
timun,0.35694220662117004,0.0,148
timun,0.38340187072753906,0.0,255
timun,0.2910691201686859,0.0,175
timun,0.42472222447395325,0.0,66
timun,0.4850122332572937,0.0,20
timun,0.5891413688659668,0.0,21
timun,0.33345404267311096,0.0,252
timun,0.5085899829864502,0.0,255
timun,0.859882652759552,0.0,255
timun,0.8248491287231445,0.0,106
timun,0.36113306879997253,0.0,125
timun,0.32774341106414795,0.0,90
timun,0.5624198913574219,0.0,76
timun,0.8400925993919373,0.0,246
timun,0.3975955545902252,0.0,245
timun,0.31450942158699036,0.0,67
timun,0.3643200099468231,0.0,68
timun,0.4462355077266693,0.0,165
timun,0.4621729552745819,0.0,97
timun,0.8177286982536316,0.0,254
timun,0.5323867201805115,0.0,209
timun,0.2782348096370697,0.0,77
timun,0.6143594980239868,0.0,87
timun,0.2380053997039795,0.0,66
timun,0.3818153738975525,0.0,55
timun,0.3028348982334137,0.0,28
timun,0.6087379455566406,0.0,101
timun,0.5338818430900574,0.0,97
timun,0.5200530290603638,0.0,93
timun,0.28993022441864014,0.0,73
timun,0.23934978246688843,0.0,197
timun,0.7565496563911438,0.0,68
timun,0.7809858918190002,0.0,114
timun,0.261080801486969,0.0,118
timun,0.30510014295578003,0.0,207
timun,0.9082234501838684,0.0,219
timun,0.21696096658706665,0.0,70
timun,0.28748270869255066,0.0,201
timun,0.39321815967559814,0.0,199
timun,0.2532496452331543,0.0,255
timun,0.23133538663387299,0.0,253
timun,0.4968363344669342,0.0,78
timun,0.7729988098144531,0.0,154
timun,0.29181092977523804,0.0,189
timun,0.5779294371604919,0.0,126
timun,0.7810516357421875,0.0,96
timun,0.4501653015613556,0.0,122
timun,0.35448601841926575,0.0,26
timun,0.14711003005504608,0.0,127
timun,0.3527395725250244,0.0,227
timun,0.3727935552597046,0.0,0
timun,0.558114230632782,0.0,103
timun,0.8360435962677002,0.0,52
timun,0.7924855351448059,0.0,0
timun,0.2965005338191986,0.0,0
timun,0.4212243854999542,0.0,114
timun,0.2763584554195404,0.0,255
timun,0.32798928022384644,0.0,59
timun,0.6319634318351746,0.0,1
timun,0.6351395845413208,0.0,0
timun,0.5689020752906799,0.0,115
timun,0.41085705161094666,0.0,20
timun,0.35911935567855835,0.0,48
timun,0.3095644414424896,0.0,42
timun,0.24084506928920746,0.0,255
timun,0.6660270094871521,0.0,101
timun,0.2975997030735016,0.0,157
timun,0.2476995885372162,0.0,76
timun,0.29013538360595703,0.0,255
timun,0.3873787820339203,0.0,85
timun,0.8549112677574158,0.0,130
timun,0.39643022418022156,0.0,57
timun,0.5555518865585327,0.0,0
timun,0.30604979395866394,0.0,208
timun,0.24032144248485565,0.0,94
timun,0.3640561103820801,0.0,219
timun,0.4252731204032898,0.0,199
timun,0.5019139051437378,0.0,14
timun,0.44442614912986755,0.0,117
timun,0.4068554937839508,0.0,198
timun,0.2845690846443176,0.0,101
timun,0.5266047120094299,0.0,255
timun,0.41017434000968933,0.0,255
timun,0.33147555589675903,0.0,255
timun,0.4156745970249176,0.0,66
timun,0.46949970722198486,0.0,27
timun,0.3817332983016968,0.0,36
timun,0.2475573718547821,0.0,255
timun,0.42738738656044006,0.0,252
timun,0.2781434953212738,0.0,140
timun,0.4226559102535248,0.0,0
timun,0.8486967086791992,0.0,227
timun,0.4702685475349426,0.0,244
timun,0.8723577260971069,0.0,54
timun,0.38794296979904175,0.0,49
timun,0.6081628799438477,0.0,252
timun,0.44628626108169556,0.0,255
timun,0.24449346959590912,0.0,57
timun,0.4024462401866913,0.0,0
timun,0.34015050530433655,0.0,186
timun,0.21388831734657288,0.0,38
timun,0.8532456755638123,0.0,255
timun,0.33692875504493713,0.0,20
timun,0.5452067255973816,0.0,0
timun,0.5742624402046204,0.0,246
timun,0.2672679126262665,0.0,91
timun,0.4335139989852905,0.0,27
timun,0.7175406813621521,0.0,165
timun,0.28193193674087524,0.0,191
timun,0.43002596497535706,0.0,57
timun,0.3761776387691498,0.0,198
timun,0.33709365129470825,0.0,214
timun,0.2742920517921448,0.0,45
timun,0.21142758429050446,0.0,220
timun,0.3712975084781647,0.0,238
timun,0.4649980366230011,0.0,71
timun,0.208528071641922,0.0,220
timun,0.18413770198822021,0.0,86
timun,0.349731981754303,0.0,13
timun,0.374315470457077,0.0,92
timun,0.3998701274394989,0.0,255
timun,0.35745251178741455,0.0,161
timun,0.41364070773124695,0.0,226
timun,0.25265488028526306,0.0,149
timun,0.4009858965873718,0.0,13
timun,0.3226533532142639,0.0,185
timun,0.4764637351036072,0.0,255
timun,0.2653965950012207,0.0,69
timun,0.2352135330438614,0.0,119
timun,0.2883542776107788,0.0,253
timun,0.9087352156639099,0.0,227
timun,0.1863987147808075,0.0,7
timun,0.38122451305389404,0.0,118
timun,0.26424306631088257,0.0,215
timun,0.48278456926345825,0.0,131
timun,0.5451700687408447,0.0,0
timun,0.3159646987915039,0.0,208
timun,0.2620083689689636,0.0,0
timun,0.5308936238288879,0.0,110
timun,0.7663670182228088,0.0,0
timun,0.33828410506248474,0.0,221
timun,0.7809488773345947,0.0,0
timun,0.25061360001564026,0.0,230
timun,0.4720052182674408,0.0,87
timun,0.4859762489795685,0.0,254
timun,0.4009065330028534,0.0,85
timun,0.30256566405296326,0.0,183
timun,0.49052008986473083,0.0,214
timun,0.3100817799568176,0.0,70
timun,0.5445707440376282,0.0,145
timun,0.3916138708591461,0.0,255
timun,0.37815359234809875,0.0,6
timun,0.4568641781806946,0.0,46
timun,0.5168140530586243,0.0,127
timun,0.17905470728874207,0.0,42
timun,0.35821881890296936,0.0,9
timun,0.3283641040325165,0.0,116
timun,0.8652605414390564,0.0,128
timun,0.26545608043670654,0.0,113
timun,0.8663026094436646,0.0,242
timun,0.6406143307685852,0.0,1
timun,0.4062140882015228,0.0,170
timun,0.3728998303413391,0.0,1
timun,0.25767871737480164,0.0,255
timun,0.43289312720298767,0.0,67
timun,0.2724825143814087,0.0,228
timun,0.5947603583335876,0.0,6
timun,0.4151793122291565,0.0,167
timun,0.3560190200805664,0.0,8
timun,0.3089003562927246,0.0,129
timun,0.34736815094947815,0.0,4
timun,0.7324669361114502,0.0,255
timun,0.45675429701805115,0.0,163
timun,0.7227110266685486,0.0,149
timun,0.23267224431037903,0.0,168
timun,0.27922648191452026,0.0,173
timun,0.8627573251724243,0.0,196
timun,0.3160954415798187,0.0,59
timun,0.5384728312492371,0.0,205
timun,0.5337863564491272,0.0,67
timun,0.482443630695343,0.0,0
timun,0.8561486005783081,0.0,204
timun,0.5216291546821594,0.0,70
timun,0.2915799915790558,0.0,255
timun,0.7486600279808044,0.0,110
timun,0.18801985681056976,0.0,255
timun,0.3885607421398163,0.0,252
timun,0.383708655834198,0.0,255
timun,0.8701157569885254,0.0,236
timun,0.3974963128566742,0.0,79
timun,0.5717654228210449,0.0,211
timun,0.5458822846412659,0.0,75
timun,0.45689013600349426,0.0,21
timun,0.23997332155704498,0.0,3
timun,0.28720298409461975,0.0,87
timun,0.7972515821456909,0.0,45
timun,0.832642674446106,0.0,108
timun,0.4843732416629791,0.0,69
timun,0.38679179549217224,0.0,245
timun,0.44824427366256714,0.0,213
timun,0.29066455364227295,0.0,100
timun,0.21880260109901428,0.0,0
timun,0.4887116551399231,0.0,255
timun,0.26269617676734924,0.0,96
timun,0.22418031096458435,0.0,141
timun,0.6682465076446533,0.0,5
timun,0.3806760013103485,0.0,221
timun,0.5454842448234558,0.0,100
timun,0.4754839539527893,0.0,254
timun,0.46634742617607117,0.0,84
timun,0.4471278190612793,0.0,209
timun,0.29918527603149414,0.0,217
timun,0.6146014928817749,0.0,225
timun,0.3259631395339966,0.0,251
timun,0.23451951146125793,0.0,176
timun,0.91628497838974,0.0,250
timun,0.38909050822257996,0.0,185
timun,0.27715572714805603,0.0,66
timun,0.17372670769691467,0.0,255
timun,0.45314669609069824,0.0,53
timun,0.1409057080745697,0.0,80
timun,0.8822475075721741,0.0,16
timun,0.8707267642021179,0.0,0
timun,0.8905384540557861,0.0,86
timun,0.25430935621261597,0.0,53
timun,0.3117460310459137,0.0,166
timun,0.6353058815002441,0.0,123
timun,0.16824033856391907,0.0,150
timun,0.9127683043479919,0.0,159
timun,0.28733429312705994,0.0,165
timun,0.15253224968910217,0.0,255
timun,0.6985711455345154,0.0,0
timun,0.3789406418800354,0.0,203
timun,0.6093929409980774,0.0,50
timun,0.5452208518981934,0.0,162
timun,0.4921722412109375,0.0,207
timun,0.6376533508300781,0.0,59
timun,0.8991801142692566,0.0,255
timun,0.30381378531455994,0.0,254
timun,0.5732172727584839,0.0,0
timun,0.49498826265335083,0.0,204
timun,0.3922423720359802,0.0,149
timun,0.19787323474884033,0.0,50
timun,0.3467668294906616,0.0,73
timun,0.4243471324443817,0.0,164
timun,0.3858248293399811,0.0,253
timun,0.28656187653541565,0.0,255
timun,0.27872970700263977,0.0,255
timun,0.44885876774787903,0.0,0
timun,0.5373738408088684,0.0,48
timun,0.4718092381954193,0.0,95
timun,0.207416832447052,0.0,200
timun,0.4461010694503784,0.0,212
timun,0.3668672740459442,0.0,0
timun,0.45643776655197144,0.0,254
timun,0.19608455896377563,0.0,255
timun,0.25265002250671387,0.0,77
timun,0.3433787524700165,0.0,44
timun,0.6799840331077576,0.0,149
timun,0.666466236114502,0.0,160
timun,0.5917443037033081,0.0,165
timun,0.14797350764274597,0.0,218
timun,0.8454430103302002,0.0,172
timun,0.34518808126449585,0.0,252
timun,0.3805942237377167,0.0,225
timun,0.4124225378036499,0.0,213
timun,0.4854489266872406,0.0,40
timun,0.45178326964378357,0.0,203
timun,0.3053268492221832,0.0,119
timun,0.2328319400548935,0.0,25
timun,0.3007451891899109,0.0,251
timun,0.5218865275382996,0.0,255
timun,0.33143123984336853,0.0,87
timun,0.5908003449440002,0.0,255
timun,0.3382997214794159,0.0,254
timun,0.6704181432723999,0.0,30
timun,0.4503189027309418,0.0,253
timun,0.46638280153274536,0.0,4
timun,0.22464510798454285,0.0,228
timun,0.23400326073169708,0.0,177
timun,0.31973162293434143,0.0,19
timun,0.5103868842124939,0.0,200
timun,0.6240131855010986,0.0,49
timun,0.836292564868927,0.0,122
timun,0.9326847791671753,0.0,164
timun,0.820826530456543,0.0,250
timun,0.3857698440551758,0.0,151
timun,0.27734220027923584,0.0,71
timun,0.16848334670066833,0.0,42
timun,0.31119510531425476,0.0,37
timun,0.2524581849575043,0.0,251
timun,0.7922787666320801,0.0,214
timun,0.5247713327407837,0.0,43
timun,0.5794515013694763,0.0,103
timun,0.39155635237693787,0.0,197
timun,0.8891093730926514,0.0,4
timun,0.5931519269943237,0.0,0
timun,0.7931135296821594,0.0,165
timun,0.2981618344783783,0.0,255
timun,0.4013545513153076,0.0,0
timun,0.8758854269981384,0.0,165
timun,0.3668035566806793,0.0,83
timun,0.523687481880188,0.0,132
timun,0.8190789818763733,0.0,46
timun,0.9185941815376282,0.0,255
timun,0.7136560082435608,0.0,160
timun,0.38093850016593933,0.0,245
timun,0.27942734956741333,0.0,165
timun,0.23027588427066803,0.0,0
timun,0.7860375046730042,0.0,45
timun,0.4045239984989166,0.0,254
timun,0.6527575850486755,0.0,0
timun,0.3528873026371002,0.0,36
timun,0.7964571118354797,0.0,107
timun,0.7868738174438477,0.0,0
timun,0.3775836229324341,0.0,0
timun,0.2042912393808365,0.0,89
timun,0.6155842542648315,0.0,177
timun,0.7064294219017029,0.0,124
timun,0.6452835202217102,0.0,86
timun,0.42011070251464844,0.0,97
timun,0.19418120384216309,0.0,106
timun,0.23840920627117157,0.0,203
timun,0.419372022151947,0.0,179
timun,0.2651708722114563,0.0,255
timun,0.3496386408805847,0.0,136
timun,0.2175813615322113,0.0,190
timun,0.4745652973651886,0.0,20
timun,0.45853492617607117,0.0,72
timun,0.27463507652282715,0.0,255
timun,0.3219856321811676,0.0,38
timun,0.2492825984954834,0.0,83
timun,0.434563547372818,0.0,23
timun,0.8353887796401978,0.0,170
timun,0.26998695731163025,0.0,6
timun,0.20032630860805511,0.0,208
timun,0.5571301579475403,0.0,92
timun,0.2842254936695099,0.0,100
timun,0.38513895869255066,0.0,0
timun,0.8656641244888306,0.0,86
timun,0.5266343951225281,0.0,135
timun,0.28198403120040894,0.0,187
timun,0.42193853855133057,0.0,159
timun,0.5431355237960815,0.0,255
timun,0.2678258717060089,0.0,0
timun,0.447024405002594,0.0,255
timun,0.44060733914375305,0.0,140
timun,0.3555881083011627,0.0,26
timun,0.8265925049781799,0.0,1
timun,0.656776487827301,0.0,36
timun,0.8413753509521484,0.0,148
timun,0.2920893728733063,0.0,77
timun,0.3462311625480652,0.0,1
timun,0.37699925899505615,0.0,78
timun,0.4324873089790344,0.0,198
timun,0.597569465637207,0.0,253
timun,0.44453108310699463,0.0,29
timun,0.8356766104698181,0.0,116
timun,0.27918118238449097,0.0,66
timun,0.7361046671867371,0.0,253
timun,0.3266676962375641,0.0,253
timun,0.26941001415252686,0.0,136
timun,0.24390558898448944,0.0,98
timun,0.14911197125911713,0.0,128
timun,0.3065735101699829,0.0,213
timun,0.3294185996055603,0.0,54
timun,0.3886149525642395,0.0,121
timun,0.32579776644706726,0.0,99
timun,0.7045519948005676,0.0,56
timun,0.3318925201892853,0.0,58
timun,0.20062145590782166,0.0,154
timun,0.1715286523103714,0.0,239
timun,0.27866649627685547,0.0,133
timun,0.6355240345001221,0.0,24
timun,0.3266180753707886,0.0,11
timun,0.44074347615242004,0.0,182
timun,0.8287712931632996,0.0,89
timun,0.5716293454170227,0.0,0
timun,0.555289626121521,0.0,53
timun,0.6874560713768005,0.0,29
timun,0.30649876594543457,0.0,167
timun,0.2827536165714264,0.0,254
timun,0.6699287295341492,0.0,0
timun,0.25402605533599854,0.0,12
timun,0.8877789974212646,0.0,103
timun,0.22744344174861908,0.0,103
timun,0.5594526529312134,0.0,197
timun,0.3767232596874237,0.0,58
timun,0.5662684440612793,0.0,132
timun,0.15783941745758057,0.0,191
timun,0.25108349323272705,0.0,211
timun,0.44682109355926514,0.0,48
timun,0.21255183219909668,0.0,204
timun,0.18006350100040436,0.0,32
timun,0.31914380192756653,0.0,255
timun,0.46183398365974426,0.0,126
timun,0.3037109375,0.0,182
timun,0.3951006531715393,0.0,185
timun,0.2604244649410248,0.0,165
timun,0.4273624122142792,0.0,53
timun,0.2306932955980301,0.0,0
timun,0.7997113466262817,0.0,7
timun,0.24056611955165863,0.0,143
timun,0.3793031573295593,0.0,221
timun,0.39569637179374695,0.0,143
timun,0.4104970693588257,0.0,168
timun,0.2868795692920685,0.0,251
timun,0.4930509328842163,0.0,225
timun,0.40579691529273987,0.0,5
timun,0.2386149913072586,0.0,159
timun,0.16493654251098633,0.0,183
timun,0.24531467258930206,0.0,220
timun,0.24599558115005493,0.0,231
timun,0.7387474775314331,0.0,66
timun,0.4274665415287018,0.0,249
timun,0.4401642084121704,0.0,25
timun,0.5867146849632263,0.0,101
timun,0.5892826914787292,0.0,254
timun,0.4451386332511902,0.0,113
timun,0.9166713356971741,0.0,0
timun,0.4636636972427368,0.0,186
timun,0.5175197124481201,0.0,253
timun,0.15329129993915558,0.0,176
timun,0.44103163480758667,0.0,102
timun,0.866136372089386,0.0,161
timun,0.3628179132938385,0.0,24
timun,0.20967711508274078,0.0,3
timun,0.23515847325325012,0.0,188
timun,0.38709259033203125,0.0,115
timun,0.3121238648891449,0.0,65
timun,0.5734549164772034,0.0,211
timun,0.2819981873035431,0.0,104
timun,0.9199938178062439,0.0,254
timun,0.9034392833709717,0.0,25
timun,0.7998795509338379,0.0,124
timun,0.5337445735931396,0.0,208
timun,0.39310625195503235,0.0,237
timun,0.4155164361000061,0.0,170
timun,0.42311689257621765,0.0,87
timun,0.27908429503440857,0.0,57
timun,0.27353546023368835,0.0,7
timun,0.2573343515396118,0.0,207
timun,0.3936481475830078,0.0,255
timun,0.5534783005714417,0.0,33
timun,0.2505083680152893,0.0,97
timun,0.3833913505077362,0.0,123
timun,0.4220818877220154,0.0,141
timun,0.6021369695663452,0.0,135
timun,0.8217030763626099,0.0,250
timun,0.7039506435394287,0.0,0
timun,0.6584133505821228,0.0,1
timun,0.3208498954772949,0.0,0
timun,0.24695391952991486,0.0,205
timun,0.4721839427947998,0.0,160
timun,0.3751749098300934,0.0,84
timun,0.4159258306026459,0.0,17
timun,0.2544225752353668,0.0,209
timun,0.353989839553833,0.0,255
timun,0.590326726436615,0.0,40
timun,0.2911053001880646,0.0,18
timun,0.5090988874435425,0.0,252
timun,0.8978356719017029,0.0,164
timun,0.33840614557266235,0.0,208
timun,0.327924519777298,0.0,196
timun,0.5644854307174683,0.0,255
timun,0.5412710309028625,0.0,1
timun,0.2435167282819748,0.0,210
timun,0.5501136779785156,0.0,63
timun,0.3841497004032135,0.0,88
timun,0.6127283573150635,0.0,108
timun,0.3346371352672577,0.0,76
timun,0.45837095379829407,0.0,196
timun,0.3409406542778015,0.0,145
timun,0.6994128227233887,0.0,48
timun,0.39195749163627625,0.0,219
timun,0.7121509313583374,0.0,0
timun,0.5437294244766235,0.0,165
timun,0.915672242641449,0.0,139
timun,0.8586368560791016,0.0,226
timun,0.26315250992774963,0.0,254
timun,0.3492894470691681,0.0,81
timun,0.4089638888835907,0.0,79
timun,0.662101149559021,0.0,65
timun,0.3998670279979706,0.0,246
timun,0.1457671970129013,0.0,53
timun,0.592140793800354,0.0,252
timun,0.6785252094268799,0.0,86
timun,0.35768765211105347,0.0,253
timun,0.2270902842283249,0.0,211
timun,0.3328210413455963,0.0,119
timun,0.6820122003555298,0.0,255
timun,0.3918668329715729,0.0,255
timun,0.27114352583885193,0.0,5
timun,0.5533093214035034,0.0,26
timun,0.8616139888763428,0.0,115
timun,0.4413909316062927,0.0,28
timun,0.6316102743148804,0.0,49
timun,0.7465827465057373,0.0,123
timun,0.2866774797439575,0.0,78
timun,0.9164827466011047,0.0,123
timun,0.25854241847991943,0.0,250
timun,0.3657841980457306,0.0,58
timun,0.25758039951324463,0.0,11
timun,0.39398902654647827,0.0,0
timun,0.5551317930221558,0.0,83
timun,0.42118775844573975,0.0,173
timun,0.5508044362068176,0.0,102
timun,0.8650856018066406,0.0,56
timun,0.40388572216033936,0.0,53
timun,0.49453210830688477,0.0,251
timun,0.8084660172462463,0.0,0
timun,0.5979722738265991,0.0,104
timun,0.48467472195625305,0.0,166
timun,0.8570843935012817,0.0,188
timun,0.24378889799118042,0.0,119
timun,0.4236215651035309,0.0,146
timun,0.30557572841644287,0.0,140
timun,0.31680306792259216,0.0,0
timun,0.25693103671073914,0.0,11
timun,0.4252476692199707,0.0,0
timun,0.35326704382896423,0.0,146
timun,0.17588384449481964,0.0,249
cabai,0.34327006340026855,0.0,107
cabai,0.4368589222431183,0.0,253
cabai,0.34360092878341675,0.0,31
cabai,0.4036508798599243,0.0,101
cabai,0.38257285952568054,0.0,111
cabai,0.4079420268535614,0.0,87
cabai,0.30456411838531494,0.0,103
cabai,0.3216104507446289,0.0,151
cabai,0.46651268005371094,0.0,164
cabai,0.4921424388885498,0.0,215
cabai,0.42695099115371704,0.0,243
cabai,0.5014145970344543,0.0,141
cabai,0.3720335066318512,0.0,187
cabai,0.4107951521873474,0.0,196
cabai,0.30758488178253174,0.0,46
cabai,0.5019810199737549,0.0,153
cabai,0.39869043231010437,0.0,110
cabai,0.5007511973381042,0.0,8
cabai,0.39257481694221497,0.0,112
cabai,0.12567272782325745,0.0,212
cabai,0.3771415650844574,0.0,255
cabai,0.338318407535553,0.0,149
cabai,0.5491088628768921,0.0,119
cabai,0.6271092295646667,0.0,196
cabai,0.67851322889328,0.0,192
cabai,0.2287655472755432,0.0,205
cabai,0.8443546891212463,0.0,198
cabai,0.48782339692115784,0.0,45
cabai,0.9371750950813293,0.0,98
cabai,0.5767538547515869,0.0,38
cabai,0.3909614682197571,0.0,0
cabai,0.42521917819976807,0.0,244
cabai,0.8420711159706116,0.0,5
cabai,0.3050878345966339,0.0,255
cabai,0.6272400617599487,0.0,52
cabai,0.40799859166145325,0.0,197
cabai,0.4521014094352722,0.0,124
cabai,0.4769758880138397,0.0,192
cabai,0.39660513401031494,0.0,151
cabai,0.457755982875824,0.0,81
cabai,0.13745620846748352,0.0,85
cabai,0.36884674429893494,0.0,0
cabai,0.7640030384063721,0.0,207
cabai,0.8036143779754639,0.0,96
cabai,0.30410560965538025,0.0,0
cabai,0.5067064166069031,0.0,8
cabai,0.5234847068786621,0.0,227
cabai,0.4623566269874573,0.0,126
cabai,0.5361077785491943,0.0,196
cabai,0.39320722222328186,0.0,118
cabai,0.4530828595161438,0.0,127
cabai,0.4621132016181946,0.0,108
cabai,0.5245377421379089,0.0,187
cabai,0.34276771545410156,0.0,116
cabai,0.1220862865447998,0.0,202
cabai,0.5025328993797302,0.0,216
cabai,0.3591531813144684,0.0,4
cabai,0.30285078287124634,0.0,63
cabai,0.4039877951145172,0.0,135
cabai,0.39308103919029236,0.0,27
cabai,0.4568347632884979,0.0,158
cabai,0.5726673007011414,0.0,202
cabai,0.41694411635398865,0.0,203
cabai,0.35941368341445923,0.0,64
cabai,0.549892008304596,0.0,187
cabai,0.3164103925228119,0.0,55
cabai,0.4502103626728058,0.0,220
cabai,0.3753165304660797,0.0,255
cabai,0.4806532561779022,0.0,255
cabai,0.5025448203086853,0.0,21
cabai,0.4899542033672333,0.0,51
cabai,0.43484821915626526,0.0,179
cabai,0.3687213659286499,0.0,0
cabai,0.5364396572113037,0.0,139
cabai,0.4468782842159271,0.0,139
cabai,0.49642565846443176,0.0,180
cabai,0.40424275398254395,0.0,143
cabai,0.3104744851589203,0.0,89
cabai,0.8442294597625732,0.0,2
cabai,0.4574182331562042,0.0,131
cabai,0.3109278380870819,0.0,6
cabai,0.48919957876205444,0.0,19
cabai,0.7918108701705933,0.0,179
cabai,0.39861050248146057,0.0,28
cabai,0.5045389533042908,0.0,145
cabai,0.4399440586566925,0.0,0
cabai,0.4856584966182709,0.0,0
cabai,0.36513352394104004,0.0,193
cabai,0.5916613340377808,0.0,182
cabai,0.42294347286224365,0.0,190
cabai,0.4699106514453888,0.0,27
cabai,0.5364900827407837,0.0,31
cabai,0.4851979911327362,0.0,84
cabai,0.4529593884944916,0.0,205
cabai,0.5253832340240479,0.0,255
cabai,0.44967755675315857,0.0,83
cabai,0.5240982174873352,0.0,168
cabai,0.4674830436706543,0.0,169
cabai,0.06336972117424011,0.0,255
cabai,0.5217106342315674,0.0,97
cabai,0.5253735780715942,0.0,42
cabai,0.46917688846588135,0.0,255
cabai,0.31795912981033325,0.0,255
cabai,0.5129480361938477,0.0,124
cabai,0.4642958343029022,0.0,255
cabai,0.48930248618125916,0.0,92
cabai,0.5361881852149963,0.0,74
cabai,0.5364950299263,0.0,227
cabai,0.3316389322280884,0.0,41
cabai,0.4348026216030121,0.0,29
cabai,0.8394776582717896,0.0,198
cabai,0.34953543543815613,0.0,210
cabai,0.5616171956062317,0.0,255
cabai,0.2643784284591675,0.0,255
cabai,0.5233302712440491,0.0,209
cabai,0.4610522985458374,0.0,132
cabai,0.3742002546787262,0.0,81
cabai,0.310262531042099,0.0,146
cabai,0.3969476521015167,0.0,25
cabai,0.27615949511528015,0.0,255
cabai,0.47022974491119385,0.0,67
cabai,0.4470117390155792,0.0,110
cabai,0.3049873411655426,0.0,82
cabai,0.40163764357566833,0.0,26
cabai,0.6271199584007263,0.0,252
cabai,0.41690948605537415,0.0,25
cabai,0.43848350644111633,0.0,254
cabai,0.12588678300380707,0.0,211
cabai,0.338469535112381,0.0,208
cabai,0.35456037521362305,0.0,98
cabai,0.3202768564224243,0.0,193
cabai,0.38337501883506775,0.0,108
cabai,0.427016943693161,0.0,170
cabai,0.2951408326625824,0.0,35
cabai,0.43878698348999023,0.0,77
cabai,0.13371841609477997,0.0,197
cabai,0.42327383160591125,0.0,255
cabai,0.13037697970867157,0.0,164
cabai,0.338430255651474,0.0,82
cabai,0.4637846052646637,0.0,255
cabai,0.12966693937778473,0.0,180
cabai,0.5588075518608093,0.0,0
cabai,0.4427553415298462,0.0,21
cabai,0.5361719727516174,0.0,104
cabai,0.3828570246696472,0.0,190
cabai,0.7828825116157532,0.0,96
cabai,0.45619508624076843,0.0,14
cabai,0.4572421610355377,0.0,31
cabai,0.5891848206520081,0.0,42
cabai,0.4053315818309784,0.0,255
cabai,0.7830765247344971,0.0,45
cabai,0.8428823947906494,0.0,255
cabai,0.4549146890640259,0.0,195
cabai,0.6950061917304993,0.0,209
cabai,0.38650965690612793,0.0,251
cabai,0.49328261613845825,0.0,255
cabai,0.5891131162643433,0.0,23
cabai,0.402975469827652,0.0,142
cabai,0.582785964012146,0.0,75
cabai,0.5807743072509766,0.0,0
cabai,0.4603571593761444,0.0,60
cabai,0.3592047691345215,0.0,15
cabai,0.37429478764533997,0.0,229
cabai,0.3719148337841034,0.0,156
cabai,0.5726230144500732,0.0,240
cabai,0.3706118166446686,0.0,6
cabai,0.32354673743247986,0.0,0
cabai,0.803580641746521,0.0,64
cabai,0.6110206246376038,0.0,255
cabai,0.40356889367103577,0.0,255
cabai,0.12787586450576782,0.0,255
cabai,0.40465086698532104,0.0,4
cabai,0.3969361484050751,0.0,138
cabai,0.8257973790168762,0.0,96
cabai,0.4655745029449463,0.0,255
cabai,0.5763546228408813,0.0,254
cabai,0.3250509202480316,0.0,248
cabai,0.49456554651260376,0.0,167
cabai,0.3172873556613922,0.0,129
cabai,0.5236157178878784,0.0,150
cabai,0.4517745077610016,0.0,0
cabai,0.38260018825531006,0.0,169
cabai,0.4571232199668884,0.0,99
cabai,0.6109249591827393,0.0,212
cabai,0.44286221265792847,0.0,24
cabai,0.4645025432109833,0.0,56
cabai,0.4693868160247803,0.0,255
cabai,0.8095864057540894,0.0,254
cabai,0.27521753311157227,0.0,27
cabai,0.5617284774780273,0.0,141
cabai,0.45211687684059143,0.0,4
cabai,0.5029658675193787,0.0,255
cabai,0.48780131340026855,0.0,49
cabai,0.37818366289138794,0.0,36
cabai,0.8035252690315247,0.0,147
cabai,0.38323161005973816,0.0,88
cabai,0.3100314438343048,0.0,174
cabai,0.4368568956851959,0.0,128
cabai,0.7727983593940735,0.0,254
cabai,0.4709479510784149,0.0,255
cabai,0.48044031858444214,0.0,92
cabai,0.3591832220554352,0.0,223
cabai,0.7163039445877075,0.0,168
cabai,0.4899371862411499,0.0,147
cabai,0.3701836168766022,0.0,173
cabai,0.40127032995224,0.0,202
cabai,0.442385733127594,0.0,209
cabai,0.5915917158126831,0.0,185
cabai,0.4691145420074463,0.0,26
cabai,0.4934658110141754,0.0,191
cabai,0.8339805603027344,0.0,108
cabai,0.3643135130405426,0.0,255
cabai,0.37835314869880676,0.0,0
cabai,0.34326764941215515,0.0,102
cabai,0.6198839545249939,0.0,254
cabai,0.4902488589286804,0.0,34
cabai,0.1335870325565338,0.0,0
cabai,0.4507788419723511,0.0,65
cabai,0.3546658158302307,0.0,255
cabai,0.4693688750267029,0.0,39
cabai,0.5497811436653137,0.0,209
cabai,0.36313071846961975,0.0,206
cabai,0.8467300534248352,0.0,248
cabai,0.3873216211795807,0.0,5
cabai,0.775468647480011,0.0,159
cabai,0.34945806860923767,0.0,108
cabai,0.4828266501426697,0.0,183
cabai,0.2850193977355957,0.0,147
cabai,0.4611767530441284,0.0,0
cabai,0.777000904083252,0.0,185
cabai,0.49179932475090027,0.0,255
cabai,0.3598106801509857,0.0,255
cabai,0.3334023952484131,0.0,214
cabai,0.06290370970964432,0.0,211
cabai,0.44899433851242065,0.0,42
cabai,0.8158425092697144,0.0,97
cabai,0.6785500049591064,0.0,84
cabai,0.5423859357833862,0.0,178
cabai,0.3969724774360657,0.0,243
cabai,0.44165998697280884,0.0,255
cabai,0.835997462272644,0.0,80
cabai,0.5217870473861694,0.0,125
cabai,0.4968971312046051,0.0,210
cabai,0.3967297077178955,0.0,42
cabai,0.4496936798095703,0.0,253
cabai,0.7772244811058044,0.0,14
cabai,0.4325076937675476,0.0,64
cabai,0.435647189617157,0.0,171
cabai,0.7752562761306763,0.0,254
cabai,0.47010886669158936,0.0,195
cabai,0.6110450029373169,0.0,227
cabai,0.3586520850658417,0.0,141
cabai,0.7910692095756531,0.0,0
cabai,0.4367321729660034,0.0,209
cabai,0.5340200066566467,0.0,0
cabai,0.5978673100471497,0.0,199
cabai,0.4933347702026367,0.0,173
cabai,0.3701735734939575,0.0,174
cabai,0.40847617387771606,0.0,179
cabai,0.46142473816871643,0.0,0
cabai,0.3641127645969391,0.0,254
cabai,0.8394767642021179,0.0,104
cabai,0.4549161493778229,0.0,222
cabai,0.4198421537876129,0.0,94
cabai,0.4365004599094391,0.0,155
cabai,0.8339840173721313,0.0,147
cabai,0.6082360744476318,0.0,66
cabai,0.4138813018798828,0.0,0
cabai,0.30779072642326355,0.0,2
cabai,0.6487188339233398,0.0,206
cabai,0.44002673029899597,0.0,131
cabai,0.42542070150375366,0.0,255
cabai,0.5418494939804077,0.0,1
cabai,0.38648051023483276,0.0,45
cabai,0.5014069676399231,0.0,0
cabai,0.5029625296592712,0.0,81
cabai,0.8103792667388916,0.0,38
cabai,0.48293066024780273,0.0,128
cabai,0.4350423514842987,0.0,109
cabai,0.777020275592804,0.0,186
cabai,0.31655922532081604,0.0,162
cabai,0.4584863483905792,0.0,101
cabai,0.576048731803894,0.0,57
cabai,0.4356890320777893,0.0,107
cabai,0.777154266834259,0.0,253
cabai,0.3864370584487915,0.0,6
cabai,0.4695184826850891,0.0,136
cabai,0.32357460260391235,0.0,254
cabai,0.40416690707206726,0.0,255
cabai,0.5003598928451538,0.0,74
cabai,0.33121731877326965,0.0,184
cabai,0.48528382182121277,0.0,176
cabai,0.5491170287132263,0.0,195
cabai,0.5029288530349731,0.0,48
cabai,0.3967684507369995,0.0,122
cabai,0.5294767618179321,0.0,66
cabai,0.45165595412254333,0.0,103
cabai,0.8096656799316406,0.0,53
cabai,0.39662832021713257,0.0,150
cabai,0.8315609693527222,0.0,84
cabai,0.4562511742115021,0.0,53
cabai,0.2953835427761078,0.0,178
cabai,0.37415432929992676,0.0,139
cabai,0.4981045424938202,0.0,0
cabai,0.4016953408718109,0.0,113
cabai,0.45177578926086426,0.0,15
cabai,0.5418920516967773,0.0,98
cabai,0.4712543189525604,0.0,200
cabai,0.3098386824131012,0.0,0
cabai,0.4424206614494324,0.0,0
cabai,0.6151265501976013,0.0,198
cabai,0.39315393567085266,0.0,243
cabai,0.374401330947876,0.0,162
cabai,0.46686968207359314,0.0,5
cabai,0.3236408233642578,0.0,0
cabai,0.5978317856788635,0.0,99
cabai,0.31024420261383057,0.0,255
cabai,0.4367813169956207,0.0,211
cabai,0.49468475580215454,0.0,161
cabai,0.4618777334690094,0.0,55
cabai,0.37718895077705383,0.0,223
cabai,0.32359546422958374,0.0,44
cabai,0.4548921585083008,0.0,227
cabai,0.4561099112033844,0.0,51
cabai,0.32053276896476746,0.0,194
cabai,0.45843324065208435,0.0,172
cabai,0.3769429922103882,0.0,90
cabai,0.4397454857826233,0.0,0
cabai,0.3651188910007477,0.0,199
cabai,0.41071394085884094,0.0,255
cabai,0.8468152284622192,0.0,30
cabai,0.39795321226119995,0.0,250
cabai,0.32558029890060425,0.0,18
cabai,0.47018691897392273,0.0,254
cabai,0.3324044346809387,0.0,5
cabai,0.4919164180755615,0.0,146
cabai,0.3650105893611908,0.0,67
cabai,0.8217772841453552,0.0,85
cabai,0.4921874403953552,0.0,196
cabai,0.4202268719673157,0.0,170
cabai,0.3542843163013458,0.0,183
cabai,0.5588040351867676,0.0,82
cabai,0.4715562164783478,0.0,18
cabai,0.5759933590888977,0.0,122
cabai,0.4024611711502075,0.0,177
cabai,0.8232245445251465,0.0,0
cabai,0.656410813331604,0.0,132
cabai,0.9342035055160522,0.0,141
cabai,0.3912980854511261,0.0,233
cabai,0.30437982082366943,0.0,0
cabai,0.8313469290733337,0.0,110
cabai,0.678385853767395,0.0,37
cabai,0.8228259682655334,0.0,255
cabai,0.3942268490791321,0.0,120
cabai,0.37449049949645996,0.0,71
cabai,0.4234156608581543,0.0,119
cabai,0.49029722809791565,0.0,252
cabai,0.31044894456863403,0.0,173
cabai,0.40327852964401245,0.0,2
cabai,0.5295283794403076,0.0,39
cabai,0.6150428056716919,0.0,14
cabai,0.40548452734947205,0.0,53
cabai,0.456281453371048,0.0,247
cabai,0.7164757251739502,0.0,134
cabai,0.8419370651245117,0.0,146
cabai,0.46445268392562866,0.0,255
cabai,0.7639845013618469,0.0,253
cabai,0.47013622522354126,0.0,0
cabai,0.35844966769218445,0.0,137
cabai,0.3334319591522217,0.0,3
cabai,0.13339699804782867,0.0,122
cabai,0.28524529933929443,0.0,171
cabai,0.4491032063961029,0.0,8
cabai,0.5419072508811951,0.0,90
cabai,0.2585058808326721,0.0,227
cabai,0.35980936884880066,0.0,160
cabai,0.8414960503578186,0.0,0
cabai,0.7916455864906311,0.0,137
cabai,0.6082829833030701,0.0,8
cabai,0.5128041505813599,0.0,116
cabai,0.6742786765098572,0.0,85
cabai,0.6785921454429626,0.0,60
cabai,0.42545172572135925,0.0,137
cabai,0.39349356293678284,0.0,100
cabai,0.46947142481803894,0.0,53
cabai,0.5127925276756287,0.0,255
cabai,0.6563792824745178,0.0,255
cabai,0.33335310220718384,0.0,228
cabai,0.388528436422348,0.0,8
cabai,0.7164601683616638,0.0,163
cabai,0.39284905791282654,0.0,142
cabai,0.4025289714336395,0.0,248
cabai,0.4828164875507355,0.0,175
cabai,0.39132222533226013,0.0,255
cabai,0.3229391872882843,0.0,132
cabai,0.46106627583503723,0.0,66
cabai,0.7910935878753662,0.0,254
cabai,0.5233922600746155,0.0,173
cabai,0.8156977295875549,0.0,234
cabai,0.45698806643486023,0.0,208
cabai,0.30287837982177734,0.0,0
cabai,0.4572644829750061,0.0,255
cabai,0.8230615258216858,0.0,227
cabai,0.8575919270515442,0.0,2
cabai,0.8430445790290833,0.0,111
cabai,0.7919027209281921,0.0,136
cabai,0.5232504606246948,0.0,32
cabai,0.6785588264465332,0.0,84
cabai,0.8154885768890381,0.0,225
cabai,0.40237322449684143,0.0,255
cabai,0.5808397531509399,0.0,127
cabai,0.4387983977794647,0.0,244
cabai,0.3767560124397278,0.0,41
cabai,0.317143976688385,0.0,255
cabai,0.3103894889354706,0.0,100
cabai,0.4571670591831207,0.0,36
cabai,0.506411075592041,0.0,0
cabai,0.30276697874069214,0.0,232
cabai,0.3434921205043793,0.0,120
cabai,0.549059271812439,0.0,0
cabai,0.4366212785243988,0.0,208
cabai,0.4568038284778595,0.0,255
cabai,0.48307228088378906,0.0,254
cabai,0.836178719997406,0.0,152
cabai,0.29539671540260315,0.0,100
cabai,0.5760158896446228,0.0,37
cabai,0.480331152677536,0.0,123
cabai,0.4431498944759369,0.0,151
cabai,0.404721736907959,0.0,255
cabai,0.5616506338119507,0.0,160
cabai,0.4168430268764496,0.0,211
cabai,0.8152725100517273,0.0,167
cabai,0.49664202332496643,0.0,178
cabai,0.457367867231369,0.0,233
cabai,0.3049262464046478,0.0,255
cabai,0.4576893448829651,0.0,102
cabai,0.841862678527832,0.0,200
cabai,0.6743162870407104,0.0,142
cabai,0.7727996706962585,0.0,172
cabai,0.4963298439979553,0.0,180
cabai,0.44789642095565796,0.0,0
cabai,0.8231971263885498,0.0,63
cabai,0.8255088329315186,0.0,166
cabai,0.3819495737552643,0.0,87
cabai,0.3042571246623993,0.0,29
cabai,0.5338266491889954,0.0,255
cabai,0.485257625579834,0.0,91
cabai,0.37201443314552307,0.0,0
cabai,0.9341368675231934,0.0,188
cabai,0.060346778482198715,0.0,206
cabai,0.42535528540611267,0.0,133
cabai,0.13841745257377625,0.0,179
cabai,0.4983344078063965,0.0,174
cabai,0.40829265117645264,0.0,208
cabai,0.4932565987110138,0.0,255
cabai,0.648338258266449,0.0,0
cabai,0.4387539327144623,0.0,223
cabai,0.40461233258247375,0.0,203
cabai,0.503263533115387,0.0,59
cabai,0.30806171894073486,0.0,35
cabai,0.4322950839996338,0.0,31
cabai,0.31729498505592346,0.0,80
cabai,0.42492571473121643,0.0,253
cabai,0.3633417785167694,0.0,218
cabai,0.4735652804374695,0.0,255
cabai,0.41376328468322754,0.0,76
cabai,0.5767744779586792,0.0,11
cabai,0.26430556178092957,0.0,3
cabai,0.25847193598747253,0.0,158
cabai,0.5827478766441345,0.0,159
cabai,0.3883800506591797,0.0,205
cabai,0.8427219986915588,0.0,0
cabai,0.46658822894096375,0.0,212
cabai,0.26439324021339417,0.0,0
cabai,0.40299978852272034,0.0,255
cabai,0.43688371777534485,0.0,255
cabai,0.22845955193042755,0.0,0
cabai,0.8611192107200623,0.0,125
cabai,0.13337227702140808,0.0,74
cabai,0.3492574095726013,0.0,98
cabai,0.45236408710479736,0.0,255
cabai,0.12264034897089005,0.0,0
cabai,0.4480506181716919,0.0,123
cabai,0.1452307254076004,0.0,253
cabai,0.4625272750854492,0.0,31
cabai,0.39804357290267944,0.0,226
cabai,0.8441690802574158,0.0,55
cabai,0.46746134757995605,0.0,143
cabai,0.5423133969306946,0.0,55
cabai,0.3591935634613037,0.0,104
cabai,0.5916159152984619,0.0,142
cabai,0.6950417160987854,0.0,255
cabai,0.38636040687561035,0.0,0
cabai,0.8218056559562683,0.0,54
cabai,0.38356736302375793,0.0,138
cabai,0.39319950342178345,0.0,77
cabai,0.6199583411216736,0.0,156
cabai,0.5002427101135254,0.0,0
cabai,0.5496330261230469,0.0,86
cabai,0.40755292773246765,0.0,122
cabai,0.3239107131958008,0.0,255
cabai,0.361837774515152,0.0,149
cabai,0.4204048216342926,0.0,104
cabai,0.40073439478874207,0.0,0
cabai,0.519226610660553,0.0,252
cabai,0.44823044538497925,0.0,1
cabai,0.7783320546150208,0.0,13
cabai,0.3769073784351349,0.0,176
cabai,0.37197670340538025,0.0,103
cabai,0.5823490619659424,0.0,94
cabai,0.8642423152923584,0.0,100
cabai,0.35971733927726746,0.0,23
cabai,0.4058902859687805,0.0,38
cabai,0.8706608414649963,0.0,151
cabai,0.32571882009506226,0.0,9
cabai,0.4290853440761566,0.0,0
cabai,0.25684747099876404,0.0,48
cabai,0.36472606658935547,0.0,255
cabai,0.3136564791202545,0.0,2
cabai,0.2734988033771515,0.0,255
cabai,0.730928897857666,0.0,47
cabai,0.2689897418022156,0.0,241
cabai,0.48655611276626587,0.0,255
cabai,0.8577347993850708,0.0,81
cabai,0.361178994178772,0.0,104
cabai,0.8950426578521729,0.0,250
cabai,0.46336743235588074,0.0,255
cabai,0.38584527373313904,0.0,229
cabai,0.4282197058200836,0.0,129
cabai,0.8071033954620361,0.0,31
cabai,0.3091910183429718,0.0,156
cabai,0.5374051928520203,0.0,159
cabai,0.32614535093307495,0.0,5
cabai,0.3852651119232178,0.0,96
cabai,0.4631960690021515,0.0,169
cabai,0.4447456896305084,0.0,199
cabai,0.4655090570449829,0.0,245
cabai,0.5432776212692261,0.0,80
cabai,0.3951834440231323,0.0,66
cabai,0.5893704295158386,0.0,76
cabai,0.3986959755420685,0.0,60
cabai,0.8029330968856812,0.0,216
cabai,0.5733367204666138,0.0,150
cabai,0.3367832601070404,0.0,251
cabai,0.8495526909828186,0.0,125
cabai,0.45182910561561584,0.0,0
cabai,0.6540331244468689,0.0,255
cabai,0.46753209829330444,0.0,39
cabai,0.3229195177555084,0.0,2
cabai,0.9278324842453003,0.0,255
cabai,0.8616387248039246,0.0,0
cabai,0.3347325921058655,0.0,70
cabai,0.3756919205188751,0.0,6
cabai,0.8051508665084839,0.0,24
cabai,0.5401093363761902,0.0,141
cabai,0.3967616558074951,0.0,149
cabai,0.759846031665802,0.0,178
cabai,0.6473182439804077,0.0,141
cabai,0.35553574562072754,0.0,149
cabai,0.41975557804107666,0.0,209
cabai,0.3355709910392761,0.0,66
cabai,0.8749921917915344,0.0,64
cabai,0.4386546313762665,0.0,76
cabai,0.5332933068275452,0.0,209
cabai,0.4753399193286896,0.0,90
cabai,0.323932945728302,0.0,241
cabai,0.32239675521850586,0.0,179
cabai,0.7568919658660889,0.0,42
cabai,0.678584098815918,0.0,33
cabai,0.43779706954956055,0.0,116
cabai,0.3569381535053253,0.0,49
cabai,0.36285823583602905,0.0,0
cabai,0.3940253257751465,0.0,139
cabai,0.8259796500205994,0.0,1
cabai,0.5601868629455566,0.0,241
cabai,0.31824564933776855,0.0,191
cabai,0.9323058128356934,0.0,169
cabai,0.401775062084198,0.0,97
cabai,0.31511005759239197,0.0,159
cabai,0.8432887196540833,0.0,227
cabai,0.41218101978302,0.0,13
cabai,0.3520829975605011,0.0,126
cabai,0.4610653817653656,0.0,229
cabai,0.7230993509292603,0.0,55
cabai,0.4200016260147095,0.0,124
cabai,0.7409387230873108,0.0,21
cabai,0.7588434219360352,0.0,212
selada,0.6310409903526306,0.0,127
selada,0.35160788893699646,0.0,56
selada,0.3831985890865326,0.0,0
selada,0.5100491642951965,0.0,107
selada,0.44738057255744934,0.0,111
selada,0.7277756333351135,0.0,209
selada,0.45200663805007935,0.0,145
selada,0.33369702100753784,0.0,82
selada,0.3760698139667511,0.0,98
selada,0.4122849106788635,0.0,255
selada,0.3377903997898102,0.0,227
selada,0.768987774848938,0.0,23
selada,0.43535032868385315,0.0,211
selada,0.34802818298339844,0.0,53
selada,0.3249501883983612,0.0,133
selada,0.3456948697566986,0.0,100
selada,0.6813156604766846,0.0,179
selada,0.4449624717235565,0.0,18
selada,0.32708168029785156,0.0,129
selada,0.423263281583786,0.0,230
selada,0.4953131079673767,0.0,0
selada,0.3317233622074127,0.0,119
selada,0.3535645604133606,0.0,75
selada,0.7578924298286438,0.0,221
selada,0.4385060966014862,0.0,176
selada,0.31992146372795105,0.0,249
selada,0.42256420850753784,0.0,132
selada,0.38576391339302063,0.0,151
selada,0.5001187920570374,0.0,251
selada,0.4666840434074402,0.0,197
selada,0.49642083048820496,0.0,241
selada,0.31700563430786133,0.0,138
selada,0.36153462529182434,0.0,109
selada,0.7596393823623657,0.0,0
selada,0.6051071286201477,0.0,254
selada,0.8195226788520813,0.0,230
selada,0.42371681332588196,0.0,106
selada,0.6732553243637085,0.0,120
selada,0.79252028465271,0.0,100
selada,0.37512338161468506,0.0,67
selada,0.805265486240387,0.0,133
selada,0.5000901222229004,0.0,111
selada,0.2781400680541992,0.0,193
selada,0.3037652373313904,0.0,255
selada,0.41909387707710266,0.0,145
selada,0.3813107907772064,0.0,103
selada,0.6779135465621948,0.0,211
selada,0.6703455448150635,0.0,187
selada,0.397039532661438,0.0,206
selada,0.8563706874847412,0.0,12
selada,0.6689285635948181,0.0,40
selada,0.6720916628837585,0.0,255
selada,0.7222405672073364,0.0,161
selada,0.422897607088089,0.0,119
selada,0.5552695393562317,0.0,46
selada,0.74376380443573,0.0,64
selada,0.39793869853019714,0.0,0
selada,0.3822658061981201,0.0,104
selada,0.54285728931427,0.0,0
selada,0.4072754979133606,0.0,193
selada,0.5032786130905151,0.0,132
selada,0.8683169484138489,0.0,72
selada,0.3686986565589905,0.0,0
selada,0.5257694721221924,0.0,149
selada,0.5221242904663086,0.0,229
selada,0.34857749938964844,0.0,13
selada,0.2911582589149475,0.0,151
selada,0.7235892415046692,0.0,123
selada,0.7865277528762817,0.0,93
selada,0.3666902482509613,0.0,123
selada,0.3678288757801056,0.0,255
selada,0.2191239446401596,0.0,163
selada,0.5649940967559814,0.0,13
selada,0.6249762773513794,0.0,82
selada,0.672942578792572,0.0,70
selada,0.3206295967102051,0.0,220
selada,0.40815427899360657,0.0,130
selada,0.42196792364120483,0.0,114
selada,0.6065482497215271,0.0,226
selada,0.5920178294181824,0.0,104
selada,0.6971811056137085,0.0,255
selada,0.47397759556770325,0.0,255
selada,0.3611641228199005,0.0,16
selada,0.506722629070282,0.0,0
selada,0.7859237790107727,0.0,0
selada,0.3928142786026001,0.0,206
selada,0.40640872716903687,0.0,243
selada,0.4386579692363739,0.0,5
selada,0.5711665749549866,0.0,9
selada,0.4434184432029724,0.0,243
selada,0.6759724020957947,0.0,39
selada,0.46375539898872375,0.0,53
selada,0.3800371587276459,0.0,168
selada,0.3010377883911133,0.0,174
selada,0.6559088826179504,0.0,113
selada,0.1640317142009735,0.0,81
selada,0.3167850375175476,0.0,244
selada,0.2982611656188965,0.0,253
selada,0.3201679587364197,0.0,201
selada,0.49677810072898865,0.0,203
selada,0.4270821213722229,0.0,218
selada,0.43200427293777466,0.0,159
selada,0.42909833788871765,0.0,126
selada,0.2859519124031067,0.0,187
selada,0.28925982117652893,0.0,4
selada,0.24116550385951996,0.0,95
selada,0.33362331986427307,0.0,169
selada,0.2658638060092926,0.0,197
selada,0.25111058354377747,0.0,249
selada,0.36232587695121765,0.0,3
selada,0.46153363585472107,0.0,255
selada,0.3673017621040344,0.0,133
selada,0.7754448652267456,0.0,170
selada,0.6791533827781677,0.0,255
selada,0.3347395956516266,0.0,21
selada,0.29945629835128784,0.0,131
selada,0.3887602984905243,0.0,104
selada,0.2752717435359955,0.0,61
selada,0.3533706068992615,0.0,142
selada,0.44839969277381897,0.0,208
selada,0.2497328221797943,0.0,0
selada,0.6485357284545898,0.0,187
selada,0.7830571532249451,0.0,20
selada,0.33873075246810913,0.0,255
selada,0.08732504397630692,0.0,0
selada,0.2589745819568634,0.0,116
selada,0.3631620407104492,0.0,84
selada,0.32633504271507263,0.0,16
selada,0.2374492585659027,0.0,229
selada,0.7780101299285889,0.0,97
selada,0.3410259485244751,0.0,149
selada,0.1096128597855568,0.0,26
selada,0.7166445851325989,0.0,255
selada,0.2793770134449005,0.0,254
selada,0.4162921607494354,0.0,254
selada,0.20387433469295502,0.0,234
selada,0.2684190571308136,0.0,26
selada,0.4290017783641815,0.0,0
selada,0.732876718044281,0.0,149
selada,0.6208618879318237,0.0,71
selada,0.31259384751319885,0.0,255
selada,0.21810321509838104,0.0,255
selada,0.5540801286697388,0.0,105
selada,0.5830979347229004,0.0,255
selada,0.40080052614212036,0.0,0
selada,0.6221832036972046,0.0,171
selada,0.5163600444793701,0.0,211
selada,0.5424467921257019,0.0,208
selada,0.16334737837314606,0.0,34
selada,0.3371712267398834,0.0,190
selada,0.5181999206542969,0.0,148
selada,0.36135154962539673,0.0,2
selada,0.5467975735664368,0.0,33
selada,0.19586358964443207,0.0,204
selada,0.3929893374443054,0.0,0
selada,0.3805771470069885,0.0,137
selada,0.2365410476922989,0.0,226
selada,0.3833758533000946,0.0,78
selada,0.16547369956970215,0.0,126
selada,0.15075962245464325,0.0,246
selada,0.4599895477294922,0.0,109
selada,0.2553118169307709,0.0,224
selada,0.36355364322662354,0.0,32
selada,0.19685044884681702,0.0,193
selada,0.4934658706188202,0.0,0
selada,0.4045400023460388,0.0,55
selada,0.36409813165664673,0.0,40
selada,0.2823232114315033,0.0,169
selada,0.6416642665863037,0.0,49
selada,0.4076317548751831,0.0,133
selada,0.32174956798553467,0.0,253
selada,0.22481858730316162,0.0,227
selada,0.3145849406719208,0.0,79
selada,0.395255982875824,0.0,166
selada,0.21056561172008514,0.0,118
selada,0.43061453104019165,0.0,165
selada,0.4831180274486542,0.0,211
selada,0.7680383324623108,0.0,146
selada,0.546764075756073,0.0,60
selada,0.39918428659439087,0.0,39
selada,0.42347466945648193,0.0,253
selada,0.2805415689945221,0.0,1
selada,0.2461593747138977,0.0,94
selada,0.35279643535614014,0.0,244
selada,0.3395250141620636,0.0,222
selada,0.29664158821105957,0.0,213
selada,0.8785017132759094,0.0,108
selada,0.3140020966529846,0.0,160
selada,0.6350568532943726,0.0,21
selada,0.5747453570365906,0.0,89
selada,0.7588314414024353,0.0,42
selada,0.4182487428188324,0.0,240
selada,0.5570335388183594,0.0,17
selada,0.4192834794521332,0.0,184
selada,0.29942649602890015,0.0,20
selada,0.335903525352478,0.0,109
selada,0.47296133637428284,0.0,165
selada,0.2880760133266449,0.0,15
selada,0.36986130475997925,0.0,255
selada,0.3805411458015442,0.0,248
selada,0.5113884210586548,0.0,177
selada,0.5325044989585876,0.0,247
selada,0.6004499197006226,0.0,0
selada,0.226839080452919,0.0,189
selada,0.6934158802032471,0.0,7
selada,0.4468226134777069,0.0,25
selada,0.27513545751571655,0.0,0
selada,0.5068527460098267,0.0,203
selada,0.2956031560897827,0.0,172
selada,0.4414011538028717,0.0,205
selada,0.23117545247077942,0.0,127
selada,0.3962547183036804,0.0,200
selada,0.28450578451156616,0.0,0
selada,0.30955976247787476,0.0,210
selada,0.561777651309967,0.0,0
selada,0.45276811718940735,0.0,205
selada,0.356362909078598,0.0,196
selada,0.2918345034122467,0.0,48
selada,0.3787529766559601,0.0,144
selada,0.29544058442115784,0.0,249
selada,0.13748084008693695,0.0,252
selada,0.7164528369903564,0.0,75
selada,0.22831642627716064,0.0,191
selada,0.3533798158168793,0.0,151
selada,0.3205241858959198,0.0,95
selada,0.4251314401626587,0.0,42
selada,0.1802089959383011,0.0,219
selada,0.6926127076148987,0.0,180
selada,0.36389675736427307,0.0,80
selada,0.39198920130729675,0.0,38
selada,0.17857636511325836,0.0,21
selada,0.4444417655467987,0.0,132
selada,0.30624037981033325,0.0,125
selada,0.4803904891014099,0.0,4
selada,0.7306792736053467,0.0,203
selada,0.3130348324775696,0.0,255
selada,0.2822312116622925,0.0,199
selada,0.24124576151371002,0.0,35
selada,0.5459558963775635,0.0,140
selada,0.32077881693840027,0.0,35
selada,0.25799405574798584,0.0,45
selada,0.6298548579216003,0.0,158
selada,0.591277003288269,0.0,0
selada,0.2082078903913498,0.0,75
selada,0.357537180185318,0.0,166
selada,0.8224067091941833,0.0,195
selada,0.3862895965576172,0.0,108
selada,0.5295290350914001,0.0,0
selada,0.2662641704082489,0.0,247
selada,0.36095526814460754,0.0,12
selada,0.6532595157623291,0.0,122
selada,0.7039374709129333,0.0,70
selada,0.2770671248435974,0.0,138
selada,0.3220621645450592,0.0,93
selada,0.2328219711780548,0.0,125
selada,0.35583534836769104,0.0,160
selada,0.4870597720146179,0.0,31
selada,0.2662264108657837,0.0,0
selada,0.22927327454090118,0.0,255
selada,0.36920365691185,0.0,52
selada,0.3697293698787689,0.0,254
selada,0.524374783039093,0.0,170
selada,0.42649129033088684,0.0,145
selada,0.5468897819519043,0.0,56
selada,0.2583197355270386,0.0,0
selada,0.7484886050224304,0.0,255
selada,0.5830779075622559,0.0,255
selada,0.6295872330665588,0.0,160
selada,0.3756316304206848,0.0,0
selada,0.8584688901901245,0.0,48
selada,0.7365776896476746,0.0,7
selada,0.36757519841194153,0.0,255
selada,0.21710070967674255,0.0,55
selada,0.3032495975494385,0.0,160
selada,0.5923910140991211,0.0,55
selada,0.2865583896636963,0.0,144
selada,0.7236176133155823,0.0,24
selada,0.21118351817131042,0.0,10
selada,0.2857005000114441,0.0,56
selada,0.8771350979804993,0.0,203
selada,0.3279913365840912,0.0,15
selada,0.5473783016204834,0.0,229
selada,0.12939345836639404,0.0,53
selada,0.2845803499221802,0.0,186
selada,0.5473867654800415,0.0,47
selada,0.2801443338394165,0.0,3
selada,0.7006897926330566,0.0,255
selada,0.2691918909549713,0.0,251
selada,0.41454553604125977,0.0,33
selada,0.5603777766227722,0.0,13
selada,0.3421057462692261,0.0,192
selada,0.3991831839084625,0.0,2
selada,0.3637870252132416,0.0,134
selada,0.22147543728351593,0.0,174
selada,0.28826650977134705,0.0,139
selada,0.3034210205078125,0.0,110
selada,0.8664609789848328,0.0,209
selada,0.3534017503261566,0.0,196
selada,0.23530210554599762,0.0,128
selada,0.41960009932518005,0.0,133
selada,0.2642592787742615,0.0,114
selada,0.5004550814628601,0.0,0
selada,0.4415609538555145,0.0,38
selada,0.5650851130485535,0.0,153
selada,0.2852848768234253,0.0,145
selada,0.4748198390007019,0.0,244
selada,0.5118637084960938,0.0,118
selada,0.48787954449653625,0.0,138
selada,0.2718389928340912,0.0,255
selada,0.09920724481344223,0.0,79
selada,0.28986644744873047,0.0,254
selada,0.7554640769958496,0.0,91
selada,0.41908279061317444,0.0,0
selada,0.3088887631893158,0.0,56
selada,0.39076724648475647,0.0,14
selada,0.3775457441806793,0.0,164
selada,0.33540791273117065,0.0,104
selada,0.5356613993644714,0.0,126
selada,0.8394272327423096,0.0,224
selada,0.6331421136856079,0.0,101
selada,0.3493695557117462,0.0,0
selada,0.3476885259151459,0.0,114
selada,0.44705823063850403,0.0,253
selada,0.4702044725418091,0.0,99
selada,0.30556759238243103,0.0,240
selada,0.4853515625,0.0,4
selada,0.2618635892868042,0.0,98
selada,0.553346574306488,0.0,254
selada,0.2538444697856903,0.0,168
selada,0.28456106781959534,0.0,106
selada,0.2264976054430008,0.0,43
selada,0.18494105339050293,0.0,0
selada,0.39925694465637207,0.0,58
selada,0.4131145179271698,0.0,213
selada,0.3130474388599396,0.0,76
selada,0.24803340435028076,0.0,169
selada,0.6875323057174683,0.0,253
selada,0.42704668641090393,0.0,48
selada,0.23355035483837128,0.0,227
selada,0.7049773335456848,0.0,27
selada,0.2132422924041748,0.0,90
selada,0.5666762590408325,0.0,164
selada,0.45805588364601135,0.0,255
selada,0.2750992774963379,0.0,56
selada,0.18329523503780365,0.0,174
selada,0.3981919288635254,0.0,174
selada,0.5821295380592346,0.0,255
selada,0.4838777482509613,0.0,175
selada,0.7742787003517151,0.0,198
selada,0.353632390499115,0.0,196
selada,0.5569320917129517,0.0,112
selada,0.2523835301399231,0.0,25
selada,0.6164516806602478,0.0,186
selada,0.5373483896255493,0.0,2
selada,0.25039100646972656,0.0,255
selada,0.3112207055091858,0.0,255
selada,0.6641240119934082,0.0,64
selada,0.5994529128074646,0.0,1
selada,0.8767306804656982,0.0,136
selada,0.8314715623855591,0.0,1
selada,0.4475165605545044,0.0,211
selada,0.3116269111633301,0.0,0
selada,0.2784305810928345,0.0,147
selada,0.57443767786026,0.0,0
selada,0.5399345755577087,0.0,76
selada,0.18370454013347626,0.0,255
selada,0.5093855857849121,0.0,23
selada,0.44743263721466064,0.0,156
selada,0.33305609226226807,0.0,0
selada,0.6629784107208252,0.0,48
selada,0.22086292505264282,0.0,96
selada,0.21849235892295837,0.0,182
selada,0.3219139873981476,0.0,159
selada,0.6899198889732361,0.0,255
selada,0.3491961359977722,0.0,0
selada,0.38151898980140686,0.0,120
selada,0.31331536173820496,0.0,193
selada,0.3999233841896057,0.0,0
selada,0.19641484320163727,0.0,243
selada,0.27677249908447266,0.0,139
selada,0.3088865280151367,0.0,107
selada,0.7041718363761902,0.0,244
selada,0.5642139911651611,0.0,32
selada,0.7012120485305786,0.0,50
selada,0.3774902820587158,0.0,254
selada,0.2734886109828949,0.0,255
selada,0.48994389176368713,0.0,244
selada,0.39855942130088806,0.0,164
selada,0.38011860847473145,0.0,23
selada,0.796317458152771,0.0,0
selada,0.30163535475730896,0.0,176
selada,0.399191677570343,0.0,47
selada,0.5464014410972595,0.0,255
selada,0.20206797122955322,0.0,133
selada,0.5393036007881165,0.0,255
selada,0.6755223870277405,0.0,11
selada,0.30421292781829834,0.0,131
selada,0.2415643036365509,0.0,125
selada,0.6191267967224121,0.0,129
selada,0.432865709066391,0.0,230
selada,0.49095460772514343,0.0,211
selada,0.2908726930618286,0.0,254
selada,0.28458887338638306,0.0,27
selada,0.5699364542961121,0.0,166
selada,0.5846364498138428,0.0,120
selada,0.671201229095459,0.0,180
selada,0.36271703243255615,0.0,36
selada,0.4122180938720703,0.0,255
selada,0.1301039457321167,0.0,42
selada,0.42970186471939087,0.0,170
selada,0.40001508593559265,0.0,90
selada,0.19877788424491882,0.0,203
selada,0.21319545805454254,0.0,231
selada,0.5357688069343567,0.0,0
selada,0.4936027228832245,0.0,105
selada,0.6407769322395325,0.0,78
selada,0.3311420977115631,0.0,182
selada,0.3082255721092224,0.0,3
selada,0.2461162507534027,0.0,190
selada,0.3639899492263794,0.0,40
selada,0.356837660074234,0.0,109
selada,0.2614474892616272,0.0,49
selada,0.2855163514614105,0.0,0
selada,0.6018821597099304,0.0,182
selada,0.31308379769325256,0.0,151
selada,0.418317973613739,0.0,194
selada,0.1806681901216507,0.0,249
selada,0.5571756362915039,0.0,39
selada,0.3636474609375,0.0,0
selada,0.31027594208717346,0.0,186
selada,0.2746323049068451,0.0,211
selada,0.32546693086624146,0.0,71
selada,0.34625524282455444,0.0,108
selada,0.2378578633069992,0.0,254
selada,0.4878246784210205,0.0,223
selada,0.5189623236656189,0.0,175
selada,0.42679187655448914,0.0,145
selada,0.24273993074893951,0.0,123
selada,0.3778398931026459,0.0,177
selada,0.30741575360298157,0.0,0
selada,0.3641415536403656,0.0,76
selada,0.3421512842178345,0.0,0
selada,0.5470180511474609,0.0,0
selada,0.5524439811706543,0.0,213
selada,0.5370931029319763,0.0,50
selada,0.8294470906257629,0.0,255
selada,0.18299593031406403,0.0,184
selada,0.7107027173042297,0.0,255
selada,0.415012389421463,0.0,1
selada,0.2673877477645874,0.0,255
selada,0.36608681082725525,0.0,224
selada,0.7172232270240784,0.0,41
selada,0.33817604184150696,0.0,190
selada,0.23944249749183655,0.0,215
selada,0.46571609377861023,0.0,110
selada,0.3178441822528839,0.0,0
selada,0.2771807909011841,0.0,13
selada,0.27638372778892517,0.0,226
selada,0.34751176834106445,0.0,138
selada,0.5700011253356934,0.0,178
selada,0.4922858476638794,0.0,83
selada,0.3378711938858032,0.0,131
selada,0.22642682492733002,0.0,76
selada,0.17797863483428955,0.0,0
selada,0.20737403631210327,0.0,74
selada,0.5929316282272339,0.0,105
selada,0.22310908138751984,0.0,255
selada,0.4289025068283081,0.0,0
selada,0.4447372853755951,0.0,197
selada,0.2547304630279541,0.0,255
selada,0.36706671118736267,0.0,28
selada,0.2510628402233124,0.0,6
selada,0.3321174681186676,0.0,243
selada,0.2932412624359131,0.0,255
selada,0.28357556462287903,0.0,164
selada,0.2324998527765274,0.0,111
selada,0.3483975827693939,0.0,255
selada,0.5033620595932007,0.0,233
selada,0.5439944267272949,0.0,59
selada,0.40239354968070984,0.0,132
selada,0.35571256279945374,0.0,1
selada,0.28489160537719727,0.0,14
selada,0.2971467673778534,0.0,178
selada,0.36557719111442566,0.0,82
selada,0.3209223449230194,0.0,213
selada,0.3675300180912018,0.0,254
selada,0.24288789927959442,0.0,226
selada,0.7520593404769897,0.0,121
selada,0.18031233549118042,0.0,210
selada,0.2449789047241211,0.0,69
selada,0.5247656106948853,0.0,176
selada,0.34749531745910645,0.0,0
selada,0.6080724596977234,0.0,0
selada,0.362101286649704,0.0,255
selada,0.6193422079086304,0.0,138
selada,0.3163982927799225,0.0,255
selada,0.20205697417259216,0.0,226
selada,0.23016546666622162,0.0,207
selada,0.1428120732307434,0.0,205
selada,0.5300049185752869,0.0,146
selada,0.7070589661598206,0.0,230
selada,0.2811867892742157,0.0,223
selada,0.49365779757499695,0.0,34
selada,0.4512430727481842,0.0,179
selada,0.35123127698898315,0.0,211
selada,0.5581433773040771,0.0,83
selada,0.2162722647190094,0.0,88
selada,0.5746152997016907,0.0,245
selada,0.2138863205909729,0.0,43
selada,0.2975062131881714,0.0,96
selada,0.6280531883239746,0.0,211
selada,0.43348202109336853,0.0,255
selada,0.5079560279846191,0.0,97
selada,0.3387157917022705,0.0,165
selada,0.3158727288246155,0.0,192
selada,0.6402755975723267,0.0,150
selada,0.78636234998703,0.0,46
selada,0.4454077482223511,0.0,226
selada,0.34819281101226807,0.0,41
selada,0.2931373715400696,0.0,219
selada,0.3731207251548767,0.0,255
selada,0.42254796624183655,0.0,0
selada,0.3973122537136078,0.0,94
selada,0.3104143738746643,0.0,73
selada,0.2883751392364502,0.0,142
selada,0.2366955280303955,0.0,116
selada,0.22761018574237823,0.0,254
selada,0.2953587770462036,0.0,38
selada,0.3532794713973999,0.0,255
selada,0.6486639976501465,0.0,40
selada,0.6608538627624512,0.0,107
selada,0.30934610962867737,0.0,122
selada,0.4551043212413788,0.0,97
selada,0.26811403036117554,0.0,169
selada,0.49073952436447144,0.0,110
selada,0.838958740234375,0.0,238
selada,0.39066481590270996,0.0,86
selada,0.2535221576690674,0.0,171
selada,0.27122366428375244,0.0,77
selada,0.08300511538982391,0.0,161
selada,0.5839412212371826,0.0,42
selada,0.36371156573295593,0.0,136
selada,0.29040899872779846,0.0,203
selada,0.7048549056053162,0.0,156
selada,0.3621213436126709,0.0,0
selada,0.5442622900009155,0.0,0
selada,0.551506757736206,0.0,86
selada,0.18143559992313385,0.0,10
selada,0.4803672432899475,0.0,255
selada,0.15232902765274048,0.0,213
selada,0.3591785132884979,0.0,223
selada,0.2529592514038086,0.0,157
selada,0.37957659363746643,0.0,161
selada,0.481019526720047,0.0,78
selada,0.3814055025577545,0.0,32
selada,0.5062388181686401,0.0,167
selada,0.2690330445766449,0.0,2
selada,0.510615348815918,0.0,238
selada,0.2230348140001297,0.0,92
selada,0.6982488036155701,0.0,0
selada,0.5795374512672424,0.0,251
selada,0.2441970705986023,0.0,36
selada,0.2779685854911804,0.0,160
selada,0.2608377933502197,0.0,220
selada,0.2716377079486847,0.0,19
selada,0.33396610617637634,0.0,192
selada,0.3494865894317627,0.0,249
selada,0.33272120356559753,0.0,254
selada,0.20789197087287903,0.0,240
selada,0.40211784839630127,0.0,113
selada,0.26139822602272034,0.0,57
selada,0.44954514503479004,0.0,164
selada,0.3961104452610016,0.0,172
selada,0.45456987619400024,0.0,24
selada,0.6178123950958252,0.0,66
selada,0.5084009170532227,0.0,0
selada,0.24367187917232513,0.0,231
selada,0.32962167263031006,0.0,109
selada,0.6859850287437439,0.0,158
selada,0.5264058113098145,0.0,40
selada,0.19360703229904175,0.0,116
selada,0.25109681487083435,0.0,217
selada,0.6300460696220398,0.0,174
selada,0.859362006187439,0.0,98
selada,0.6482087969779968,0.0,56
selada,0.22878563404083252,0.0,237
selada,0.31407374143600464,0.0,177
tempe,0.5087889432907104,0.0,213
tempe,0.5313286185264587,0.0,86
tempe,0.5668991208076477,0.0,247
tempe,0.365172415971756,0.0,88
tempe,0.33142924308776855,0.0,185
tempe,0.5542301535606384,0.0,73
tempe,0.6187677383422852,0.0,252
tempe,0.6962775588035583,0.0,76
tempe,0.5508366227149963,0.0,115
tempe,0.5295469760894775,0.0,255
tempe,0.6583331227302551,0.0,33
tempe,0.6804779171943665,0.0,17
tempe,0.3817407786846161,0.0,119
tempe,0.6786567568778992,0.0,0
tempe,0.6222946643829346,0.0,255
tempe,0.8051970601081848,0.0,153
tempe,0.5685313940048218,0.0,239
tempe,0.5684643983840942,0.0,3
tempe,0.7900851964950562,0.0,255
tempe,0.6854228377342224,0.0,227
tempe,0.5236815214157104,0.0,104
tempe,0.6440065503120422,0.0,67
tempe,0.7361900210380554,0.0,89
tempe,0.7248774170875549,0.0,121
tempe,0.8050366640090942,0.0,152
tempe,0.6948432922363281,0.0,255
tempe,0.46327516436576843,0.0,17
tempe,0.5503119230270386,0.0,0
tempe,0.5668851137161255,0.0,188
tempe,0.443479984998703,0.0,186
tempe,0.5636956095695496,0.0,255
tempe,0.5250720381736755,0.0,213
tempe,0.805213451385498,0.0,252
tempe,0.5508612990379333,0.0,151
tempe,0.47597476840019226,0.0,0
tempe,0.51884526014328,0.0,149
tempe,0.4079279899597168,0.0,1
tempe,0.4047931432723999,0.0,0
tempe,0.5195198059082031,0.0,0
tempe,0.5933189392089844,0.0,255
tempe,0.3979945778846741,0.0,0
tempe,0.5222222208976746,0.0,51
tempe,0.593402087688446,0.0,229
tempe,0.6192883253097534,0.0,255
tempe,0.6036421656608582,0.0,0
tempe,0.5188453793525696,0.0,246
tempe,0.8535992503166199,0.0,25
tempe,0.7106025218963623,0.0,168
tempe,0.5597639679908752,0.0,64
tempe,0.5486925840377808,0.0,139
tempe,0.7248772382736206,0.0,119
tempe,0.5456492304801941,0.0,107
tempe,0.9091026782989502,0.0,1
tempe,0.6582273840904236,0.0,11
tempe,0.6194319725036621,0.0,0
tempe,0.502842903137207,0.0,48
tempe,0.7924133539199829,0.0,180
tempe,0.6223152875900269,0.0,179
tempe,0.5043063163757324,0.0,141
tempe,0.568953275680542,0.0,144
tempe,0.8390432596206665,0.0,130
tempe,0.6444215178489685,0.0,217
tempe,0.9052900671958923,0.0,244
tempe,0.8630263805389404,0.0,104
tempe,0.5685082674026489,0.0,19
tempe,0.569150447845459,0.0,209
tempe,0.9168383479118347,0.0,177
tempe,0.529608964920044,0.0,30
tempe,0.6947822570800781,0.0,167
tempe,0.5370011329650879,0.0,163
tempe,0.9103774428367615,0.0,83
tempe,0.5690637230873108,0.0,221
tempe,0.6517108678817749,0.0,169
tempe,0.5089858770370483,0.0,186
tempe,0.7363155484199524,0.0,17
tempe,0.8017318844795227,0.0,171
tempe,0.5350998044013977,0.0,255
tempe,0.5222852826118469,0.0,156
tempe,0.44456082582473755,0.0,90
tempe,0.6786503195762634,0.0,0
tempe,0.43781715631484985,0.0,197
tempe,0.6363925337791443,0.0,251
tempe,0.6751614809036255,0.0,88
tempe,0.5089724659919739,0.0,246
tempe,0.6187565326690674,0.0,131
tempe,0.445982962846756,0.0,106
tempe,0.5053330659866333,0.0,255
tempe,0.6583347916603088,0.0,255
tempe,0.548650860786438,0.0,171
tempe,0.7018290162086487,0.0,113
tempe,0.62144535779953,0.0,255
tempe,0.863068163394928,0.0,74
tempe,0.5541258454322815,0.0,163
tempe,0.4754995107650757,0.0,171
tempe,0.8765842914581299,0.0,218
tempe,0.518440842628479,0.0,255
tempe,0.4079318940639496,0.0,255
tempe,0.4434748589992523,0.0,50
tempe,0.47172635793685913,0.0,122
tempe,0.5371594429016113,0.0,42
tempe,0.5486229062080383,0.0,128
tempe,0.7271690368652344,0.0,33
tempe,0.6140584349632263,0.0,76
tempe,0.4610835611820221,0.0,23
tempe,0.910418689250946,0.0,250
tempe,0.5037966966629028,0.0,113
tempe,0.5089515447616577,0.0,252
tempe,0.46128252148628235,0.0,117
tempe,0.5029298663139343,0.0,211
tempe,0.594806432723999,0.0,65
tempe,0.40512630343437195,0.0,54
tempe,0.548440158367157,0.0,76
tempe,0.680458664894104,0.0,255
tempe,0.40795549750328064,0.0,125
tempe,0.6854887008666992,0.0,19
tempe,0.802334725856781,0.0,238
tempe,0.8062567710876465,0.0,138
tempe,0.6115031838417053,0.0,107
tempe,0.44345444440841675,0.0,55
tempe,0.5445587038993835,0.0,103
tempe,0.5510832667350769,0.0,93
tempe,0.6444190740585327,0.0,109
tempe,0.5184493660926819,0.0,33
tempe,0.801945149898529,0.0,255
tempe,0.40798842906951904,0.0,244
tempe,0.4051240086555481,0.0,0
tempe,0.5313054919242859,0.0,105
tempe,0.6849323511123657,0.0,183
tempe,0.8017275929450989,0.0,78
tempe,0.9169546365737915,0.0,196
tempe,0.8062906861305237,0.0,255
tempe,0.7625089883804321,0.0,193
tempe,0.5684742331504822,0.0,6
tempe,0.6633051633834839,0.0,199
tempe,0.537006676197052,0.0,146
tempe,0.8022875189781189,0.0,218
tempe,0.6920585036277771,0.0,229
tempe,0.6109501719474792,0.0,0
tempe,0.7624820470809937,0.0,254
tempe,0.6467364430427551,0.0,193
tempe,0.7093303799629211,0.0,255
tempe,0.40474268794059753,0.0,91
tempe,0.5456573963165283,0.0,0
tempe,0.8630741834640503,0.0,5
tempe,0.5691773891448975,0.0,0
tempe,0.551239550113678,0.0,238
tempe,0.47554197907447815,0.0,135
tempe,0.394229531288147,0.0,25
tempe,0.7924237251281738,0.0,104
tempe,0.5509594082832336,0.0,114
tempe,0.6633731722831726,0.0,67
tempe,0.5641445517539978,0.0,0
tempe,0.7270972728729248,0.0,64
tempe,0.618842601776123,0.0,168
tempe,0.4324530363082886,0.0,255
tempe,0.5364341735839844,0.0,104
tempe,0.5053572058677673,0.0,0
tempe,0.5364428162574768,0.0,229
tempe,0.518841028213501,0.0,209
tempe,0.33141565322875977,0.0,129
tempe,0.4132603108882904,0.0,18
tempe,0.7786388993263245,0.0,209
tempe,0.542850911617279,0.0,111
tempe,0.7094738483428955,0.0,0
tempe,0.7106128334999084,0.0,103
tempe,0.44608238339424133,0.0,76
tempe,0.5042282938957214,0.0,0
tempe,0.5668869614601135,0.0,119
tempe,0.6552072763442993,0.0,158
tempe,0.4550304412841797,0.0,109
tempe,0.5350874662399292,0.0,87
tempe,0.41323667764663696,0.0,76
tempe,0.7778470516204834,0.0,166
tempe,0.6255390048027039,0.0,67
tempe,0.5222225189208984,0.0,16
tempe,0.508965790271759,0.0,91
tempe,0.5750251412391663,0.0,254
tempe,0.6109181642532349,0.0,7
tempe,0.43743589520454407,0.0,139
tempe,0.5364245176315308,0.0,0
tempe,0.7363090515136719,0.0,255
tempe,0.7841233015060425,0.0,255
tempe,0.9104067087173462,0.0,89
tempe,0.7094200849533081,0.0,255
tempe,0.5929273962974548,0.0,0
tempe,0.5876041054725647,0.0,255
tempe,0.38673847913742065,0.0,255
tempe,0.5876297950744629,0.0,141
tempe,0.4375265836715698,0.0,0
tempe,0.9582302570343018,0.0,37
tempe,0.39418160915374756,0.0,53
tempe,0.8390840291976929,0.0,200
tempe,0.6950384378433228,0.0,11
tempe,0.8391613960266113,0.0,226
tempe,0.6745983362197876,0.0,186
tempe,0.6255578398704529,0.0,255
tempe,0.9169062376022339,0.0,122
tempe,0.8764176964759827,0.0,251
tempe,0.6214034557342529,0.0,2
tempe,0.5364406108856201,0.0,197
tempe,0.5834929943084717,0.0,252
tempe,0.7246624827384949,0.0,101
tempe,0.7840384244918823,0.0,56
tempe,0.6214244365692139,0.0,255
tempe,0.6140473484992981,0.0,239
tempe,0.5028500556945801,0.0,244
tempe,0.38661494851112366,0.0,0
tempe,0.38182154297828674,0.0,4
tempe,0.5893716812133789,0.0,255
tempe,0.6140655875205994,0.0,28
tempe,0.5660676956176758,0.0,165
tempe,0.5505160093307495,0.0,92
tempe,0.5691766142845154,0.0,255
tempe,0.6255121231079102,0.0,142
tempe,0.7861059904098511,0.0,255
tempe,0.5295994877815247,0.0,255
tempe,0.5089380145072937,0.0,1
tempe,0.7808231711387634,0.0,255
tempe,0.30653485655784607,0.0,225
tempe,0.40797773003578186,0.0,182
tempe,0.853592574596405,0.0,122
tempe,0.6802312731742859,0.0,102
tempe,0.6745820045471191,0.0,197
tempe,0.4377852976322174,0.0,193
tempe,0.5834594368934631,0.0,227
tempe,0.5512488484382629,0.0,26
tempe,0.5343902111053467,0.0,255
tempe,0.5444920063018799,0.0,171
tempe,0.7808845639228821,0.0,255
tempe,0.5542407631874084,0.0,56
tempe,0.5222214460372925,0.0,145
tempe,0.4132508635520935,0.0,160
tempe,0.6191558837890625,0.0,0
tempe,0.7808510661125183,0.0,229
tempe,0.4549689292907715,0.0,226
tempe,0.5597794055938721,0.0,0
tempe,0.36127743124961853,0.0,223
tempe,0.6517177224159241,0.0,255
tempe,0.5661711692810059,0.0,196
tempe,0.5485509037971497,0.0,194
tempe,0.5504074692726135,0.0,254
tempe,0.9169962406158447,0.0,155
tempe,0.4501904845237732,0.0,184
tempe,0.6363688707351685,0.0,40
tempe,0.3651657998561859,0.0,255
tempe,0.6633604168891907,0.0,72
tempe,0.9120049476623535,0.0,255
tempe,0.5344476103782654,0.0,0
tempe,0.5170587301254272,0.0,88
tempe,0.5929335355758667,0.0,99
tempe,0.5748834609985352,0.0,8
tempe,0.5296623110771179,0.0,255
tempe,0.4632706344127655,0.0,107
tempe,0.853600263595581,0.0,176
tempe,0.47172728180885315,0.0,255
tempe,0.30653542280197144,0.0,0
tempe,0.5312790870666504,0.0,26
tempe,0.5456357002258301,0.0,255
tempe,0.47040390968322754,0.0,85
tempe,0.5483756065368652,0.0,62
tempe,0.5028443336486816,0.0,21
tempe,0.4758584201335907,0.0,122
tempe,0.8969528079032898,0.0,111
tempe,0.6853840351104736,0.0,86
tempe,0.643804669380188,0.0,185
tempe,0.46136242151260376,0.0,128
tempe,0.7784706354141235,0.0,132
tempe,0.5835002660751343,0.0,186
tempe,0.5685092806816101,0.0,128
tempe,0.6745764017105103,0.0,47
tempe,0.9170020222663879,0.0,26
tempe,0.5933731198310852,0.0,174
tempe,0.47156715393066406,0.0,85
tempe,0.710644543170929,0.0,35
tempe,0.45497453212738037,0.0,93
tempe,0.5929402709007263,0.0,14
tempe,0.5508347153663635,0.0,162
tempe,0.3981002867221832,0.0,162
tempe,0.4957362115383148,0.0,177
tempe,0.4078022539615631,0.0,59
tempe,0.7018189430236816,0.0,127
tempe,0.8632245063781738,0.0,54
tempe,0.45495185256004333,0.0,134
tempe,0.6754279732704163,0.0,69
tempe,0.9052672386169434,0.0,255
tempe,0.5042760372161865,0.0,10
tempe,0.876348078250885,0.0,187
tempe,0.7248596549034119,0.0,144
tempe,0.43237248063087463,0.0,90
tempe,0.5257766842842102,0.0,151
tempe,0.4632730185985565,0.0,254
tempe,0.6849352717399597,0.0,46
tempe,0.5426286458969116,0.0,229
tempe,0.4883676767349243,0.0,176
tempe,0.4378335177898407,0.0,37
tempe,0.44455111026763916,0.0,105
tempe,0.48868870735168457,0.0,0
tempe,0.95803302526474,0.0,13
tempe,0.5089335441589355,0.0,197
tempe,0.33143359422683716,0.0,91
tempe,0.5433903932571411,0.0,206
tempe,0.38674265146255493,0.0,147
tempe,0.4957762360572815,0.0,123
tempe,0.6554706692695618,0.0,209
tempe,0.5053650140762329,0.0,182
tempe,0.5685082674026489,0.0,211
tempe,0.6036142110824585,0.0,255
tempe,0.5250722169876099,0.0,186
tempe,0.5170657634735107,0.0,93
tempe,0.6960720419883728,0.0,255
tempe,0.5509898066520691,0.0,45
tempe,0.47041746973991394,0.0,103
tempe,0.4050038158893585,0.0,126
tempe,0.6179127097129822,0.0,203
tempe,0.4759959578514099,0.0,40
tempe,0.7856559753417969,0.0,101
tempe,0.5235965251922607,0.0,116
tempe,0.5503197908401489,0.0,30
tempe,0.8063004612922668,0.0,207
tempe,0.8391029834747314,0.0,162
tempe,0.6439833641052246,0.0,132
tempe,0.6920782327651978,0.0,163
tempe,0.5434721112251282,0.0,83
tempe,0.45499497652053833,0.0,77
tempe,0.44329169392585754,0.0,53
tempe,0.6444039344787598,0.0,172
tempe,0.45500555634498596,0.0,3
tempe,0.5344556570053101,0.0,209
tempe,0.5351749062538147,0.0,61
tempe,0.43750840425491333,0.0,196
tempe,0.365163654088974,0.0,14
tempe,0.8535946607589722,0.0,54
tempe,0.5236709117889404,0.0,255
tempe,0.6745896339416504,0.0,132
tempe,0.404794305562973,0.0,179
tempe,0.7015224695205688,0.0,0
tempe,0.6786488890647888,0.0,248
tempe,0.5689694285392761,0.0,89
tempe,0.5891525149345398,0.0,234
tempe,0.9120005965232849,0.0,147
tempe,0.6036492586135864,0.0,254
tempe,0.4851515293121338,0.0,27
tempe,0.8062403798103333,0.0,106
tempe,0.8969005942344666,0.0,159
tempe,0.39419761300086975,0.0,156
tempe,0.49573224782943726,0.0,13
tempe,0.5502968430519104,0.0,126
tempe,0.5444327592849731,0.0,4
tempe,0.619502067565918,0.0,87
tempe,0.7840955853462219,0.0,13
tempe,0.5659213662147522,0.0,91
tempe,0.7901420593261719,0.0,103
tempe,0.5484933257102966,0.0,0
tempe,0.6467519402503967,0.0,227
tempe,0.7901387214660645,0.0,0
tempe,0.5503028631210327,0.0,113
tempe,0.619495153427124,0.0,94
tempe,0.48450568318367004,0.0,98
tempe,0.407992422580719,0.0,118
tempe,0.38177406787872314,0.0,228
tempe,0.6444101929664612,0.0,165
tempe,0.6517284512519836,0.0,74
tempe,0.5747795104980469,0.0,41
tempe,0.5372067093849182,0.0,255
tempe,0.8970828652381897,0.0,135
tempe,0.6754345297813416,0.0,251
tempe,0.5952661037445068,0.0,123
tempe,0.7784689664840698,0.0,215
tempe,0.5258361101150513,0.0,88
tempe,0.48442742228507996,0.0,16
tempe,0.5684753060340881,0.0,234
tempe,0.488923043012619,0.0,79
tempe,0.9584673643112183,0.0,17
tempe,0.4324571490287781,0.0,104
tempe,0.6849325895309448,0.0,82
tempe,0.4703903794288635,0.0,244
tempe,0.5834677815437317,0.0,179
tempe,0.5542163848876953,0.0,197
tempe,0.4759463369846344,0.0,78
tempe,0.7093873023986816,0.0,226
tempe,0.7018288969993591,0.0,221
tempe,0.5038049817085266,0.0,252
tempe,0.48454535007476807,0.0,222
tempe,0.7272270917892456,0.0,0
tempe,0.5641139149665833,0.0,199
tempe,0.6552486419677734,0.0,254
tempe,0.6849991083145142,0.0,50
tempe,0.5222156643867493,0.0,103
tempe,0.548450231552124,0.0,194
tempe,0.5512825846672058,0.0,0
tempe,0.6187512278556824,0.0,171
tempe,0.5641287565231323,0.0,118
tempe,0.5247835516929626,0.0,70
tempe,0.7899354100227356,0.0,255
tempe,0.9119188189506531,0.0,132
tempe,0.5669060349464417,0.0,255
tempe,0.6804789900779724,0.0,184
tempe,0.4851081371307373,0.0,164
tempe,0.5934159159660339,0.0,112
tempe,0.5312995910644531,0.0,174
tempe,0.6920813322067261,0.0,67
tempe,0.5504536032676697,0.0,13
tempe,0.5691654086112976,0.0,130
tempe,0.9051942229270935,0.0,118
tempe,0.4878019392490387,0.0,193
tempe,0.5428240299224854,0.0,79
tempe,0.9120314121246338,0.0,56
tempe,0.8771026134490967,0.0,150
tempe,0.5668476223945618,0.0,146
tempe,0.7625190615653992,0.0,72
tempe,0.44431430101394653,0.0,167
tempe,0.3064958155155182,0.0,255
tempe,0.5690147876739502,0.0,226
tempe,0.5509024858474731,0.0,82
tempe,0.45026683807373047,0.0,189
tempe,0.5369769334793091,0.0,65
tempe,0.7783718109130859,0.0,18
tempe,0.6786590218544006,0.0,0
tempe,0.4078180193901062,0.0,218
tempe,0.5037932395935059,0.0,0
tempe,0.47040635347366333,0.0,252
tempe,0.6754183173179626,0.0,54
tempe,0.6180003881454468,0.0,110
tempe,0.9169105887413025,0.0,158
tempe,0.7924271821975708,0.0,123
tempe,0.39753711223602295,0.0,215
tempe,0.5891469717025757,0.0,130
tempe,0.4460735321044922,0.0,17
tempe,0.484999418258667,0.0,125
tempe,0.710647702217102,0.0,113
tempe,0.6362965106964111,0.0,224
tempe,0.522202730178833,0.0,66
tempe,0.6255335807800293,0.0,245
tempe,0.5370986461639404,0.0,53
tempe,0.4717298150062561,0.0,139
tempe,0.5369927287101746,0.0,255
tempe,0.3817375898361206,0.0,3
tempe,0.45499187707901,0.0,76
tempe,0.692058801651001,0.0,162
tempe,0.5184621214866638,0.0,55
tempe,0.6551299691200256,0.0,255
tempe,0.3612790107727051,0.0,17
tempe,0.5048485994338989,0.0,200
tempe,0.6364108920097351,0.0,203
tempe,0.6223293542861938,0.0,81
tempe,0.6179513335227966,0.0,11
tempe,0.5487129092216492,0.0,227
tempe,0.5088760852813721,0.0,149
tempe,0.5487022399902344,0.0,101
tempe,0.504947304725647,0.0,222
tempe,0.6214419007301331,0.0,219
tempe,0.7856481075286865,0.0,186
tempe,0.5685167908668518,0.0,246
tempe,0.36129409074783325,0.0,177
tempe,0.5508750081062317,0.0,185
tempe,0.41325607895851135,0.0,255
tempe,0.5041502714157104,0.0,250
tempe,0.40511131286621094,0.0,129
tempe,0.5669035911560059,0.0,112
tempe,0.6517300605773926,0.0,152
tempe,0.5660805106163025,0.0,162
tempe,0.5669586062431335,0.0,38
tempe,0.5169731974601746,0.0,54
tempe,0.404653936624527,0.0,3
tempe,0.6222773194313049,0.0,109
tempe,0.5929116010665894,0.0,201
tempe,0.8017207384109497,0.0,125
tempe,0.6467182040214539,0.0,0
tempe,0.6962707042694092,0.0,0
tempe,0.9091077446937561,0.0,254
tempe,0.523628294467926,0.0,150
tempe,0.7840884327888489,0.0,51
tempe,0.5250734686851501,0.0,146
tempe,0.5051767230033875,0.0,188
tempe,0.5434485077857971,0.0,25
tempe,0.5456515550613403,0.0,127
tempe,0.5952757000923157,0.0,0
tempe,0.3651657700538635,0.0,242
tempe,0.4501911997795105,0.0,157
tempe,0.5597431659698486,0.0,243
tempe,0.5371752977371216,0.0,96
tempe,0.9091029763221741,0.0,0
tempe,0.5510634779930115,0.0,196
tempe,0.4613429009914398,0.0,31
tempe,0.5876008868217468,0.0,191
tempe,0.5258302092552185,0.0,103
tempe,0.5050175189971924,0.0,0
tempe,0.736318051815033,0.0,120
tempe,0.7786991000175476,0.0,0
tempe,0.6192982792854309,0.0,210
tempe,0.3383100926876068,0.0,138
tempe,0.7553635835647583,0.0,54
tempe,0.5749962329864502,0.0,75
tempe,0.6770842671394348,0.0,14
tempe,0.23171719908714294,0.0,151
tempe,0.5471291542053223,0.0,18
tempe,0.490541934967041,0.0,18
tempe,0.4804023206233978,0.0,88
tempe,0.6113130450248718,0.0,255
tempe,0.34667035937309265,0.0,211
tempe,0.7249007821083069,0.0,92
tempe,0.6394221782684326,0.0,253
tempe,0.3394514322280884,0.0,208
tempe,0.5233730673789978,0.0,105
tempe,0.35646939277648926,0.0,40
tempe,0.5369361042976379,0.0,68
tempe,0.6710203886032104,0.0,255
tempe,0.6203219890594482,0.0,195
tempe,0.5538336634635925,0.0,29
tempe,0.49136441946029663,0.0,94
tempe,0.7113223075866699,0.0,166
tempe,0.6142002940177917,0.0,255
tempe,0.6512771248817444,0.0,19
tempe,0.5371853113174438,0.0,17
tempe,0.7891567349433899,0.0,254
tempe,0.5113294720649719,0.0,2
tempe,0.6143137812614441,0.0,50
tempe,0.4934147298336029,0.0,25
tempe,0.4587021768093109,0.0,0
tempe,0.5177143812179565,0.0,181
tempe,0.406109094619751,0.0,205
tempe,0.9138984680175781,0.0,160
tempe,0.3234298825263977,0.0,177
tempe,0.5417721271514893,0.0,45
tempe,0.46682053804397583,0.0,97
tempe,0.5036382079124451,0.0,108
tempe,0.5909188985824585,0.0,2
tempe,0.8185178637504578,0.0,253
tempe,0.3465592563152313,0.0,255
tempe,0.504385232925415,0.0,196
tempe,0.7181079983711243,0.0,191
tempe,0.9505808353424072,0.0,158
tempe,0.6307322382926941,0.0,120
tempe,0.8180182576179504,0.0,202
tempe,0.35843294858932495,0.0,25
tempe,0.5141443610191345,0.0,0
tempe,0.5359936952590942,0.0,255
tempe,0.38133612275123596,0.0,37
tempe,0.45934125781059265,0.0,255
tempe,0.6523177027702332,0.0,193
tempe,0.7263960838317871,0.0,37
tempe,0.5299801230430603,0.0,214
tempe,0.5667572617530823,0.0,92
tempe,0.6907551884651184,0.0,102
tempe,0.663837194442749,0.0,208
tempe,0.4187973141670227,0.0,28
tempe,0.5658352375030518,0.0,104
tempe,0.6617382764816284,0.0,254
tempe,0.499085932970047,0.0,7
tempe,0.5915172100067139,0.0,0
tempe,0.6486974954605103,0.0,243
tempe,0.7513735294342041,0.0,255
tempe,0.3887026906013489,0.0,255
tempe,0.7678490877151489,0.0,96
tempe,0.3800172507762909,0.0,211
tempe,0.7337123155593872,0.0,0
tempe,0.5703147649765015,0.0,144
tempe,0.811989963054657,0.0,253
tempe,0.3214340806007385,0.0,0
tempe,0.3369434177875519,0.0,74
tempe,0.5823017954826355,0.0,87
tempe,0.3691163957118988,0.0,155
tempe,0.6146243214607239,0.0,133
tempe,0.3803640902042389,0.0,40
tempe,0.57480788230896,0.0,181
tempe,0.8903375864028931,0.0,11
tempe,0.5216060280799866,0.0,101
tempe,0.5032498836517334,0.0,138
tempe,0.6489852666854858,0.0,254
tempe,0.7120569348335266,0.0,183
tempe,0.561440110206604,0.0,157
tempe,0.4346773028373718,0.0,35
tempe,0.5969371795654297,0.0,0
tempe,0.5089020729064941,0.0,216
tempe,0.6318821310997009,0.0,0
tempe,0.5865143537521362,0.0,251
tempe,0.3746693432331085,0.0,186
tempe,0.5596441030502319,0.0,255
tempe,0.47868940234184265,0.0,169
tempe,0.5610193610191345,0.0,97
tempe,0.5771740078926086,0.0,200
tempe,0.6804080009460449,0.0,227
tempe,0.9685390591621399,0.0,201
tempe,0.611179530620575,0.0,0
tempe,0.7793580889701843,0.0,118
tempe,0.5228714346885681,0.0,255
tempe,0.6320289969444275,0.0,162
tahu,0.8808782696723938,0.0,73
tahu,0.47074899077415466,0.0,255
tahu,0.634554922580719,0.0,197
tahu,0.599005401134491,0.0,255
tahu,0.6974911093711853,0.0,133
tahu,0.9417859315872192,0.0,212
tahu,0.6261579990386963,0.0,230
tahu,0.9232676029205322,0.0,114
tahu,0.46674486994743347,0.0,207
tahu,0.6511961221694946,0.0,59
tahu,0.8533346056938171,0.0,39
tahu,0.5486815571784973,0.0,173
tahu,0.6860454678535461,0.0,81
tahu,0.4839707016944885,0.0,212
tahu,0.7742809653282166,0.0,0
tahu,0.48682013154029846,0.0,170
tahu,0.48097068071365356,0.0,40
tahu,0.5584531426429749,0.0,255
tahu,0.5834277272224426,0.0,62
tahu,0.5452721118927002,0.0,255
tahu,0.4244442880153656,0.0,133
tahu,0.5241660475730896,0.0,231
tahu,0.6934865117073059,0.0,80
tahu,0.5034223794937134,0.0,243
tahu,0.8461904525756836,0.0,165
tahu,0.5773026347160339,0.0,232
tahu,0.4382809102535248,0.0,1
tahu,0.5777184367179871,0.0,139
tahu,0.8405827879905701,0.0,185
tahu,0.5445263385772705,0.0,89
tahu,0.40109822154045105,0.0,2
tahu,0.9419676065444946,0.0,255
tahu,0.5667867660522461,0.0,216
tahu,0.654382586479187,0.0,2
tahu,0.47771403193473816,0.0,52
tahu,0.5452285408973694,0.0,0
tahu,0.5367171764373779,0.0,0
tahu,0.9467582702636719,0.0,77
tahu,0.3453713357448578,0.0,249
tahu,0.5431950688362122,0.0,227
tahu,0.45025935769081116,0.0,90
tahu,0.4727528393268585,0.0,254
tahu,0.6508881449699402,0.0,239
tahu,0.6621611714363098,0.0,53
tahu,0.8499783873558044,0.0,18
tahu,0.45604467391967773,0.0,0
tahu,0.4859941303730011,0.0,0
tahu,0.9037820100784302,0.0,0
tahu,0.7021318078041077,0.0,200
tahu,0.41119176149368286,0.0,0
tahu,0.6346445083618164,0.0,183
tahu,0.9472382068634033,0.0,0
tahu,0.42689573764801025,0.0,0
tahu,0.4907064139842987,0.0,246
tahu,0.5502699017524719,0.0,151
tahu,0.7190813422203064,0.0,73
tahu,0.5961070656776428,0.0,253
tahu,0.9087837934494019,0.0,59
tahu,0.8126055598258972,0.0,150
tahu,0.6437857151031494,0.0,238
tahu,0.8557010293006897,0.0,92
tahu,0.4113142192363739,0.0,27
tahu,0.8868467211723328,0.0,224
tahu,0.7550303936004639,0.0,145
tahu,0.5674110651016235,0.0,156
tahu,0.5908224582672119,0.0,121
tahu,0.550106406211853,0.0,255
tahu,0.6389877200126648,0.0,185
tahu,0.721089780330658,0.0,202
tahu,0.8501362800598145,0.0,108
tahu,0.842069685459137,0.0,255
tahu,0.5452414751052856,0.0,85
tahu,0.6515204906463623,0.0,145
tahu,0.6318140625953674,0.0,57
tahu,0.9467003345489502,0.0,144
tahu,0.4643630087375641,0.0,54
tahu,0.46674564480781555,0.0,111
tahu,0.7364799380302429,0.0,189
tahu,0.7464401125907898,0.0,93
tahu,0.5126694440841675,0.0,0
tahu,0.706478476524353,0.0,149
tahu,0.4740374684333801,0.0,102
tahu,0.7463756203651428,0.0,242
tahu,0.5778604745864868,0.0,167
tahu,0.5113928914070129,0.0,255
tahu,0.8006025552749634,0.0,255
tahu,0.923406720161438,0.0,211
tahu,0.5583959221839905,0.0,135
tahu,0.5258517861366272,0.0,249
tahu,0.4071786105632782,0.0,219
tahu,0.5453018546104431,0.0,185
tahu,0.3164271116256714,0.0,255
tahu,0.6679539680480957,0.0,28
tahu,0.8420111536979675,0.0,108
tahu,0.5872696042060852,0.0,25
tahu,0.6671015024185181,0.0,42
tahu,0.6565428376197815,0.0,238
tahu,0.9041802883148193,0.0,204
tahu,0.5594460368156433,0.0,188
tahu,0.7021589875221252,0.0,39
tahu,0.6034889221191406,0.0,255
tahu,0.826341450214386,0.0,110
tahu,0.7608921527862549,0.0,158
tahu,0.590364933013916,0.0,28
tahu,0.8005645275115967,0.0,0
tahu,0.5018620491027832,0.0,103
tahu,0.6625359654426575,0.0,254
tahu,0.8966142535209656,0.0,255
tahu,0.40841183066368103,0.0,88
tahu,0.7609487771987915,0.0,253
tahu,0.40711525082588196,0.0,104
tahu,0.401142954826355,0.0,55
tahu,0.5532280802726746,0.0,0
tahu,0.8320819139480591,0.0,80
tahu,0.5873419046401978,0.0,255
tahu,0.7209751009941101,0.0,254
tahu,0.39934590458869934,0.0,196
tahu,0.9232025146484375,0.0,0
tahu,0.6507256627082825,0.0,234
tahu,0.30173730850219727,0.0,155
tahu,0.8566152453422546,0.0,53
tahu,0.5115114450454712,0.0,101
tahu,0.41161778569221497,0.0,31
tahu,0.8502709269523621,0.0,161
tahu,0.7263795733451843,0.0,61
tahu,0.7143614888191223,0.0,158
tahu,0.6837694048881531,0.0,173
tahu,0.3699551522731781,0.0,121
tahu,0.5990664958953857,0.0,111
tahu,0.4859969913959503,0.0,59
tahu,0.33989429473876953,0.0,120
tahu,0.7904170751571655,0.0,0
tahu,0.31691470742225647,0.0,0
tahu,0.5034133791923523,0.0,35
tahu,0.42723923921585083,0.0,207
tahu,0.6898363828659058,0.0,255
tahu,0.7787877321243286,0.0,223
tahu,0.6248041987419128,0.0,223
tahu,0.9471680521965027,0.0,244
tahu,0.662704348564148,0.0,92
tahu,0.8462404012680054,0.0,255
tahu,0.7107804417610168,0.0,254
tahu,0.6627159118652344,0.0,0
tahu,0.8863348960876465,0.0,206
tahu,0.47969526052474976,0.0,111
tahu,0.5444138646125793,0.0,2
tahu,0.52406245470047,0.0,243
tahu,0.6259831190109253,0.0,254
tahu,0.5877922177314758,0.0,123
tahu,0.7469322681427002,0.0,178
tahu,0.6609404683113098,0.0,102
tahu,0.6514431834220886,0.0,254
tahu,0.85660719871521,0.0,133
tahu,0.4159935712814331,0.0,52
tahu,0.5781135559082031,0.0,88
tahu,0.577983558177948,0.0,229
tahu,0.9614067077636719,0.0,124
tahu,0.5461663007736206,0.0,255
tahu,0.9087740182876587,0.0,255
tahu,0.5978206396102905,0.0,253
tahu,0.4392991364002228,0.0,138
tahu,0.5733410120010376,0.0,93
tahu,0.8320956826210022,0.0,0
tahu,0.4835900068283081,0.0,187
tahu,0.7905089855194092,0.0,0
tahu,0.5462172627449036,0.0,120
tahu,0.5532506108283997,0.0,26
tahu,0.4762324094772339,0.0,255
tahu,0.5133316516876221,0.0,55
tahu,0.5677300691604614,0.0,254
tahu,0.7145627737045288,0.0,186
tahu,0.7671539783477783,0.0,166
tahu,0.6167603731155396,0.0,14
tahu,0.5082719922065735,0.0,51
tahu,0.790509045124054,0.0,180
tahu,0.4665078818798065,0.0,255
tahu,0.48157474398612976,0.0,140
tahu,0.36282435059547424,0.0,167
tahu,0.3169635534286499,0.0,255
tahu,0.886327862739563,0.0,52
tahu,0.5961455702781677,0.0,92
tahu,0.9419085383415222,0.0,79
tahu,0.8005669713020325,0.0,251
tahu,0.389812171459198,0.0,2
tahu,0.4626852571964264,0.0,237
tahu,0.3702731728553772,0.0,92
tahu,0.48659271001815796,0.0,149
tahu,0.4808032512664795,0.0,182
tahu,0.6291522979736328,0.0,177
tahu,0.5259871482849121,0.0,91
tahu,0.8534784913063049,0.0,159
tahu,0.5265629291534424,0.0,103
tahu,0.3763620853424072,0.0,255
tahu,0.46461591124534607,0.0,14
tahu,0.5507469177246094,0.0,47
tahu,0.8450122475624084,0.0,148
tahu,0.7399178147315979,0.0,24
tahu,0.6670272946357727,0.0,116
tahu,0.6507807970046997,0.0,167
tahu,0.8132418394088745,0.0,255
tahu,0.6934822797775269,0.0,208
tahu,0.6089233160018921,0.0,67
tahu,0.8864807486534119,0.0,255
tahu,0.904123842716217,0.0,120
tahu,0.6549829244613647,0.0,236
tahu,0.4762479364871979,0.0,253
tahu,0.47282639145851135,0.0,82
tahu,0.7107648849487305,0.0,101
tahu,0.5325261950492859,0.0,50
tahu,0.8600388765335083,0.0,77
tahu,0.8575482964515686,0.0,164
tahu,0.47067540884017944,0.0,141
tahu,0.6824657917022705,0.0,189
tahu,0.39204517006874084,0.0,4
tahu,0.4846056401729584,0.0,35
tahu,0.7223821878433228,0.0,0
tahu,0.4244369566440582,0.0,4
tahu,0.5445196628570557,0.0,116
tahu,0.7676500082015991,0.0,215
tahu,0.5960211157798767,0.0,83
tahu,0.41248053312301636,0.0,170
tahu,0.39013469219207764,0.0,62
tahu,0.5833595991134644,0.0,20
tahu,0.686293363571167,0.0,50
tahu,0.9146283268928528,0.0,163
tahu,0.7066810727119446,0.0,44
tahu,0.726692259311676,0.0,244
tahu,0.6814989447593689,0.0,163
tahu,0.766981840133667,0.0,136
tahu,0.48361095786094666,0.0,79
tahu,0.4124396741390228,0.0,49
tahu,0.8803548812866211,0.0,255
tahu,0.6609587669372559,0.0,137
tahu,0.4812532663345337,0.0,201
tahu,0.7905681133270264,0.0,38
tahu,0.408509761095047,0.0,122
tahu,0.8575090169906616,0.0,11
tahu,0.8772322535514832,0.0,149
tahu,0.5532580018043518,0.0,42
tahu,0.6247867941856384,0.0,76
tahu,0.693459153175354,0.0,29
tahu,0.46669110655784607,0.0,209
tahu,0.904231071472168,0.0,172
tahu,0.8450003862380981,0.0,103
tahu,0.5710875988006592,0.0,246
tahu,0.4116385877132416,0.0,55
tahu,0.5115038752555847,0.0,59
tahu,0.5132620930671692,0.0,25
tahu,0.9086621403694153,0.0,77
tahu,0.48427170515060425,0.0,158
tahu,0.45016494393348694,0.0,128
tahu,0.5358418226242065,0.0,59
tahu,0.5844545960426331,0.0,172
tahu,0.6562576293945312,0.0,158
tahu,0.7677155137062073,0.0,255
tahu,0.5440226793289185,0.0,221
tahu,0.4908123016357422,0.0,246
tahu,0.5660491585731506,0.0,56
tahu,0.8263254761695862,0.0,18
tahu,0.8708688020706177,0.0,1
tahu,0.5393718481063843,0.0,0
tahu,0.8710100650787354,0.0,206
tahu,0.5297142863273621,0.0,255
tahu,0.489278107881546,0.0,140
tahu,0.9612357020378113,0.0,0
tahu,0.7011969685554504,0.0,253
tahu,0.4773016571998596,0.0,75
tahu,0.8321244120597839,0.0,246
tahu,0.4008641541004181,0.0,133
tahu,0.34853389859199524,0.0,87
tahu,0.47253262996673584,0.0,231
tahu,0.8773765563964844,0.0,213
tahu,0.33947592973709106,0.0,61
tahu,0.7417691349983215,0.0,50
tahu,0.6860491037368774,0.0,4
tahu,0.8864307999610901,0.0,247
tahu,0.42420628666877747,0.0,102
tahu,0.9759392738342285,0.0,52
tahu,0.7713739275932312,0.0,189
tahu,0.7223008871078491,0.0,191
tahu,0.38622280955314636,0.0,62
tahu,0.8566178679466248,0.0,255
tahu,0.6416175961494446,0.0,3
tahu,0.9759053587913513,0.0,254
tahu,0.8965803980827332,0.0,59
tahu,0.5903546214103699,0.0,165
tahu,0.6598137617111206,0.0,138
tahu,0.7671465277671814,0.0,254
tahu,0.7248759865760803,0.0,255
tahu,0.5990991592407227,0.0,254
tahu,0.6167463064193726,0.0,0
tahu,0.824987530708313,0.0,109
tahu,0.9417510628700256,0.0,25
tahu,0.6609436273574829,0.0,253
tahu,0.4626868665218353,0.0,252
tahu,0.6974804401397705,0.0,76
tahu,0.4846559464931488,0.0,191
tahu,0.47075703740119934,0.0,15
tahu,0.4665868878364563,0.0,109
tahu,0.42780962586402893,0.0,177
tahu,0.5390292406082153,0.0,255
tahu,0.4384273588657379,0.0,255
tahu,0.4730043411254883,0.0,255
tahu,0.5462550520896912,0.0,0
tahu,0.5660475492477417,0.0,179
tahu,0.641720175743103,0.0,98
tahu,0.6167716979980469,0.0,154
tahu,0.392270028591156,0.0,210
tahu,0.3993152976036072,0.0,138
tahu,0.5445796251296997,0.0,43
tahu,0.7062949538230896,0.0,220
tahu,0.6289430260658264,0.0,98
tahu,0.6346418857574463,0.0,193
tahu,0.6817034482955933,0.0,147
tahu,0.6544173955917358,0.0,210
tahu,0.9234655499458313,0.0,178
tahu,0.5667353868484497,0.0,81
tahu,0.47412601113319397,0.0,164
tahu,0.8416242003440857,0.0,66
tahu,0.6036851406097412,0.0,26
tahu,0.8259121179580688,0.0,209
tahu,0.726731538772583,0.0,18
tahu,0.5881409645080566,0.0,250
tahu,0.5854522585868835,0.0,0
tahu,0.577282190322876,0.0,236
tahu,0.5709941387176514,0.0,120
tahu,0.4234650731086731,0.0,222
tahu,0.5486190319061279,0.0,86
tahu,0.5440840721130371,0.0,74
tahu,0.5325284004211426,0.0,13
tahu,0.4799650013446808,0.0,249
tahu,0.5882157683372498,0.0,59
tahu,0.5184338688850403,0.0,26
tahu,0.47627371549606323,0.0,150
tahu,0.8213173747062683,0.0,36
tahu,0.7066742777824402,0.0,175
tahu,0.5678744912147522,0.0,102
tahu,0.45603033900260925,0.0,104
tahu,0.6935274600982666,0.0,255
tahu,0.5854457020759583,0.0,254
tahu,0.46829378604888916,0.0,252
tahu,0.5468144416809082,0.0,163
tahu,0.5646608471870422,0.0,254
tahu,0.8259440064430237,0.0,3
tahu,0.6670605540275574,0.0,132
tahu,0.7504860758781433,0.0,36
tahu,0.5019243955612183,0.0,209
tahu,0.47273367643356323,0.0,57
tahu,0.7470764517784119,0.0,164
tahu,0.5501044392585754,0.0,255
tahu,0.8750219941139221,0.0,170
tahu,0.7108284831047058,0.0,167
tahu,0.590495765209198,0.0,169
tahu,0.46473413705825806,0.0,0
tahu,0.6862664818763733,0.0,46
tahu,0.4234437346458435,0.0,3
tahu,0.6595611572265625,0.0,255
tahu,0.6897522807121277,0.0,250
tahu,0.3485599458217621,0.0,0
tahu,0.3624277114868164,0.0,163
tahu,0.7264571189880371,0.0,168
tahu,0.6167911291122437,0.0,254
tahu,0.5184327960014343,0.0,56
tahu,0.39095252752304077,0.0,136
tahu,0.631744921207428,0.0,255
tahu,0.939391553401947,0.0,148
tahu,0.5614954233169556,0.0,210
tahu,0.5957318544387817,0.0,162
tahu,0.5883164405822754,0.0,72
tahu,0.4503614604473114,0.0,145
tahu,0.6153931617736816,0.0,254
tahu,0.48599132895469666,0.0,227
tahu,0.6620144248008728,0.0,226
tahu,0.9146321415901184,0.0,150
tahu,0.5673192143440247,0.0,48
tahu,0.666969895362854,0.0,254
tahu,0.8566495180130005,0.0,52
tahu,0.5615687966346741,0.0,25
tahu,0.5033586621284485,0.0,234
tahu,0.5905078053474426,0.0,68
tahu,0.8500826954841614,0.0,227
tahu,0.5519555807113647,0.0,255
tahu,0.7789416909217834,0.0,231
tahu,0.7501327395439148,0.0,93
tahu,0.5267581343650818,0.0,36
tahu,0.43899884819984436,0.0,79
tahu,0.5431420207023621,0.0,248
tahu,0.8600079417228699,0.0,0
tahu,0.7190209031105042,0.0,186
tahu,0.6599783301353455,0.0,100
tahu,0.5296959280967712,0.0,70
tahu,0.8209773898124695,0.0,195
tahu,0.3164397180080414,0.0,227
tahu,0.7249290943145752,0.0,255
tahu,0.6876819133758545,0.0,179
tahu,0.5466703176498413,0.0,6
tahu,0.5258853435516357,0.0,7
tahu,0.37656763195991516,0.0,48
tahu,0.6871452927589417,0.0,224
tahu,0.7222956418991089,0.0,10
tahu,0.5615211725234985,0.0,227
tahu,0.7415530681610107,0.0,58
tahu,0.5877761244773865,0.0,124
tahu,0.616787314414978,0.0,136
tahu,0.6621404886245728,0.0,67
tahu,0.8259082436561584,0.0,255
tahu,0.47996270656585693,0.0,0
tahu,0.34566769003868103,0.0,255
tahu,0.8248950839042664,0.0,97
tahu,0.5781297087669373,0.0,48
tahu,0.6088098287582397,0.0,0
tahu,0.6817307472229004,0.0,42
tahu,0.7609617114067078,0.0,56
tahu,0.6549975275993347,0.0,36
tahu,0.5659464597702026,0.0,42
tahu,0.573358416557312,0.0,93
tahu,0.43921443819999695,0.0,255
tahu,0.6436046957969666,0.0,255
tahu,0.48151880502700806,0.0,50
tahu,0.45024704933166504,0.0,59
tahu,0.5844520330429077,0.0,0
tahu,0.6817778944969177,0.0,160
tahu,0.7669491171836853,0.0,255
tahu,0.6153519153594971,0.0,78
tahu,0.5718196630477905,0.0,0
tahu,0.4682691991329193,0.0,52
tahu,0.6389724612236023,0.0,124
tahu,0.56170254945755,0.0,76
tahu,0.6598865985870361,0.0,129
tahu,0.48905855417251587,0.0,85
tahu,0.7362065315246582,0.0,183
tahu,0.5877087116241455,0.0,152
tahu,0.6624473333358765,0.0,30
tahu,0.8566458225250244,0.0,211
tahu,0.6959806084632874,0.0,45
tahu,0.7713228464126587,0.0,185
tahu,0.9164406061172485,0.0,179
tahu,0.6680333614349365,0.0,140
tahu,0.30178558826446533,0.0,215
tahu,0.9396318793296814,0.0,80
tahu,0.7551497220993042,0.0,0
tahu,0.6816899180412292,0.0,234
tahu,0.5712819695472717,0.0,255
tahu,0.5125880241394043,0.0,25
tahu,0.7946744561195374,0.0,50
tahu,0.5499999523162842,0.0,111
tahu,0.5645399689674377,0.0,11
tahu,0.6823043823242188,0.0,252
tahu,0.6669723391532898,0.0,84
tahu,0.39929357171058655,0.0,101
tahu,0.7012091279029846,0.0,170
tahu,0.3859962522983551,0.0,65
tahu,0.69594407081604,0.0,35
tahu,0.48095449805259705,0.0,168
tahu,0.5976381897926331,0.0,44
tahu,0.5521680116653442,0.0,165
tahu,0.42798498272895813,0.0,173
tahu,0.5842790603637695,0.0,208
tahu,0.7398961782455444,0.0,155
tahu,0.7747216820716858,0.0,204
tahu,0.42336082458496094,0.0,49
tahu,0.4162636399269104,0.0,135
tahu,0.8750094175338745,0.0,95
tahu,0.8555402755737305,0.0,129
tahu,0.6838479042053223,0.0,144
tahu,0.559496283531189,0.0,253
tahu,0.8249009847640991,0.0,57
tahu,0.5083103775978088,0.0,0
tahu,0.7946819067001343,0.0,217
tahu,0.7109142541885376,0.0,254
tahu,0.8566616177558899,0.0,126
tahu,0.5434516668319702,0.0,15
tahu,0.7021414041519165,0.0,255
tahu,0.9164021015167236,0.0,121
tahu,0.919909656047821,0.0,120
tahu,0.4429832994937897,0.0,151
tahu,0.4462735056877136,0.0,116
tahu,0.6178939938545227,0.0,0
tahu,0.5466947555541992,0.0,91
tahu,0.6808971762657166,0.0,197
tahu,0.6671695113182068,0.0,86
tahu,0.6425321698188782,0.0,0
tahu,0.7140737771987915,0.0,164
tahu,0.7227115035057068,0.0,95
tahu,0.5278511047363281,0.0,246
tahu,0.8380338549613953,0.0,1
tahu,0.9171186089515686,0.0,25
tahu,0.684852659702301,0.0,109
tahu,0.6078210473060608,0.0,31
tahu,0.6037976741790771,0.0,161
tahu,0.35613980889320374,0.0,92
tahu,0.6761167645454407,0.0,207
tahu,0.5085958242416382,0.0,54
tahu,0.7509011626243591,0.0,254
tahu,0.4907323122024536,0.0,100
tahu,0.3617907166481018,0.0,216
tahu,0.5540018677711487,0.0,55
tahu,0.9795046448707581,0.0,210
tahu,0.9765185117721558,0.0,255
tahu,0.45424070954322815,0.0,255
tahu,0.3538025915622711,0.0,255
tahu,0.6475558876991272,0.0,255
tahu,0.5459427833557129,0.0,77
tahu,0.8474075794219971,0.0,253
tahu,0.40966078639030457,0.0,29
tahu,0.4286753833293915,0.0,192
tahu,0.6238345503807068,0.0,62
tahu,0.6857138872146606,0.0,250
tahu,0.6238638162612915,0.0,0
tahu,0.6178686022758484,0.0,227
tahu,0.4668717086315155,0.0,30
tahu,0.6891873478889465,0.0,198
tahu,0.6341350078582764,0.0,11
tahu,0.4177255630493164,0.0,40
tahu,0.6113530397415161,0.0,79
tahu,0.6346660852432251,0.0,48
tahu,0.33440831303596497,0.0,204
tahu,0.5001999139785767,0.0,41
tahu,0.5764625072479248,0.0,69
tahu,0.5062466859817505,0.0,165
tahu,0.914328932762146,0.0,112
tahu,0.658001720905304,0.0,0
tahu,0.3750250041484833,0.0,80
tahu,0.6297476291656494,0.0,254
tahu,0.5070042610168457,0.0,27
tahu,0.8395814299583435,0.0,104
tahu,0.7263595461845398,0.0,150
tahu,0.7982914447784424,0.0,109
tahu,0.8716266751289368,0.0,1
tahu,0.706676185131073,0.0,13
tahu,0.38977423310279846,0.0,211
tahu,0.4083195626735687,0.0,162
tahu,0.7066476941108704,0.0,91
tahu,0.4454326033592224,0.0,255
tahu,0.38330402970314026,0.0,255
tahu,0.8801941871643066,0.0,25
tahu,0.8302410244941711,0.0,35
tahu,0.4683474600315094,0.0,255
tahu,0.8609443306922913,0.0,255
tahu,0.5792712569236755,0.0,90
tahu,0.371493399143219,0.0,154
tahu,0.43077436089515686,0.0,254
tahu,0.5916998386383057,0.0,250
tahu,0.4405709207057953,0.0,219
tahu,0.7731646299362183,0.0,252
tahu,0.5306314826011658,0.0,8
tahu,0.6617400646209717,0.0,25
tahu,0.5925960540771484,0.0,37
tahu,0.5221600532531738,0.0,89
tahu,0.5800177454948425,0.0,129
tahu,0.5445606708526611,0.0,0
tahu,0.7398253679275513,0.0,189
tahu,0.42547938227653503,0.0,178
tahu,0.5033403635025024,0.0,111
tahu,0.486747682094574,0.0,66
tahu,0.5680411458015442,0.0,255
tahu,0.8972507119178772,0.0,211
tahu,0.4760536551475525,0.0,48
tahu,0.27965041995048523,0.0,0
tahu,0.5017289519309998,0.0,165
tahu,0.47276830673217773,0.0,115
tahu,0.661585807800293,0.0,8
tahu,0.41239020228385925,0.0,36
tahu,0.6113042235374451,0.0,206
tahu,0.6685543656349182,0.0,69
tahu,0.6074762344360352,0.0,229
tahu,0.5020789504051208,0.0,170
tahu,0.48709335923194885,0.0,164
tahu,0.460335910320282,0.0,255
tahu,0.7038154602050781,0.0,46
tahu,0.3582746684551239,0.0,143
tahu,0.5818422436714172,0.0,199
tahu,0.6377356052398682,0.0,254
tahu,0.37895581126213074,0.0,0
tahu,0.5195232629776001,0.0,23
tahu,0.2674810588359833,0.0,53
tahu,0.6131039261817932,0.0,199
tahu,0.8950304388999939,0.0,255
tahu,0.5048311948776245,0.0,217
tahu,0.559725284576416,0.0,27
tahu,0.7668840885162354,0.0,171
tahu,0.4663587212562561,0.0,209
tahu,0.40680772066116333,0.0,100
tahu,0.3926578164100647,0.0,107
tahu,0.4054808020591736,0.0,150
tahu,0.35097983479499817,0.0,120
tahu,0.5273810625076294,0.0,253
,,,11
,,,0
,,,142
,,,212
,,,156
,,,11
,,,111
,,,173
,,,221
,,,255
,,,0
,,,25
,,,0
,,,214
,,,85
,,,254
,,,255
,,,143
,,,225
,,,254
,,,39
,,,28
,,,74
,,,208
,,,140
,,,130
,,,161
,,,255
,,,83
,,,255
,,,7
,,,250
,,,216
,,,90
,,,254
,,,39
,,,56
,,,89
,,,181
,,,125
,,,166
,,,220
,,,4
,,,151
,,,11
,,,1
,,,252
,,,42
,,,255
,,,247
,,,43
,,,254
,,,255
,,,92
,,,32
,,,254
,,,93
,,,251
,,,66
,,,119
,,,74
,,,48
,,,229
,,,12
,,,104
,,,49
,,,175
,,,59
,,,103
,,,255
,,,76
,,,199
,,,103
,,,24
,,,214
,,,52
,,,223
,,,255
,,,55
,,,29
,,,104
,,,249
,,,227
,,,255
,,,253
,,,168
,,,123
,,,178
,,,196
,,,255
,,,15
,,,211
,,,254
,,,255
,,,113
,,,57
,,,227
,,,35
,,,104
,,,252
,,,111
,,,160
,,,92
,,,0
,,,109
,,,126
,,,116
,,,107
,,,147
,,,0
,,,86
,,,153
,,,255
,,,251
,,,170
,,,128
,,,90
,,,40
,,,242
,,,0
,,,165
,,,90
,,,209
,,,255
,,,244
,,,52
,,,5
,,,250
,,,183
,,,239
,,,184
,,,75
,,,234
,,,255
,,,247
,,,182
,,,188
,,,78
,,,252
,,,51
,,,50
,,,84
,,,255
,,,250
,,,97
,,,244
,,,5
,,,255
,,,22
,,,218
,,,71
,,,255
,,,0
,,,96
,,,0
,,,0
,,,196
,,,4
,,,206
,,,68
,,,178
,,,86
,,,252
,,,134
,,,248
,,,169
,,,176
,,,0
,,,209
,,,58
,,,145
,,,186
,,,203
,,,98
,,,135
,,,0
,,,158
,,,205
,,,90
,,,91
,,,74
,,,255
,,,51
,,,97
,,,1
,,,113
,,,171
,,,213
,,,165
,,,217
,,,179
,,,87
,,,182
,,,248
,,,186
,,,1
,,,200
,,,255
,,,42
,,,47
,,,202
,,,90
,,,108
,,,0
,,,48
,,,0
,,,0
,,,211
,,,176
,,,143
,,,132
,,,255
,,,51
,,,76
,,,37
,,,75
,,,219
,,,54
,,,107
,,,10
,,,248
,,,255
,,,244
,,,255
,,,146
,,,37
,,,91
,,,170
,,,255
,,,18
,,,236
,,,250
,,,21
,,,255
,,,125
,,,229
,,,0
,,,134
,,,0
,,,254
,,,0
,,,110
,,,135
,,,162
,,,255
,,,255
,,,0
,,,78
,,,88
,,,255
,,,255
,,,66
,,,30
,,,111
,,,103
,,,255
,,,114
,,,74
,,,99
,,,112
,,,255
,,,0
,,,0
,,,64
,,,3
,,,244
,,,253
,,,26
,,,211
,,,84
,,,26
,,,210
,,,76
,,,237
,,,144
,,,122
,,,28
,,,78
,,,8
,,,247
,,,138
,,,166
,,,93
,,,30
,,,1
,,,145
,,,132
,,,170
,,,255
,,,255
,,,227
,,,0
,,,64
,,,205
,,,245
,,,164
,,,97
,,,203
,,,119
,,,13
,,,232
,,,244
,,,100
,,,108
,,,229
,,,119
,,,143
,,,59
,,,255
,,,74
,,,254
,,,16
,,,193
,,,51
,,,106
,,,153
,,,103
,,,207
,,,59
,,,75
,,,9
,,,0
,,,29
,,,79
,,,48
,,,198
,,,219
,,,101
,,,208
,,,155
,,,247
,,,0
,,,22
,,,208
,,,254
,,,255
,,,0
,,,251
,,,27
,,,108
,,,0
,,,88
,,,77
,,,62
,,,80
,,,108
,,,0
,,,155
,,,195
,,,96
,,,76
,,,73
,,,95
,,,68
,,,50
,,,162
,,,177
,,,78
,,,155
,,,0
,,,162
,,,255
,,,100
,,,0
,,,0
,,,34
,,,95
,,,207
,,,255
,,,54
,,,54
,,,91
,,,222
,,,177
,,,228
,,,138
,,,254
,,,168
,,,164
,,,255
,,,104
,,,71
,,,43
,,,0
,,,122
,,,132
,,,255
,,,182
,,,155
,,,11
,,,161
,,,120
,,,13
,,,194
,,,93
,,,255
,,,104
,,,124
,,,0
,,,241
,,,210
,,,121
,,,189
,,,185
,,,212
,,,16
,,,23
,,,254
,,,237
,,,100
,,,53
,,,52
,,,255
,,,116
,,,95
,,,44
,,,254
,,,192
,,,170
,,,53
,,,254
,,,233
,,,213
,,,40
,,,63
,,,254
,,,235
,,,0
,,,218
,,,183
,,,173
,,,253
,,,197
,,,132
,,,202
,,,255
,,,0
,,,26
,,,255
,,,23
,,,0
,,,130
,,,252
,,,2
,,,60
,,,172
,,,170
,,,186
,,,11
,,,101
,,,0
,,,60
,,,249
,,,104
,,,111
,,,0
,,,240
,,,138
,,,23
,,,42
,,,223
,,,142
,,,54
,,,100
,,,93
,,,183
,,,0
,,,3
,,,158
,,,20
,,,34
,,,195
,,,0
,,,218
,,,142
,,,225
,,,0
,,,255
,,,215
,,,206
,,,135
,,,157
,,,219
,,,0
,,,145
,,,177
,,,49
,,,178
,,,211
,,,45
,,,255
,,,255
,,,157
,,,255
,,,0
,,,128
,,,254
,,,218
,,,161
,,,194
,,,220
,,,20
,,,206
,,,5
,,,126
,,,255
,,,90
,,,255
,,,254
,,,88
,,,131
,,,218
,,,227
,,,153
,,,171
,,,198
,,,26
,,,95
,,,218
,,,70
,,,249
,,,255
,,,80
,,,36
,,,134
,,,134
,,,133
,,,158
,,,135
,,,185
,,,4
,,,54
,,,1
,,,59
,,,254
,,,126
,,,14
,,,129
,,,87
,,,252
,,,228
,,,0
,,,216
,,,196
,,,35
,,,254
,,,0
,,,66
,,,203
,,,20
,,,138
,,,255
,,,255
,,,254
,,,0
,,,163
,,,129
,,,133
,,,99
,,,0
,,,173
,,,255
,,,9
,,,238
,,,161
,,,241
,,,255
,,,214
,,,4
,,,184
,,,56
,,,5
,,,178
,,,252
,,,248
,,,176
,,,229
,,,19
,,,123
,,,243
,,,42
,,,255
,,,132
,,,120
,,,255
,,,166
,,,77
,,,110
,,,184
,,,122
,,,133
,,,155
,,,202
,,,56
,,,107
,,,190
,,,1
,,,213
,,,89
,,,173
,,,65
,,,35
,,,199
,,,255
,,,64
,,,198
,,,76
,,,101
,,,31
,,,161
,,,253
,,,112
,,,39
,,,62
,,,255
,,,208
,,,49
,,,36
,,,88
,,,73
,,,255
,,,50
,,,125
,,,222
,,,0
,,,255
,,,189
,,,64
,,,254
,,,252
,,,230
,,,254
,,,73
,,,116
,,,100
,,,38
,,,161
,,,209
,,,167
,,,215
,,,136
,,,2
,,,0
,,,250
,,,53
,,,132
,,,65
,,,110
,,,109
,,,6
,,,140
,,,41
,,,179
,,,188
,,,196
,,,0
,,,253
,,,14
,,,254
,,,191
,,,26
,,,116
,,,195
,,,86
,,,133
,,,40
,,,66
,,,89
,,,97
,,,84
,,,33
,,,19
,,,211
,,,238
,,,254
,,,255
,,,255
,,,77
,,,0
,,,123
,,,170
,,,255
,,,195
,,,254
,,,58
,,,0
,,,118
,,,27
,,,209
,,,255
,,,230
,,,165
,,,222
,,,160
,,,55
,,,1
,,,144
,,,205
,,,179
,,,191
,,,192
,,,252
,,,142
,,,216
,,,103
,,,105
,,,255
,,,255
,,,97
,,,168
,,,216
,,,37
,,,103
,,,255
,,,194
,,,244
,,,246
,,,166
,,,196
,,,255
,,,154
,,,211
,,,81
,,,0
,,,0
,,,255
,,,4
,,,49
,,,95
,,,106
,,,7
,,,0
,,,198
,,,200
,,,80
,,,255
,,,35
,,,138
,,,222
,,,27
,,,151
,,,165
,,,59
,,,217
,,,139
,,,255
,,,142
,,,215
,,,0
,,,0
,,,83
,,,53
,,,0
,,,229
,,,1
,,,193
,,,255
,,,98
,,,255
,,,105
,,,17
,,,180
,,,144
,,,255
,,,32
,,,255
,,,255
,,,101
,,,183
,,,247
,,,129
,,,255
,,,1
,,,125
,,,147
,,,206
,,,227
,,,255
,,,118
,,,255
,,,241
,,,40
,,,184
,,,171
,,,255
,,,233
,,,105
,,,179
,,,253
,,,141
,,,76
,,,129
,,,214
,,,255
,,,132
,,,221
,,,24
,,,82
,,,254
,,,253
,,,236
,,,3
,,,148
,,,48
,,,0
,,,104
,,,2
,,,255
,,,157
,,,14
,,,212
,,,0
,,,50
,,,254
,,,205
,,,105
,,,255
,,,255
,,,211
,,,20
,,,198
,,,0
,,,192
,,,54
,,,103
,,,6
,,,254
,,,139
,,,0
,,,215
,,,199
,,,21
,,,223
,,,104
,,,126
,,,109
,,,253
,,,3
,,,6
,,,1
,,,255
,,,54
,,,249
,,,109
,,,255
,,,91
,,,209
,,,12
,,,2
,,,102
,,,150
,,,127
,,,104
,,,255
,,,229
,,,93
,,,209
,,,0
,,,77
,,,254
,,,133
,,,0
,,,254
,,,96
,,,88
,,,198
,,,253
,,,14
,,,223
,,,211
,,,121
,,,235
,,,0
,,,29
,,,147
,,,174
,,,175
,,,39
,,,131
,,,9
,,,28
,,,0
,,,171
,,,255
,,,99
,,,146
,,,237
,,,190
,,,45
,,,122
,,,43
,,,255
,,,130
,,,255
,,,68
,,,254
,,,234
,,,195
,,,255
,,,217
,,,255
,,,110
,,,164
,,,159
,,,247
,,,27
,,,149
,,,98
,,,82
,,,14
,,,255
,,,255
,,,115
,,,49
,,,216
,,,49
,,,209
,,,245
,,,209
,,,224
,,,0
,,,110
,,,110
,,,254
,,,2
,,,254
,,,2
,,,200
,,,252
,,,253
,,,255
,,,93
,,,211
,,,238
,,,106
,,,74
,,,109
,,,55
,,,7
,,,209
,,,165
,,,158
,,,227
,,,216
,,,18
,,,255
,,,251
,,,77
,,,232
,,,42
,,,237
,,,194
,,,0
,,,255
,,,255
,,,106
,,,186
,,,255
,,,51
,,,0
,,,224
,,,50
,,,199
,,,255
,,,14
,,,203
,,,95
,,,219
,,,249
,,,208
,,,255
,,,139
,,,255
,,,72
,,,255
,,,27
,,,255
,,,116
,,,196
,,,255
,,,108
,,,125
,,,251
,,,40
,,,255
,,,66
,,,9
,,,10
,,,242
,,,132
,,,255
,,,60
,,,206
,,,84
,,,100
,,,254
,,,179
,,,217
,,,255
,,,182
,,,218
,,,233
,,,255
,,,164
,,,0
,,,119
,,,171
,,,151
,,,182
,,,97
,,,230
,,,80
,,,110
,,,0
,,,226
,,,3
,,,255
,,,62
,,,255
,,,42
,,,201
,,,19
,,,212
,,,226
,,,159
,,,250
,,,132
,,,3
,,,255
,,,255
,,,54
,,,28
,,,59
,,,206
,,,7
,,,255
,,,255
,,,255
,,,0
,,,154
,,,82
,,,255
,,,47
,,,181
,,,183
,,,111
,,,242
,,,114
,,,73
,,,223
,,,255
,,,0
,,,255
,,,253
,,,22
,,,227
,,,24
,,,72
,,,143
,,,0
,,,97
,,,16
,,,14
,,,116
,,,56
,,,42
,,,76
,,,62
,,,228
,,,171
,,,44
,,,120
,,,0
,,,0
,,,254
,,,161
,,,255
,,,79
,,,255
,,,141
,,,254
,,,108
,,,226
,,,129
,,,50
,,,6
,,,0
,,,65
,,,253
,,,59
,,,83
,,,167
,,,16
,,,255
,,,255
,,,211
,,,72
,,,39
,,,0
,,,210
,,,22
,,,255
,,,159
,,,35
,,,251
,,,130
,,,199
,,,165
,,,42
,,,0
,,,59
,,,18
,,,56
,,,163
,,,75
,,,255
,,,218
,,,152
,,,35
,,,138
,,,227
,,,158
,,,46
,,,142
,,,139
,,,49
,,,83
,,,255
,,,68
,,,255
,,,188
,,,76
,,,186
,,,137
,,,6
,,,255
,,,255
,,,124
,,,108
,,,53
,,,201
,,,69
,,,12
,,,58
,,,215
,,,208
,,,194
,,,163
,,,77
,,,14
,,,151
,,,0
,,,67
,,,0
,,,8
,,,138
,,,104
,,,255
,,,133
,,,110
,,,191
,,,12
,,,253
,,,71
,,,154
,,,95
,,,70
,,,24
,,,255
,,,238
,,,216
,,,176
,,,192
,,,252
,,,45
,,,175
,,,96
,,,253
,,,255
,,,186
,,,30
,,,146
,,,255
,,,19
,,,0
,,,59
,,,89
,,,42
,,,168
,,,175
,,,52
,,,67
,,,190
,,,255
,,,50
,,,15
,,,207
,,,206
,,,213
,,,243
,,,209
,,,255
,,,14
,,,205
,,,137
,,,255
,,,103
,,,165
,,,254
,,,112
,,,248
,,,88
,,,253
,,,253
,,,248
,,,189
,,,0
,,,250
,,,215
,,,177
,,,238
,,,159
,,,121
,,,211
,,,193
,,,169
,,,123
,,,255
,,,0
,,,193
,,,52
,,,0
,,,216
,,,1
,,,0
,,,0
,,,11
,,,255
,,,255
,,,166
,,,10
,,,142
,,,0
,,,93
,,,0
,,,29
,,,218
,,,25
,,,0
,,,255
,,,59
,,,64
,,,73
,,,254
,,,115
,,,229
,,,146
,,,5
,,,42
,,,211
,,,193
,,,54
,,,214
,,,140
,,,249
,,,110
,,,202
,,,93
,,,170
,,,253
,,,255
,,,255
,,,63
,,,201
,,,23
,,,255
,,,63
,,,186
,,,159
,,,250
,,,242
,,,255
,,,150
,,,143
,,,253
,,,147
,,,27
,,,41
,,,85
,,,255
,,,114
,,,255
,,,255
,,,255
,,,88
,,,116
,,,255
,,,59
,,,1
,,,72
,,,232
,,,51
,,,108
,,,87
,,,255
,,,145
,,,243
,,,171
,,,159
,,,7
,,,98
,,,40
,,,219
,,,17
,,,159
,,,37
,,,2
,,,62
,,,250
,,,255
,,,180
,,,13
,,,114
,,,103
,,,108
,,,0
,,,76
,,,164
,,,218
,,,208
,,,167
,,,180
,,,255
,,,176
,,,255
,,,132
,,,168
,,,54
,,,195
,,,181
,,,106
,,,144
,,,237
,,,0
,,,0
,,,216
,,,164
,,,255
,,,209
,,,120
,,,101
,,,246
,,,122
,,,156
,,,183
,,,65
,,,108
,,,94
,,,247
,,,202
,,,224
,,,5
,,,225
,,,255
,,,174
,,,199
,,,233
,,,211
,,,0
,,,96
,,,241
,,,114
,,,59
,,,0
,,,39
,,,118
,,,191
,,,25
,,,77
,,,87
,,,86
,,,67
,,,0
,,,81
,,,255
,,,131
,,,210
,,,97
,,,255
,,,168
,,,84
,,,110
,,,204
,,,18
,,,155
,,,160
,,,255
,,,0
,,,253
,,,93
,,,182
,,,157
,,,229
,,,253
,,,0
,,,255
,,,44
,,,157
,,,93
,,,101
,,,211
,,,145
,,,46
,,,255
,,,144
,,,201
,,,236
,,,143
,,,255
,,,79
,,,0
,,,2
,,,87
,,,139
,,,181
,,,0
,,,161
,,,232
,,,17
,,,139
,,,44
,,,56
,,,142
,,,0
,,,0
,,,182
,,,55
,,,92
,,,0
,,,83
,,,40
,,,61
,,,109
,,,3
,,,87
,,,151
,,,74
,,,212
,,,186
,,,255
,,,255
,,,212
,,,255
,,,149
,,,255
,,,47
,,,0
,,,0
,,,255
,,,16
,,,247
,,,5
,,,255
,,,248
,,,0
,,,46
,,,88
,,,250
,,,177
,,,147
,,,60
,,,15
,,,182
,,,254
,,,0
,,,116
,,,55
,,,62
,,,143
,,,13
,,,209
,,,44
,,,0
,,,170
,,,39
,,,175
,,,0
,,,2
,,,1
,,,185
,,,255
,,,105
,,,253
,,,187
,,,255
,,,0
,,,143
,,,156
,,,255
,,,211
,,,0
,,,0
,,,128
,,,143
,,,118
,,,0
,,,15
,,,0
,,,144
,,,141
,,,151
,,,0
,,,189
,,,45
,,,227
,,,191
,,,247
,,,244
,,,95
,,,97
,,,112
,,,134
,,,151
,,,0
,,,162
,,,177
,,,11
,,,55
,,,102
,,,2
,,,219
,,,245
,,,0
,,,27
,,,122
,,,154
,,,255
,,,84
,,,50
,,,0
,,,132
,,,184
,,,0
,,,90
,,,131
,,,178
,,,228
,,,24
,,,243
,,,194
,,,255
,,,100
,,,65
,,,10
,,,197
,,,109
,,,176
,,,15
,,,23
,,,79
,,,78
,,,173
,,,0
,,,254
,,,255
,,,48
,,,255
,,,62
,,,10
,,,153
,,,124
,,,19
,,,196
,,,33
,,,177
,,,11
,,,187
,,,216
,,,22
,,,57
,,,233
,,,137
,,,150
,,,179
,,,251
,,,177
,,,6
,,,196
,,,82
,,,204
,,,192
,,,86
,,,255
,,,18
,,,0
,,,132
,,,119
,,,132
,,,207
,,,12
,,,197
,,,0
,,,54
,,,65
,,,0
,,,0
,,,35
,,,54
,,,0
,,,255
,,,178
,,,128
,,,212
,,,255
,,,254
,,,142
,,,83
,,,255
,,,97
,,,255
,,,0
,,,235
,,,248
,,,31
,,,83
,,,255
,,,209
,,,70
,,,40
,,,82
,,,229
,,,62
,,,166
,,,116
,,,178
,,,49
,,,0
,,,54
,,,220
,,,85
,,,255
,,,113
,,,66
,,,253
,,,184
,,,3
,,,209
,,,35
,,,255
,,,0
,,,172
,,,255
,,,3
,,,113
,,,73
,,,24
,,,105
,,,164
,,,64
,,,255
,,,199
,,,255
,,,200
,,,187
,,,171
,,,168
,,,209
,,,166
,,,249
,,,255
,,,129
,,,0
,,,160
,,,0
,,,147
,,,77
,,,162
,,,0
,,,9
,,,68
,,,40
,,,74
,,,135
,,,197
,,,196
,,,36
,,,36
,,,209
,,,73
,,,54
,,,84
,,,28
,,,94
,,,66
,,,203
,,,0
,,,255
,,,53
,,,155
,,,174
,,,36
,,,62
,,,254
,,,51
,,,130
,,,255
,,,132
,,,0
,,,66
,,,144
,,,25
,,,200
,,,201
,,,255
,,,60
,,,141
,,,197
,,,159
,,,0
,,,0
,,,255
,,,184
,,,229
,,,63
,,,47
,,,110
,,,138
,,,229
,,,54
,,,253
,,,57
,,,245
,,,3
,,,128
,,,199
,,,123
,,,149
,,,255
,,,0
,,,123
,,,0
,,,52
,,,0
,,,127
,,,209
,,,63
,,,172
,,,233
,,,105
,,,0
,,,163
,,,0
,,,1
,,,189
,,,8
,,,40
,,,0
,,,59
,,,56
,,,122
,,,255
,,,244
,,,14
,,,182
,,,25
,,,49
,,,166
,,,7
,,,231
,,,153
,,,139
,,,206
,,,52
,,,90
,,,5
,,,145
,,,255
,,,255
,,,108
,,,58
,,,254
,,,121
,,,255
,,,254
,,,0
,,,104
,,,97
,,,155
,,,226
,,,116
,,,2
,,,140
,,,254
,,,255
,,,104
,,,94
,,,26
,,,171
,,,173
,,,20
,,,236
,,,207
,,,70
,,,0
,,,137
,,,173
,,,27
,,,252
,,,255
,,,126
,,,59
,,,55
,,,113
,,,174
,,,134
,,,255
,,,0
,,,58
,,,36
,,,122
,,,184
,,,102
,,,242
,,,56
,,,20
,,,253
,,,208
,,,177
,,,20
,,,56
,,,0
,,,213
,,,134
,,,125
,,,211
,,,55
,,,254
,,,91
,,,242
,,,210
,,,249
,,,113
,,,4
,,,199
,,,255
,,,255
,,,0
,,,61
,,,88
,,,201
,,,237
,,,212
,,,185
,,,0
,,,225
,,,255
,,,184
,,,114
,,,14
,,,116
,,,142
,,,139
,,,213
,,,0
,,,254
,,,153
,,,251
,,,249
,,,22
,,,117
,,,160
,,,141
,,,253
,,,35
,,,151
,,,35
,,,1
,,,240
,,,57
,,,84
,,,173
,,,112
,,,229
,,,200
,,,0
,,,0
,,,196
,,,9
,,,0
,,,140
,,,185
,,,133
,,,194
,,,0
,,,227
,,,116
,,,67
,,,42
,,,205
,,,0
,,,245
,,,224
,,,0
,,,255
,,,112
,,,0
,,,101
,,,117
,,,0
,,,94
,,,116
,,,62
,,,80
,,,0
,,,108
,,,113
,,,255
,,,55
,,,82
,,,183
,,,208
,,,64
,,,162
,,,59
,,,117
,,,255
,,,255
,,,255
,,,255
,,,250
,,,254
,,,210
,,,237
,,,127
,,,0
,,,0
,,,129
,,,135
,,,255
,,,48
,,,222
,,,194
,,,255
,,,55
,,,119
,,,185
,,,31
,,,177
,,,211
,,,137
,,,32
,,,243
,,,103
,,,200
,,,255
,,,14
,,,2
,,,255
,,,255
,,,145
,,,0
,,,103
,,,91
,,,240
,,,155
,,,252
,,,0
,,,240
,,,0
,,,22
,,,0
,,,46
,,,132
,,,53
,,,100
,,,148
,,,52
,,,96
,,,121
,,,83
,,,7
,,,100
,,,23
,,,2
,,,10
,,,254
,,,97
,,,143
,,,246
,,,173
,,,0
,,,32
,,,254
,,,52
,,,105
,,,98
,,,89
,,,93
,,,114
,,,215
,,,232
,,,121
,,,255
,,,86
,,,113
,,,224
,,,129
,,,141
,,,244
,,,254
,,,210
,,,131
,,,195
,,,61
,,,1
,,,111
,,,0
,,,252
,,,0
,,,153
,,,253
,,,0
,,,2
,,,14
,,,195
,,,142
,,,255
,,,255
,,,38
,,,126
,,,39
,,,109
,,,138
,,,0
,,,255
,,,3
,,,160
,,,66
,,,14
,,,93
,,,41
,,,0
,,,207
,,,59
,,,126
,,,100
,,,25
,,,149
,,,216
,,,18
,,,244
,,,106
,,,175
,,,140
,,,174
,,,75
,,,117
,,,56
,,,68
,,,255
,,,192
,,,177
,,,157
,,,205
,,,161
,,,255
,,,255
,,,209
,,,109
,,,255
,,,249
,,,136
,,,253
,,,187
,,,0
,,,201
,,,10
,,,143
,,,202
,,,250
,,,83
,,,53
,,,140
,,,185
,,,193
,,,93
,,,132
,,,5
,,,0
,,,0
,,,0
,,,2
,,,80
,,,141
,,,251
,,,34
,,,25
,,,39
,,,130
,,,110
,,,104
,,,255
,,,59
,,,238
,,,254
,,,237
,,,0
,,,228
,,,157
,,,78
,,,177
,,,100
,,,255
,,,109
,,,162
,,,95
,,,209
,,,0
,,,87
,,,75
,,,48
,,,114
,,,21
,,,255
,,,38
,,,237
,,,166
,,,20
,,,26
,,,0
,,,37
,,,47
,,,1
,,,165
,,,199
,,,255
,,,25
,,,7
,,,255
,,,122
,,,0
,,,97
,,,0
,,,63
,,,129
,,,168
,,,207
,,,27
,,,224
,,,250
,,,180
,,,76
,,,244
,,,208
,,,111
,,,85
,,,54
,,,52
,,,248
,,,97
,,,133
,,,234
,,,0
,,,200
,,,211
,,,159
,,,255
,,,2
,,,143
,,,179
,,,0
,,,0
,,,143
,,,65
,,,0
,,,199
,,,82
,,,247
,,,146
,,,137
,,,120
,,,255
,,,0
,,,203
,,,249
,,,204
,,,198
,,,6
,,,10
,,,233
,,,0
,,,121
,,,55
,,,215
,,,120
,,,58
,,,71
,,,0
,,,100
,,,251
,,,255
,,,39
,,,89
,,,232
,,,104
,,,110
,,,0
,,,0
,,,77
,,,0
,,,220
,,,148
,,,255
,,,212
,,,78
,,,243
,,,255
,,,51
,,,230
,,,178
,,,116
,,,8
,,,118
,,,50
,,,54
,,,138
,,,227
,,,105
,,,118
,,,136
,,,255
,,,101
,,,133
,,,255
,,,164
,,,65
,,,255
,,,195
,,,0
,,,183
,,,184
,,,25
,,,105
,,,146
,,,216
,,,123
,,,23
,,,99
,,,64
,,,102
,,,26
,,,44
,,,255
,,,188
,,,22
,,,37
,,,223
,,,177
,,,188
,,,209
,,,229
,,,211
,,,1
,,,39
,,,165
,,,240
,,,203
,,,135
,,,216
,,,181
,,,72
,,,255
,,,170
,,,114
,,,22
,,,0
,,,255
,,,47
,,,224
,,,169
,,,121
,,,229
,,,47
,,,247
,,,161
,,,111
,,,40
,,,111
,,,255
,,,0
,,,97
,,,95
,,,42
,,,255
,,,252
,,,21
,,,255
,,,130
,,,50
,,,6
,,,162
,,,59
,,,254
,,,255
,,,238
,,,247
,,,255
,,,131
,,,150
,,,48
,,,78
,,,217
,,,163
,,,176
,,,131
,,,181
,,,3
,,,161
,,,131
,,,225
,,,166
,,,23
,,,13
,,,110
,,,52
,,,11
,,,17
,,,237
,,,255
,,,111
,,,0
,,,128
,,,161
,,,23
,,,166
,,,130
,,,0
,,,121
,,,197
,,,40
,,,125
,,,23
,,,62
,,,188
,,,203
,,,0
,,,66
,,,21
,,,40
,,,41
,,,176
,,,196
,,,7
,,,56
,,,181
,,,0
,,,255
,,,255
,,,232
,,,17
,,,201
,,,229
,,,21
,,,103
,,,198
,,,73
,,,21
,,,1
,,,0
,,,182
,,,188
,,,0
,,,244
,,,208
,,,255
,,,128
,,,97
,,,189
,,,2
,,,211
,,,162
,,,29
,,,169
,,,77
,,,255
,,,251
,,,0
,,,131
,,,0
,,,253
,,,161
,,,100
,,,255
,,,198
,,,0
,,,60
,,,164
,,,220
,,,255
,,,197
,,,207
,,,174
,,,61
,,,138
,,,60
,,,205
,,,253
,,,133
,,,174
,,,35
,,,4
,,,248
,,,152
,,,0
,,,3
,,,255
,,,54
,,,181
,,,52
,,,4
,,,35
,,,179
,,,211
,,,236
,,,55
,,,138
,,,48
,,,173
,,,255
,,,0
,,,74
,,,166
,,,0
,,,103
,,,255
,,,4
,,,48
,,,58
,,,76
,,,133
,,,20
,,,162
,,,0
,,,208
,,,62
,,,22
,,,121
,,,0
,,,209
,,,67
,,,210
,,,28
,,,208
,,,174
,,,137
,,,255
,,,203
,,,42
,,,78
,,,94
,,,102
,,,116
,,,214
,,,253
,,,89
,,,129
,,,185
,,,190
,,,0
,,,219
,,,255
,,,102
,,,93
,,,236
,,,24
,,,12
,,,210
,,,0
,,,164
,,,121
,,,97
,,,240
,,,63
,,,255
,,,213
,,,54
,,,7
,,,44
,,,35
,,,56
,,,75
,,,210
,,,0
,,,14
,,,11
,,,117
,,,75
,,,10
,,,188
,,,11
,,,148
,,,227
,,,101
,,,211
,,,13
,,,255
,,,121
,,,191
,,,157
,,,211
,,,140
,,,104
,,,255
,,,143
,,,146
,,,166
,,,255
,,,0
,,,116
,,,255
,,,170
,,,229
,,,0
,,,1
,,,141
,,,39
,,,255
,,,255
,,,37
,,,33
,,,80
,,,86
,,,133
,,,255
,,,245
,,,172
,,,255
,,,250
,,,24
,,,102
,,,60
,,,13
,,,116
,,,80
,,,0
,,,78
,,,138
,,,94
,,,0
,,,0
,,,117
,,,73
,,,0
,,,255
,,,253
,,,85
,,,114
,,,210
,,,88
,,,80
,,,84
,,,100
,,,0
,,,97
,,,97
,,,0
,,,144
,,,96
,,,241
,,,88
,,,74
,,,0
,,,37
,,,137
,,,184
,,,255
,,,165
,,,252
,,,0
,,,203
,,,75
,,,20
,,,192
,,,255
,,,209
,,,117
,,,76
,,,177
,,,169
,,,232
,,,255
,,,34
,,,255
,,,108
,,,255
,,,0
,,,248
,,,79
,,,90
,,,66
,,,244
,,,242
,,,12
,,,117
,,,255
,,,191
,,,0
,,,167
,,,82
,,,113
,,,209
,,,109
,,,167
,,,192
,,,212
,,,3
,,,254
,,,104
,,,187
,,,200
,,,89
,,,207
,,,7
,,,230
,,,143
,,,75
,,,186
,,,255
,,,107
,,,49
,,,77
,,,101
,,,87
,,,250
,,,135
,,,255
,,,178
,,,188
,,,134
,,,227
,,,97
,,,86
,,,203
,,,184
,,,188
,,,185
,,,90
,,,255
,,,181
,,,0
,,,139
,,,153
,,,66
,,,133
,,,59
,,,41
,,,255
,,,0
,,,183
,,,98
,,,21
,,,244
,,,15
,,,38
,,,255
,,,0
,,,36
,,,2
,,,94
,,,68
,,,28
,,,254
,,,182
,,,147
,,,61
,,,108
,,,4
,,,225
,,,254
,,,141
,,,68
,,,110
,,,9
,,,98
,,,217
,,,70
,,,185
,,,60
,,,0
,,,12
,,,64
,,,234
,,,19
,,,141
,,,1
,,,252
,,,217
,,,55
,,,23
,,,221
,,,237
,,,39
,,,101
,,,255
,,,128
,,,64
,,,252
,,,14
,,,123
,,,252
,,,252
,,,210
,,,158
,,,250
,,,247
,,,255
,,,0
,,,132
,,,49
,,,250
,,,50
,,,71
,,,36
,,,0
,,,194
,,,201
,,,209
,,,34
,,,111
,,,158
,,,255
,,,0
,,,8
,,,105
,,,50
,,,210
,,,5
,,,255
,,,40
,,,101
,,,239
,,,213
,,,199
,,,96
,,,72
,,,254
,,,248
,,,160
,,,91
,,,158
,,,253
,,,43
,,,121
,,,206
,,,255
,,,60
,,,255
,,,28
,,,161
,,,118
,,,255
,,,52
,,,133
,,,3
,,,77
,,,228
,,,89
,,,252
,,,98
,,,13
,,,121
,,,250
,,,161
,,,0
,,,125
,,,23
,,,72
,,,233
,,,252
,,,255
,,,191
,,,176
,,,42
,,,251
,,,0
,,,154
,,,6
,,,71
,,,3
,,,255
,,,201
,,,3
,,,136
,,,87
,,,134
,,,23
,,,7
,,,255
,,,1
,,,106
,,,255
,,,196
,,,14
,,,4
,,,253
,,,225
,,,168
,,,54
,,,240
,,,82
,,,246
,,,254
,,,154
,,,63
,,,165
,,,137
,,,153
,,,103
,,,146
,,,255
,,,89
,,,255
,,,176
,,,0
,,,82
,,,110
,,,182
,,,0
,,,0
,,,179
,,,193
,,,110
,,,1
,,,73
,,,231
,,,31
,,,255
,,,146
,,,122
,,,130
,,,102
,,,107
,,,0
,,,135
,,,216
,,,94
,,,168
,,,0
,,,109
,,,254
,,,155
,,,243
,,,152
,,,201
,,,121
,,,60
,,,246
,,,76
,,,135
,,,211
,,,0
,,,125
,,,218
,,,251
,,,183
,,,62
,,,198
,,,255
,,,146
,,,27
,,,255
,,,5
,,,207
,,,162
,,,255
,,,68
,,,255
,,,25
,,,179
,,,93
,,,76
,,,131
,,,131
,,,120
,,,120
,,,116
,,,0
,,,68
,,,181
,,,26
,,,255
,,,229
,,,29
,,,203
,,,67
,,,202
,,,224
,,,255
,,,174
,,,255
,,,159
,,,196
,,,110
,,,93
,,,0
,,,0
,,,128
,,,252
,,,255
,,,215
,,,234
,,,57
,,,173
,,,198
,,,255
,,,120
,,,2
,,,164
,,,14
,,,156
,,,147
,,,92
,,,242
,,,31
,,,203
,,,255
,,,86
,,,73
,,,253
,,,113
,,,255
,,,61
,,,238
,,,0
,,,166
,,,232
,,,213
,,,2
,,,255
,,,104
,,,137
,,,88
,,,255
,,,210
,,,179
,,,0
,,,211
,,,2
,,,103
,,,92
,,,255
,,,142
,,,69
,,,9
,,,255
,,,251
,,,128
,,,39
,,,248
,,,240
,,,112
,,,210
,,,248
,,,168
,,,251
,,,65
,,,73
,,,83
,,,43
,,,82
,,,204
,,,53
,,,13
,,,172
,,,138
,,,158
,,,116
,,,211
,,,77
,,,4
,,,74
,,,6
,,,244
,,,36
,,,0
,,,252
,,,162
,,,140
,,,188
,,,0
,,,131
,,,219
,,,131
,,,24
,,,196
,,,255
,,,209
,,,246
,,,191
,,,48
,,,17
,,,253
,,,86
,,,104
,,,0
,,,135
,,,74
,,,236
,,,94
,,,181
,,,255
,,,71
,,,54
,,,16
,,,176
,,,44
,,,187
,,,209
,,,84
,,,241
,,,143
,,,0
,,,1
,,,24
,,,161
,,,227
,,,238
,,,220
,,,85
,,,110
,,,236
,,,62
,,,11
,,,0
,,,254
,,,153
,,,254
,,,196
,,,101
,,,102
,,,220
,,,0
,,,255
,,,66
,,,7
,,,59
,,,238
,,,255
,,,215
,,,14
,,,0
,,,0
,,,68
,,,1
,,,125
,,,2
,,,51
,,,231
,,,255
,,,116
,,,92
,,,211
,,,26
,,,209
,,,193
,,,0
,,,57
,,,1
,,,151
,,,20
,,,243
,,,205
,,,225
,,,255
,,,59
,,,75
,,,117
,,,196
,,,255
,,,126
,,,255
,,,244
,,,255
,,,177
,,,0
,,,210
,,,138
,,,255
,,,138
,,,191
,,,255
,,,90
,,,252
,,,189
,,,9
,,,219
,,,4
,,,0
,,,50
,,,88
,,,244
,,,168
,,,235
,,,149
,,,253
,,,3
,,,92
,,,156
,,,103
,,,224
,,,22
,,,98
,,,2
,,,146
,,,0
,,,238
,,,84
,,,226
,,,179
,,,176
,,,0
,,,163
,,,63
,,,255
,,,165
,,,50
,,,219
,,,11
,,,255
,,,95
,,,21
,,,237
,,,246
,,,175
,,,125
,,,64
,,,92
,,,254
,,,106
,,,188
,,,255
,,,34
,,,149
,,,110
,,,150
,,,254
,,,46
,,,27
,,,255
,,,29
,,,203
,,,255
,,,238
,,,168
,,,39
,,,160
,,,255
,,,135
,,,187
,,,255
,,,33
,,,248
,,,25
,,,0
,,,0
,,,56
,,,188
,,,243
,,,161
,,,136
,,,163
,,,17
,,,25
,,,244
,,,231
,,,79
,,,32
,,,172
,,,180
,,,205
,,,1
,,,255
,,,7
,,,255
,,,166
,,,136
,,,87
,,,2
,,,254
,,,227
,,,227
,,,203
,,,144
,,,153
,,,1
,,,255
,,,52
,,,153
,,,133
,,,187
,,,255
,,,255
,,,98
,,,127
,,,247
,,,62
,,,93
,,,209
,,,165
,,,168
,,,178
,,,0
,,,255
,,,110
,,,52
,,,223
,,,139
,,,93
,,,143
,,,79
,,,37
,,,254
,,,255
,,,34
,,,97
,,,109
,,,2
,,,152
,,,242
,,,216
,,,14
,,,225
,,,189
,,,94
,,,29
,,,76
,,,105
,,,108
,,,228
,,,235
,,,2
,,,12
,,,255
,,,14
,,,242
,,,107
,,,253
,,,250
,,,8
,,,129
,,,245
,,,159
,,,0
,,,0
,,,7
,,,48
,,,11
,,,217
,,,48
,,,173
,,,253
,,,43
,,,0
,,,0
,,,255
,,,255
,,,0
,,,77
,,,88
,,,38
,,,117
,,,166
,,,229
,,,122
,,,41
,,,0
,,,222
,,,220
,,,255
,,,110
,,,205
,,,104
,,,255
,,,151
,,,204
,,,26
,,,87
,,,255
,,,216
,,,1
,,,150
,,,253
,,,114
,,,209
,,,64
,,,104
,,,93
,,,114
,,,255
,,,54
,,,84
,,,93
,,,246
,,,14
,,,189
,,,0
,,,76
,,,171
,,,255
,,,6
,,,84
,,,62
,,,198
,,,200
,,,188
,,,188
,,,255
,,,39
,,,98
,,,254
,,,205
,,,24
,,,1
,,,35
,,,169
,,,255
,,,171
,,,224
,,,63
,,,100
,,,44
,,,1
,,,102
,,,254
,,,7
,,,2
,,,239
,,,131
,,,52
,,,91
,,,104
,,,211
,,,252
,,,0
,,,246
,,,246
,,,0
,,,101
,,,100
,,,210
,,,100
,,,0
,,,252
,,,243
,,,107
,,,104
,,,252
,,,242
,,,104
,,,15
,,,195
,,,56
,,,0
,,,69
,,,225
,,,22
,,,255
,,,131
,,,61
,,,164
,,,235
,,,172
,,,0
,,,255
,,,132
,,,111
,,,235
,,,42
,,,255
,,,192
,,,23
,,,93
,,,87
,,,193
,,,162
,,,79
,,,96
,,,187
,,,178
,,,67
,,,104
,,,135
,,,241
,,,108
,,,156
,,,58
,,,68
,,,204
,,,207
,,,212
,,,83
,,,251
,,,176
,,,61
,,,255
,,,212
,,,255
,,,254
,,,255
,,,252
,,,255
,,,253
,,,0
,,,255
,,,255
,,,80
,,,0
,,,129
,,,10
,,,246
,,,4
,,,209
,,,14
,,,127
,,,102
,,,81
,,,0
,,,3
,,,243
,,,106
,,,39
,,,173
,,,164
,,,121
,,,70
,,,145
,,,42
,,,127
,,,205
,,,89
,,,104
,,,255
,,,125
,,,234
,,,80
,,,253
,,,232
,,,255
,,,12
,,,94
,,,162
,,,0
,,,169
,,,24
,,,46
,,,254
,,,255
,,,255
,,,42
,,,133
,,,249
,,,131
,,,77
,,,244
,,,249
,,,128
,,,105
,,,196
,,,198
,,,231
,,,244
,,,26
,,,254
,,,39
,,,90
,,,0
,,,174
,,,148
,,,82
,,,73
,,,101
,,,116
,,,51
,,,6
,,,255
,,,76
,,,27
,,,255
,,,211
,,,32
,,,145
,,,255
,,,255
,,,124
,,,64
,,,49
,,,206
,,,255
,,,0
,,,250
,,,208
,,,92
,,,7
,,,227
,,,255
,,,246
,,,255
,,,160
,,,255
,,,60
,,,54
,,,3
,,,255
,,,0
,,,5
,,,211
,,,202
,,,119
,,,87
,,,0
,,,144
,,,134
,,,177
,,,141
,,,220
,,,0
,,,164
,,,8
,,,255
,,,250
,,,229
,,,40
,,,0
,,,161
,,,255
,,,168
,,,255
,,,0
,,,48
,,,184
,,,119
,,,238
,,,255
,,,255
,,,231
,,,179
,,,226
,,,209
,,,252
,,,0
,,,58
,,,220
,,,85
,,,184
,,,190
,,,222
,,,181
,,,163
,,,127
,,,244
,,,0
,,,50
,,,254
,,,59
,,,116
,,,74
,,,0
,,,193
,,,226
,,,60
,,,129
,,,62
,,,72
,,,235
,,,216
,,,211
,,,167
,,,255
,,,225
,,,255
,,,156
,,,134
,,,110
,,,5
,,,27
,,,60
,,,182
,,,139
,,,250
,,,255
,,,0
,,,252
,,,11
,,,35
,,,173
,,,189
,,,250
,,,218
,,,124
,,,254
,,,240
,,,55
,,,53
,,,252
,,,241
,,,39
,,,86
,,,96
,,,68
,,,148
,,,54
,,,145
,,,255
,,,161
,,,146
,,,228
,,,209
,,,255
,,,200
,,,163
,,,0
,,,194
,,,39
,,,152
,,,0
,,,255
,,,211
,,,103
,,,26
,,,205
,,,136
,,,0
,,,84
,,,247
,,,17
,,,187
,,,104
,,,255
,,,11
,,,44
,,,89
,,,233
,,,249
,,,54
,,,9
,,,35
,,,32
,,,156
,,,135
,,,0
,,,76
,,,56
,,,92
,,,172
,,,103
,,,13
,,,178
,,,25
,,,165
,,,89
,,,92
,,,196
,,,254
,,,226
,,,28
,,,114
,,,64
,,,64
,,,110
,,,249
,,,173
,,,40
,,,239
,,,214
,,,255
,,,255
,,,209
,,,92
,,,0
,,,255
,,,32
,,,35
,,,52
,,,180
,,,192
,,,244
,,,162
,,,225
,,,8
,,,21
,,,120
,,,235
,,,0
,,,164
,,,0
,,,253
,,,137
,,,255
,,,212
,,,108
,,,109
,,,184
,,,218
,,,0
,,,23
,,,13
,,,195
,,,36
,,,1
,,,87
,,,162
,,,190
,,,225
,,,101
,,,64
,,,240
,,,37
,,,84
,,,79
,,,1
,,,187
,,,84
,,,63
,,,240
,,,218
,,,160
,,,140
,,,127
,,,8
,,,7
,,,109
,,,108
,,,5
,,,133
,,,73
,,,214
,,,0
,,,0
,,,31
,,,110
,,,101
,,,217
,,,255
,,,0
,,,252
,,,74
,,,114
,,,254
,,,231
,,,197
,,,0
,,,89
,,,215
,,,88
,,,221
,,,81
,,,196
,,,42
,,,162
,,,0
,,,3
,,,1
,,,20
,,,255
,,,227
,,,0
,,,241
,,,159
,,,158
,,,254
,,,255
,,,149
,,,112
,,,209
,,,32
,,,4
,,,44
,,,255
,,,2
,,,86
,,,123
,,,70
,,,176
,,,7
,,,56
,,,78
,,,80
,,,200
,,,254
,,,179
,,,255
,,,255
,,,119
,,,93
,,,230
,,,147
,,,14
,,,134
,,,210
,,,126
,,,77
,,,244
,,,254
,,,22
,,,255
,,,73
,,,253
,,,174
,,,98
,,,154
,,,189
,,,98
,,,7
,,,85
,,,145
,,,195
,,,99
,,,0
,,,88
,,,2
,,,238
,,,152
,,,251
,,,33
,,,113
,,,76
,,,116
,,,77
,,,165
,,,253
,,,39
,,,74
,,,196
,,,230
,,,0
,,,160
,,,193
,,,219
,,,31
,,,199
,,,34
,,,147
,,,124
,,,2
,,,0
,,,122
,,,196
,,,77
,,,52
,,,54
,,,121
,,,227
,,,4
,,,9
,,,170
,,,108
,,,1
,,,124
,,,255
,,,13
,,,0
,,,99
,,,109
,,,0
,,,76
,,,36
,,,138
,,,148
,,,251
,,,4
,,,26
,,,25
,,,13
,,,41
,,,88
,,,121
,,,150
,,,0
,,,252
,,,164
,,,255
,,,169
,,,88
,,,255
,,,48
,,,0
,,,50
,,,12
,,,161
,,,46
,,,56
,,,132
,,,87
,,,158
,,,160
,,,2
,,,146
,,,1
,,,12
,,,140
,,,221
,,,255
,,,130
,,,36
,,,191
,,,101
,,,254
,,,72
,,,240
,,,58
,,,71
,,,21
,,,70
,,,125
,,,254
,,,9
,,,190
,,,161
,,,73
,,,1
,,,87
,,,42
,,,0
,,,67
,,,255
,,,187
,,,109
,,,155
,,,185
,,,46
,,,181
,,,0
,,,151
,,,252
,,,255
,,,166
,,,137
,,,30
,,,248
,,,227
,,,227
,,,158
,,,6
,,,255
,,,180
,,,132
,,,38
,,,0
,,,125
,,,223
,,,203
,,,225
,,,228
,,,209
,,,78
,,,132
,,,255
,,,0
,,,255
,,,52
,,,175
,,,203
,,,78
,,,125
,,,76
,,,0
,,,4
,,,110
,,,27
,,,187
,,,243
,,,140
,,,0
,,,18
,,,255
,,,191
,,,255
,,,39
,,,255
,,,83
,,,162
,,,210
,,,42
,,,164
,,,166
,,,171
,,,92
,,,0
,,,3
,,,0
,,,122
,,,215
,,,100
,,,255
,,,88
,,,148
,,,138
,,,197
,,,157
,,,155
,,,3
,,,9
,,,244
,,,88
,,,53
,,,249
,,,0
,,,153
,,,213
,,,63
,,,108
,,,0
,,,0
,,,134
,,,56
,,,255
,,,0
,,,151
,,,201
,,,255
,,,255
,,,101
,,,177
,,,255
,,,255
,,,255
,,,106
,,,57
,,,169
,,,162
,,,92
,,,190
,,,83
,,,88
,,,44
,,,248
,,,105
,,,204
,,,93
,,,133
,,,244
,,,0
,,,39
,,,255
,,,209
,,,254
,,,251
,,,105
,,,248
,,,0
,,,57
,,,141
,,,250
,,,249
,,,161
,,,36
,,,116
,,,105
,,,182
,,,127
,,,38
,,,132
,,,252
,,,22
,,,254
,,,19
,,,144
,,,123
,,,158
,,,71
,,,47
,,,118
,,,36
,,,76
,,,235
,,,49
,,,250
,,,178
,,,16
,,,175
,,,66
,,,0
,,,17
,,,252
,,,41
,,,254
,,,14
,,,29
,,,11
,,,174
,,,128
,,,175
,,,106
,,,199
,,,5
,,,247
,,,52
,,,95
,,,140
,,,150
,,,152
,,,224
,,,255
,,,103
,,,254
,,,255
,,,21
,,,251
,,,254
,,,18
,,,87
,,,3
,,,62
,,,39
,,,137
,,,122
,,,255
,,,24
,,,123
,,,227
,,,110
,,,252
,,,168
,,,255
,,,255
,,,0
,,,244
,,,57
,,,13
,,,178
,,,30
,,,174
,,,54
,,,0
,,,255
,,,101
,,,166
,,,83
,,,0
,,,0
,,,209
,,,255
,,,120
,,,249
,,,48
,,,77
,,,205
,,,43
,,,7
,,,105
,,,244
,,,255
,,,85
,,,255
,,,155
,,,72
,,,239
,,,209
,,,106
,,,176
,,,9
,,,131
,,,253
,,,123
,,,48
,,,254
,,,255
,,,201
,,,127
,,,71
,,,38
,,,0
,,,180
,,,255
,,,82
,,,160
,,,185
,,,178
,,,196
,,,0
,,,255
,,,0
,,,236
,,,29
,,,255
,,,39
,,,23
,,,0
,,,27
,,,54
,,,41
,,,255
,,,131
,,,207
,,,203
,,,129
,,,1
,,,141
,,,10
,,,107
,,,255
,,,253
,,,236
,,,205
,,,208
,,,255
,,,20
,,,175
,,,214
,,,235
,,,233
,,,122
,,,0
,,,146
,,,127
,,,198
,,,211
,,,255
,,,75
,,,108
,,,192
,,,141
,,,96
,,,238
,,,20
,,,120
,,,91
,,,186
,,,96
,,,229
,,,186
,,,229
,,,142
,,,147
,,,255
,,,117
,,,140
,,,255
,,,110
,,,137
,,,3
,,,0
,,,240
,,,255
,,,253
,,,5
,,,15
,,,159
,,,57
,,,0
,,,32
,,,105
,,,57
,,,1
,,,255
,,,86
,,,182
,,,254
,,,194
,,,16
,,,0
,,,92
,,,5
,,,246
,,,0
,,,211
,,,200
,,,116
,,,89
,,,172
,,,12
,,,13
,,,236
,,,87
,,,17
,,,148
,,,0
,,,101
,,,76
,,,38
,,,211
,,,180
,,,52
,,,28
,,,119
,,,2
,,,149
,,,255
,,,197
,,,195
,,,4
,,,0
,,,182
,,,38
,,,0
,,,247
,,,181
,,,147
,,,2
,,,255
,,,222
,,,145
,,,15
,,,124
,,,66
,,,174
,,,15
,,,255
,,,22
,,,211
,,,131
,,,74
,,,0
,,,188
,,,152
,,,128
,,,220
,,,255
,,,2
,,,222
,,,255
,,,0
,,,156
,,,252
,,,255
,,,0
,,,188
,,,111
,,,255
,,,38
,,,141
,,,0
,,,25
,,,68
,,,12
,,,255
,,,249
,,,254
,,,234
,,,194
,,,61
,,,185
,,,19
,,,170
,,,225
,,,30
,,,255
,,,0
,,,40
,,,255
,,,139
,,,40
,,,255
,,,251
,,,209
,,,199
,,,207
,,,179
,,,0
,,,67
,,,233
,,,213
,,,68
,,,0
,,,104
,,,64
,,,92
,,,191
,,,118
,,,255
,,,87
,,,91
,,,116
,,,68
,,,122
,,,37
,,,169
,,,255
,,,67
,,,29
,,,0
,,,105
,,,170
,,,153
,,,56
,,,193
,,,255
,,,209
,,,248
,,,0
,,,55
,,,244
,,,97
,,,229
,,,234
,,,51
,,,158
,,,49
,,,0
,,,0
,,,109
,,,149
,,,166
,,,255
,,,67
,,,93
,,,255
,,,0
,,,255
,,,177
,,,0
,,,0
,,,212
,,,156
,,,126
,,,110
,,,119
,,,2
,,,134
,,,143
,,,0
,,,190
,,,0
,,,84
,,,17
,,,102
,,,85
,,,118
,,,180
,,,251
,,,4
,,,218
,,,99
,,,9
,,,162
,,,57
,,,43
,,,0
,,,38
,,,229
,,,146
,,,194
,,,255
,,,164
,,,255
,,,172
,,,221
,,,117
,,,0
,,,206
,,,255
,,,88
,,,255
,,,12
,,,192
,,,223
,,,164
,,,228
,,,140
,,,151
,,,170
,,,0
,,,255
,,,220
,,,246
,,,161
,,,178
,,,1
,,,192
,,,255
,,,94
,,,210
,,,99
,,,48
,,,230
,,,98
,,,0
,,,254
,,,183
,,,132
,,,242
,,,255
,,,176
,,,97
,,,154
,,,254
,,,255
,,,243
,,,35
,,,83
,,,117
,,,180
,,,19
,,,110
,,,3
,,,0
,,,6
,,,73
,,,127
,,,126
,,,21
,,,44
,,,255
,,,25
,,,148
,,,255
,,,255
,,,128
,,,254
,,,90
,,,254
,,,17
,,,0
,,,255
,,,106
,,,183
,,,199
,,,250
,,,247
,,,50
,,,189
,,,0
,,,30
,,,255
,,,255
,,,212
,,,80
,,,0
,,,253
,,,64
,,,0
,,,254
,,,109
,,,87
,,,54
,,,189
,,,56
,,,193
,,,255
,,,52
,,,148
,,,146
,,,219
,,,203
,,,0
,,,0
,,,0
,,,39
,,,122
,,,27
,,,254
,,,0
,,,0
,,,145
,,,251
,,,45
,,,3
,,,59
,,,149
,,,0
,,,56
,,,0
,,,166
,,,21
,,,255
,,,255
,,,162
,,,255
,,,121
,,,253
,,,80
,,,124
,,,209
,,,16
,,,208
,,,4
,,,56
,,,6
,,,93
,,,102
,,,95
,,,0
,,,76
,,,255
,,,121
,,,144
,,,89
,,,255
,,,110
,,,143
,,,255
,,,255
,,,39
,,,192
,,,0
,,,25
,,,54
,,,53
,,,157
,,,216
,,,238
,,,110
,,,127
,,,137
,,,103
,,,0
,,,255
,,,252
,,,120
,,,0
,,,92
,,,0
,,,157
,,,69
,,,255
,,,228
,,,171
,,,39
,,,244
,,,255
,,,14
,,,8
,,,16
,,,165
,,,164
,,,255
,,,234
,,,70
,,,53
,,,96
,,,93
,,,45
,,,217
,,,207
,,,255
,,,154
,,,151
,,,246
,,,214
,,,203
,,,195
,,,89
,,,76
,,,199
,,,122
,,,255
,,,82
,,,255
,,,167
,,,179
,,,113
,,,55
,,,99
,,,201
,,,201
,,,27
,,,255
,,,138
,,,22
,,,170
,,,164
,,,25
,,,253
,,,252
,,,0
,,,0
,,,253
,,,242
,,,133
,,,39
,,,87
,,,123
,,,193
,,,121
,,,246
,,,114
,,,196
,,,15
,,,107
,,,135
,,,255
,,,26
,,,244
,,,75
,,,254
,,,69
,,,97
,,,255
,,,252
,,,38
,,,255
,,,49
,,,0
,,,73
,,,145
,,,179
,,,34
,,,0
,,,238
,,,238
,,,149
,,,120
,,,43
,,,161
,,,192
,,,205
,,,254
,,,120
,,,158
,,,232
,,,129
,,,138
,,,248
,,,0
,,,200
,,,255
,,,157
,,,225
,,,66
,,,211
,,,80
,,,53
,,,169
,,,102
,,,0
,,,245
,,,184
,,,255
,,,24
,,,170
,,,108
,,,162
,,,50
,,,197
,,,225
,,,95
,,,89
,,,0
,,,156
,,,190
,,,24
,,,50
,,,0
,,,230
,,,147
,,,161
,,,252
,,,101
,,,121
,,,211
,,,254
,,,128
,,,170
,,,255
,,,255
,,,255
,,,50
,,,166
,,,244
,,,65
,,,125
,,,49
,,,3
,,,38
,,,255
,,,112
,,,179
,,,20
,,,111
,,,19
,,,0
,,,220
,,,110
,,,3
,,,59
,,,86
,,,0
,,,16
,,,180
,,,224
,,,169
,,,68
,,,255
,,,8
,,,136
,,,50
,,,191
,,,255
,,,4
,,,133
,,,233
,,,124
,,,95
,,,93
,,,104
,,,28
,,,232
,,,129
,,,253
,,,16
,,,158
,,,99
,,,255
,,,253
,,,125
,,,77
,,,96
,,,0
,,,54
,,,254
,,,255
,,,233
,,,157
,,,210
,,,255
,,,185
,,,0
,,,24
,,,28
,,,149
,,,76
,,,254
,,,165
,,,25
,,,84
,,,29
,,,32
,,,126
,,,211
,,,181
,,,226
,,,255
,,,175
,,,255
,,,7
,,,145
,,,132
,,,180
,,,254
,,,229
,,,0
,,,218
,,,59
,,,244
,,,36
,,,8
,,,105
,,,211
,,,36
,,,192
,,,181
,,,241
,,,252
,,,254
,,,255
,,,1
,,,23
,,,34
,,,233
,,,141
,,,28
,,,11
,,,4
,,,255
,,,213
,,,114
,,,247
,,,255
,,,197
,,,236
,,,255
,,,194
,,,132
,,,229
,,,88
,,,126
,,,70
,,,112
,,,127
,,,0
,,,240
,,,168
,,,41
,,,255
,,,65
,,,0
,,,218
,,,93
,,,123
,,,253
,,,49
,,,0
,,,2
,,,255
,,,255
,,,170
,,,186
,,,200
,,,50
,,,9
,,,185
,,,41
,,,174
,,,86
,,,42
,,,115
,,,104
,,,19
,,,116
,,,86
,,,22
,,,59
,,,255
,,,59
,,,0
,,,172
,,,240
,,,255
,,,16
,,,92
,,,191
,,,255
,,,126
,,,39
,,,166
,,,188
,,,198
,,,195
,,,148
,,,0
,,,64
,,,4
,,,255
,,,147
,,,156
,,,59
,,,82
,,,204
,,,92
,,,151
,,,9
,,,197
,,,66
,,,174
,,,139
,,,0
,,,58
,,,255
,,,232
,,,179
,,,105
,,,122
,,,208
,,,85
,,,168
,,,255
,,,5
,,,46
,,,85
,,,28
,,,1
,,,82
,,,254
,,,0
,,,60
,,,211
,,,58
,,,123
,,,246
,,,0
,,,136
,,,145
,,,255
,,,92
,,,229
,,,197
,,,215
,,,192
,,,255
,,,255
,,,98
,,,246
,,,48
,,,42
,,,168
,,,119
,,,0
,,,97
,,,91
,,,57
,,,63
,,,233
,,,209
,,,116
,,,209
,,,255
,,,20
,,,106
,,,42
,,,0
,,,255
,,,144
,,,154
,,,228
,,,97
,,,255
,,,58
,,,79
,,,134
,,,255
,,,203
,,,0
,,,255
,,,27
,,,255
,,,0
,,,74
,,,92
,,,253
,,,141
,,,241
,,,156
,,,15
,,,0
,,,210
,,,255
,,,56
,,,63
,,,104
,,,82
,,,39
,,,116
,,,79
,,,142
,,,0
,,,255
,,,101
,,,0
,,,38
,,,65
,,,255
,,,132
,,,198
,,,209
,,,13
,,,130
,,,33
,,,164
,,,255
,,,255
,,,219
,,,59
,,,0
,,,204
,,,59
,,,59
,,,98
,,,132
,,,244
,,,254
,,,169
,,,37
,,,255
,,,26
,,,2
,,,78
,,,199
,,,207
,,,255
,,,115
,,,230
,,,132
,,,253
,,,255
,,,245
,,,114
,,,0
,,,77
,,,162
,,,128
,,,1
,,,253
,,,230
,,,50
,,,83
,,,0
,,,179
,,,0
,,,158
,,,87
,,,239
,,,52
,,,0
,,,255
,,,0
,,,255
,,,126
,,,192
,,,115
,,,245
,,,146
,,,191
,,,59
,,,85
,,,209
,,,228
,,,162
,,,80
,,,169
,,,255
,,,39
,,,132
,,,185
,,,104
,,,243
,,,17
,,,248
,,,3
,,,22
,,,41
,,,160
,,,4
,,,0
,,,76
,,,255
,,,54
,,,54
,,,219
,,,244
,,,65
,,,114
,,,135
,,,0
,,,105
,,,87
,,,255
,,,248
,,,255
,,,251
,,,131
,,,203
,,,90
,,,243
,,,105
,,,112
,,,244
,,,255
,,,27
,,,252
,,,0
,,,39
,,,91
,,,1
,,,255
,,,142
,,,135
,,,179
,,,35
,,,27
,,,6
,,,134
,,,113
,,,227
,,,188
,,,44
,,,13
,,,135
,,,83
,,,132
,,,221
,,,255
,,,71
,,,65
,,,0
,,,60
,,,43
,,,250
,,,153
,,,37
,,,49
,,,199
,,,29
,,,0
,,,131
,,,170
,,,254
,,,255
,,,0
,,,42
,,,167
,,,146
,,,120
,,,174
,,,38
,,,0
,,,66
,,,7
,,,91
,,,179
,,,227
,,,211
,,,0
,,,58
,,,133
,,,255
,,,57
,,,222
,,,59
,,,211
,,,19
,,,30
,,,63
,,,248
,,,195
,,,255
,,,152
,,,252
,,,255
,,,54
,,,252
,,,122
,,,255
,,,239
,,,49
,,,244
,,,40
,,,19
,,,15
,,,224
,,,81
,,,29
,,,73
,,,255
,,,254
,,,194
,,,6
,,,0
,,,251
,,,255
,,,92
,,,77
,,,138
,,,39
,,,8
,,,255
,,,107
,,,250
,,,0
,,,25
,,,254
,,,0
,,,87
,,,171
,,,56
,,,5
,,,146
,,,254
,,,64
,,,0
,,,4
,,,0
,,,250
,,,81
,,,25
,,,77
,,,162
,,,203
,,,250
,,,187
,,,0
,,,172
,,,53
,,,255
,,,255
,,,150
,,,240
,,,157
,,,248
,,,220
,,,66
,,,26
,,,0
,,,209
,,,67
,,,89
,,,178
,,,255
,,,255
,,,210
,,,6
,,,28
,,,131
,,,151
,,,133
,,,179
,,,255
,,,104
,,,210
,,,41
,,,130
,,,0
,,,35
,,,252
,,,229
,,,120
,,,118
,,,7
,,,255
,,,136
,,,243
,,,110
,,,169
,,,42
,,,113
,,,98
,,,77
,,,91
,,,255
,,,155
,,,110
,,,251
,,,140
,,,197
,,,231
,,,253
,,,113
,,,245
,,,152
,,,226
,,,255
,,,230
,,,175
,,,106
,,,132
,,,81
,,,105
,,,255
,,,188
,,,251
,,,25
,,,0
,,,254
,,,70
,,,231
,,,92
,,,0
,,,0
,,,176
,,,254
,,,0
,,,191
,,,0
,,,138
,,,59
,,,88
,,,213
,,,12
,,,82
,,,46
,,,66
,,,255
,,,210
,,,82
,,,44
,,,207
,,,253
,,,116
,,,81
,,,14
,,,39
,,,90
,,,3
,,,243
,,,255
,,,2
,,,211
,,,83
,,,145
,,,178
,,,226
,,,206
,,,255
,,,2
,,,33
,,,233
,,,23
,,,34
,,,196
,,,255
,,,175
,,,179
,,,118
,,,255
,,,80
,,,216
,,,118
,,,48
,,,121
,,,195
,,,252
,,,133
,,,253
,,,99
,,,27
,,,165
,,,125
,,,246
,,,0
,,,40
,,,108
,,,255
,,,1
,,,147
,,,125
,,,131
,,,127
,,,0
,,,130
,,,152
,,,100
,,,159
,,,215
,,,70
,,,221
,,,49
,,,255
,,,72
,,,246
,,,240
,,,65
,,,192
,,,126
,,,255
,,,27
,,,184
,,,164
,,,95
,,,45
,,,1
,,,255
,,,0
,,,76
,,,254
,,,169
,,,252
,,,123
,,,255
,,,255
,,,255
,,,51
,,,184
,,,132
,,,148
,,,162
,,,65
,,,88
,,,255
,,,50
,,,65
,,,39
,,,85
,,,46
,,,115
,,,0
,,,226
,,,255
,,,152
,,,23
,,,223
,,,183
,,,77
,,,12
,,,0
,,,58
,,,255
,,,201
,,,255
,,,0
,,,1
,,,121
,,,238
,,,92
,,,186
,,,62
,,,253
,,,255
,,,255
,,,221
,,,247
,,,0
,,,92
,,,199
,,,6
,,,244
,,,213
,,,207
,,,255
,,,88
,,,255
,,,54
,,,162
,,,106
,,,213
,,,255
,,,88
,,,158
,,,152
,,,229
,,,54
,,,129
,,,255
,,,255
,,,68
,,,158
,,,121
,,,255
,,,254
,,,0
,,,126
,,,196
,,,122
,,,194
,,,90
,,,152
,,,4
,,,169
,,,46
,,,253
,,,251
,,,31
,,,214
,,,75
,,,29
,,,253
,,,180
,,,90
,,,13
,,,237
,,,114
,,,218
,,,86
,,,252
,,,24
,,,247
,,,103
,,,194
,,,0
,,,59
,,,255
,,,196
,,,35
,,,255
,,,54
,,,212
,,,109
,,,95
,,,26
,,,243
,,,121
,,,107
,,,4
,,,17
,,,153
,,,255
,,,254
,,,162
,,,25
,,,63
,,,253
,,,117
,,,69
,,,64
,,,0
,,,0
,,,214
,,,255
,,,254
,,,254
,,,255
,,,58
,,,32
,,,189
,,,0
,,,77
,,,68
,,,55
,,,144
,,,209
,,,52
,,,154
,,,159
,,,254
,,,92
,,,0
,,,250
,,,125
,,,255
,,,0
,,,88
,,,126
,,,173
,,,58
,,,255
,,,0
,,,71
,,,42
,,,255
,,,86
,,,132
,,,1
,,,0
,,,197
,,,228
,,,51
,,,49
,,,44
,,,229
,,,203
,,,0
,,,65
,,,66
,,,132
,,,113
,,,209
,,,114
,,,50
,,,70
,,,209
,,,92
,,,65
,,,42
,,,178
,,,86
,,,255
,,,109
,,,210
,,,92
,,,122
,,,211
,,,250
,,,255
,,,24
,,,113
,,,251
,,,9
,,,144
,,,88
,,,196
,,,84
,,,2
,,,0
,,,46
,,,75
,,,79
,,,253
,,,0
,,,123
,,,0
,,,25
,,,91
,,,178
,,,46
,,,160
,,,37
,,,244
,,,51
,,,45
,,,154
,,,133
,,,171
,,,255
,,,28
,,,205
,,,192
,,,186
,,,211
,,,100
,,,73
,,,16
,,,203
,,,244
,,,240
,,,27
,,,60
,,,255
,,,0
,,,119
,,,22
,,,81
,,,218
,,,210
,,,53
,,,149
,,,115
,,,254
,,,92
,,,231
,,,0
,,,59
,,,18
,,,253
,,,248
,,,120
,,,48
,,,110
,,,80
,,,154
,,,211
,,,128
,,,241
,,,70
,,,0
,,,6
,,,238
,,,118
,,,147
,,,143
,,,19
,,,0
,,,219
,,,255
,,,5
,,,226
,,,76
,,,255
,,,97
,,,208
,,,61
,,,240
,,,193
,,,208
,,,255
,,,170
,,,62
,,,103
,,,28
,,,255
,,,163
,,,54
,,,40
,,,102
,,,0
,,,120
,,,78
,,,255
,,,248
,,,46
,,,133
,,,0
,,,126
,,,36
,,,42
,,,20
,,,186
,,,92
,,,113
,,,118
,,,98
,,,210
,,,0
,,,6
,,,40
,,,170
,,,110
,,,162
,,,0
,,,60
,,,253
,,,196
,,,112
,,,181
,,,21
,,,255
,,,231
,,,171
,,,213
,,,0
,,,53
,,,117
,,,32
,,,255
,,,106
,,,57
,,,144
,,,84
,,,87
,,,80
,,,255
,,,249
,,,83
,,,254
,,,0
,,,254
,,,153
,,,159
,,,188
,,,89
,,,179
,,,74
,,,252
,,,0
,,,113
,,,0
,,,101
,,,50
,,,84
,,,0
,,,53
,,,254
,,,119
,,,64
,,,165
,,,0
,,,255
,,,255
,,,196
,,,61
,,,96
,,,87
,,,239
,,,50
,,,87
,,,171
,,,248
,,,250
,,,175
,,,137
,,,255
,,,116
,,,255
,,,0
,,,23
,,,0
,,,107
,,,0
,,,170
,,,150
,,,73
,,,23
,,,232
,,,59
,,,170
,,,14
,,,246
,,,88
,,,210
,,,0
,,,87
,,,255
,,,112
,,,214
,,,47
,,,176
,,,17
,,,0
,,,180
,,,216
,,,125
,,,255
,,,87
,,,127
,,,104
,,,37
,,,20
,,,112
,,,0
,,,104
,,,182
,,,210
,,,162
,,,27
,,,27
,,,131
,,,98
,,,0
,,,73
,,,134
,,,37
,,,0
,,,155
,,,146
,,,229
,,,255
,,,0
,,,76
,,,39
,,,100
,,,160
,,,44
,,,92
,,,144
,,,52
,,,107
,,,89
,,,37
,,,93
,,,111
,,,0
,,,174
,,,155
,,,105
,,,129
,,,14
,,,169
,,,179
,,,191
,,,104
,,,188
,,,208
,,,242
,,,20
,,,220
,,,186
,,,194
,,,122
,,,148
,,,0
,,,54
,,,255
,,,241
,,,59
,,,105
,,,187
,,,123
,,,0
,,,252
,,,1
,,,96
,,,22
,,,74
,,,185
,,,255
,,,115
,,,78
,,,186
,,,253
,,,255
,,,169
,,,142
,,,240
,,,85
,,,249
,,,23
,,,101
,,,54
,,,255
,,,35
,,,162
,,,255
,,,110
,,,237
,,,48
,,,255
,,,178
,,,233
,,,255
,,,216
,,,168
,,,129
,,,221
,,,91
,,,127
,,,31
,,,35
,,,255
,,,255
,,,198
,,,79
,,,255
,,,50
,,,77
,,,255
,,,118
,,,223
,,,65
,,,90
,,,56
,,,198
,,,213
,,,44
,,,229
,,,66
,,,255
,,,0
,,,6
,,,0
,,,247
,,,127
,,,15
,,,201
,,,98
,,,125
,,,157
,,,209
,,,255
,,,211
,,,241
,,,0
,,,0
,,,49
,,,196
,,,153
,,,255
,,,253
,,,253
,,,199
,,,46
,,,88
,,,114
,,,194
,,,169
,,,72
,,,98
,,,126
,,,42
,,,27
,,,0
,,,255
,,,73
,,,250
,,,130
,,,101
,,,193
,,,252
,,,0
,,,253
,,,255
,,,21
,,,203
,,,201
,,,241
,,,109
,,,31
,,,251
,,,115
,,,170
,,,250
,,,43
,,,231
,,,254
,,,157
,,,55
,,,170
,,,151
,,,254
,,,111
,,,255
,,,41
,,,255
,,,83
,,,123
,,,170
,,,63
,,,42
,,,89
,,,0
,,,108
,,,56
,,,0
,,,42
,,,253
,,,92
,,,73
,,,98
,,,255
,,,212
,,,158
,,,170
,,,184
,,,255
,,,4
,,,255
,,,205
,,,0
,,,249
,,,43
,,,104
,,,255
,,,53
,,,253
,,,123
,,,13
,,,17
,,,207
,,,206
,,,236
,,,255
,,,208
,,,29
,,,3
,,,255
,,,7
,,,229
,,,52
,,,36
,,,92
,,,50
,,,185
,,,254
,,,79
,,,78
,,,184
,,,1
,,,255
,,,129
,,,227
,,,63
,,,34
,,,27
,,,44
,,,85
,,,30
,,,2
,,,35
,,,150
,,,182
,,,250
,,,161
,,,165
,,,0
,,,231
,,,100
,,,210
,,,140
,,,85
,,,162
,,,139
,,,0
,,,113
,,,253
,,,248
,,,131
,,,27
,,,0
,,,74
,,,87
,,,121
,,,176
,,,147
,,,143
,,,196
,,,1
,,,196
,,,0
,,,202
,,,3
,,,194
,,,2
,,,1
,,,223
,,,252
,,,128
,,,0
,,,254
,,,146
,,,196
,,,255
,,,176
,,,176
,,,242
,,,174
,,,16
,,,187
,,,255
,,,253
,,,254
,,,133
,,,160
,,,133
,,,63
,,,88
,,,109
,,,104
,,,51
,,,161
,,,237
,,,208
,,,119
,,,189
,,,0
,,,0
,,,125
,,,36
,,,0
,,,255
,,,255
,,,123
,,,186
,,,213
,,,205
,,,255
,,,76
,,,0
,,,108
,,,79
,,,20
,,,104
,,,191
,,,244
,,,83
,,,178
,,,45
,,,174
,,,124
,,,4
,,,147
,,,104
,,,149
,,,0
,,,116
,,,62
,,,105
,,,73
,,,168
,,,0
,,,60
,,,234
,,,228
,,,253
,,,110
,,,136
,,,34
,,,186
,,,115
,,,202
,,,0
,,,242
,,,158
,,,198
,,,255
,,,38
,,,148
,,,53
,,,250
,,,133
,,,123
,,,77
,,,84
,,,255
,,,86
,,,0
,,,103
,,,79
,,,206
,,,237
,,,0
,,,0
,,,26
,,,228
,,,52
,,,31
,,,255
,,,32
,,,253
,,,255
,,,0
,,,255
,,,152
,,,234
,,,177
,,,254
,,,128
,,,83
,,,205
,,,165
,,,239
,,,22
,,,27
,,,202
,,,209
,,,255
,,,224
,,,152
,,,222
,,,141
,,,204
,,,143
,,,209
,,,185
,,,255
,,,255
,,,159
,,,211
,,,0
,,,187
,,,30
,,,119
,,,216
,,,144
,,,3
,,,85
,,,196
,,,114
,,,113
,,,211
,,,18
,,,64
,,,136
,,,249
,,,214
,,,106
,,,0
,,,194
,,,145
,,,88
,,,196
,,,28
,,,254
,,,255
,,,77
,,,187
,,,20
,,,58
,,,51
,,,255
,,,114
,,,175
,,,79
,,,122
,,,208
,,,236
,,,255
,,,146
,,,252
,,,224
,,,93
,,,141
,,,255
,,,9
,,,53
,,,112
,,,59
,,,7
,,,185
,,,186
,,,200
,,,101
,,,98
,,,255
,,,205
,,,19
,,,255
,,,0
,,,221
,,,202
,,,68
,,,227
,,,10
,,,36
,,,82
,,,211
,,,14
,,,2
,,,42
,,,214
,,,244
,,,217
,,,255
,,,164
,,,255
,,,251
,,,202
,,,179
,,,101
,,,255
,,,249
,,,72
,,,123
,,,6
,,,201
,,,170
,,,175
,,,217
,,,117
,,,255
,,,110
,,,100
,,,255
,,,156
,,,153
,,,254
,,,119
,,,101
,,,108
,,,159
,,,168
,,,60
,,,111
,,,123
,,,82
,,,54
,,,174
,,,197
,,,255
,,,226
,,,119
,,,56
,,,255
,,,226
,,,138
,,,124
,,,18
,,,68
,,,25
,,,255
,,,208
,,,4
,,,193
,,,234
,,,122
,,,116
,,,18
,,,180
,,,81
,,,131
,,,133
,,,244
,,,143
,,,241
,,,158
,,,58
,,,6
,,,86
,,,251
,,,0
,,,252
,,,0
,,,164
,,,59
,,,26
,,,255
,,,203
,,,253
,,,252
,,,42
,,,244
,,,36
,,,0
,,,0
,,,189
,,,54
,,,176
,,,255
,,,26
,,,32
,,,255
,,,209
,,,78
,,,167
,,,176
,,,0
,,,104
,,,148
,,,0
,,,143
,,,162
,,,5
,,,241
,,,164
,,,160
,,,0
,,,222
,,,101
,,,255
,,,110
,,,255
,,,169
,,,182
,,,82
,,,164
,,,18
,,,255
,,,94
,,,205
,,,163
,,,50
,,,149
,,,205
,,,16
,,,0
,,,186
,,,212
,,,186
,,,106
,,,66
,,,31
,,,91
,,,171
,,,237
,,,252
,,,254
,,,183
,,,212
,,,164
,,,209
,,,74
,,,85
,,,254
,,,7
,,,0
,,,247
,,,0
,,,126
,,,69
,,,105
,,,178
,,,94
,,,12
,,,26
,,,77
,,,122
,,,0
,,,255
,,,234
,,,0
,,,146
,,,246
,,,255
,,,162
,,,26
,,,211
,,,247
,,,0
,,,105
,,,102
,,,37
,,,255
,,,40
,,,54
,,,23
,,,202
,,,255
,,,0
,,,78
,,,0
,,,169
,,,77
,,,128
,,,222
,,,142
,,,193
,,,47
,,,141
,,,138
,,,71
,,,19
,,,179
,,,102
,,,25
,,,169
,,,220
,,,119
,,,67
,,,255
,,,7
,,,255
,,,113
,,,165
,,,255
,,,0
,,,42
,,,227
,,,0
,,,175
,,,217
,,,64
,,,186
,,,147
,,,103
,,,124
,,,203
,,,0
,,,255
,,,3
,,,0
,,,112
,,,255
,,,202
,,,0
,,,103
,,,234
,,,205
,,,91
,,,116
,,,196
,,,255
,,,191
,,,104
,,,165
,,,121
,,,255
,,,236
,,,161
,,,255
,,,37
,,,42
,,,15
,,,0
,,,72
,,,243
,,,35
,,,255
,,,102
,,,255
,,,64
,,,125
,,,83
,,,203
,,,0
,,,118
,,,70
,,,2
,,,184
,,,35
,,,171
,,,108
,,,125
,,,147
,,,104
,,,32
,,,95
,,,255
,,,174
,,,76
,,,146
,,,3
,,,193
,,,0
,,,0
,,,230
,,,155
,,,95
,,,211
,,,253
,,,18
,,,190
,,,196
,,,240
,,,253
,,,93
,,,231
,,,255
,,,243
,,,213
,,,168
,,,255
,,,76
,,,148
,,,2
,,,158
,,,9
,,,76
,,,149
,,,0
,,,237
,,,135
,,,52
,,,243
,,,138
,,,3
,,,130
,,,89
,,,96
,,,26
,,,196
,,,245
,,,176
,,,0
,,,8
,,,112
,,,255
,,,229
,,,9
,,,255
,,,244
,,,23
,,,18
,,,59
,,,64
,,,255
,,,56
,,,175
,,,61
,,,185
,,,42
,,,27
,,,166
,,,212
,,,80
,,,255
,,,29
,,,24
,,,40
,,,255
,,,9
,,,209
,,,0
,,,101
,,,220
,,,91
,,,7
,,,107
,,,0
,,,59
,,,54
,,,179
,,,1
,,,90
,,,138
,,,61
,,,1
,,,54
,,,86
,,,199
,,,26
,,,170
,,,154
,,,26
,,,99
,,,132
,,,110
,,,250
,,,149
,,,127
,,,28
,,,86
,,,210
,,,0
,,,251
,,,0
,,,159
,,,249
,,,134
,,,67
,,,255
,,,83
,,,253
,,,118
,,,32
,,,186
,,,255
,,,179
,,,4
,,,81
,,,8
,,,243
,,,253
,,,0
,,,127
,,,0
,,,89
,,,255
,,,0
,,,37
,,,255
,,,103
,,,158
,,,108
,,,108
,,,159
,,,105
,,,193
,,,157
,,,255
,,,255
,,,0
,,,201
,,,2
,,,227
,,,235
,,,255
,,,227
,,,254
,,,255
,,,97
,,,36
,,,106
,,,229
,,,221
,,,252
,,,192
,,,209
,,,88
,,,59
,,,255
,,,76
,,,217
,,,64
,,,255
,,,255
,,,102
,,,195
,,,33
,,,175
,,,255
,,,255
,,,162
,,,255
,,,89
,,,237
,,,255
,,,168
,,,242
,,,152
,,,41
,,,179
,,,254
,,,254
,,,247
,,,152
,,,57
,,,7
,,,73
,,,23
,,,138
,,,253
,,,181
,,,193
,,,76
,,,255
,,,0
,,,20
,,,103
,,,226
,,,227
,,,230
,,,98
,,,75
,,,254
,,,0
,,,8
,,,159
,,,40
,,,177
,,,104
,,,13
,,,73
,,,255
,,,255
,,,2
,,,206
,,,255
,,,132
,,,75
,,,186
,,,19
,,,33
,,,252
,,,24
,,,43
,,,18
,,,85
,,,255
,,,2
,,,93
,,,117
,,,254
,,,13
,,,198
,,,217
,,,0
,,,30
,,,96
,,,154
,,,2
,,,104
,,,255
,,,67
,,,0
,,,74
,,,116
,,,2
,,,186
,,,89
,,,46
,,,210
,,,255
,,,229
,,,218
,,,228
,,,77
,,,26
,,,178
,,,21
,,,195
,,,172
,,,243
,,,250
,,,206
,,,224
,,,218
,,,136
,,,255
,,,174
,,,194
,,,184
,,,255
,,,255
,,,195
,,,176
,,,255
,,,255
,,,201
,,,169
,,,253
,,,152
,,,200
,,,199
,,,59
,,,254
,,,140
,,,37
,,,170
,,,101
,,,54
,,,214
,,,83
,,,111
,,,174
,,,161
,,,248
,,,66
,,,98
,,,140
,,,255
,,,84
,,,203
,,,97
,,,238
,,,63
,,,47
,,,38
,,,147
,,,255
,,,108
,,,35
,,,255
,,,86
,,,80
,,,255
,,,0
,,,103
,,,255
,,,36
,,,103
,,,80
,,,28
,,,228
,,,195
,,,221
,,,199
,,,2
,,,255
,,,25
,,,255
,,,209
,,,255
,,,111
,,,255
,,,249
,,,249
,,,255
,,,255
,,,133
,,,197
,,,172
,,,255
,,,164
,,,0
,,,230
,,,249
,,,91
,,,95
,,,0
,,,161
,,,30
,,,43
,,,92
,,,255
,,,39
,,,111
,,,199
,,,19
,,,212
,,,89
,,,211
,,,68
,,,76
,,,2
,,,207
,,,118
,,,23
,,,0
,,,113
,,,255
,,,130
,,,125
,,,149
,,,115
,,,157
,,,59
,,,249
,,,251
,,,173
,,,229
,,,75
,,,247
,,,120
,,,17
,,,6
,,,0
,,,185
,,,146
,,,178
,,,246
,,,56
,,,0
,,,0
,,,197
,,,255
,,,119
,,,255
,,,74
,,,172
,,,255
,,,75
,,,123
,,,29
,,,121
,,,255
,,,2
,,,211
,,,0
,,,26
,,,0
,,,255
,,,156
,,,178
,,,184
,,,255
,,,255
,,,160
,,,159
,,,210
,,,164
,,,253
,,,11
,,,123
,,,48
,,,255
,,,252
,,,130
,,,48
,,,243
,,,112
,,,210
,,,212
,,,255
,,,94
,,,0
,,,122
,,,0
,,,229
,,,90
,,,185
,,,106
,,,245
,,,68
,,,104
,,,254
,,,0
,,,179
,,,72
,,,255
,,,139
,,,52
,,,151
,,,255
,,,255
,,,110
,,,207
,,,203
,,,159
,,,189
,,,6
,,,59
,,,179
,,,64
,,,124
,,,0
,,,244
,,,148
,,,255
,,,16
,,,232
,,,77
,,,242
,,,29
,,,80
,,,210
,,,206
,,,255
,,,48
,,,81
,,,5
,,,51
,,,255
,,,72
,,,23
,,,0
,,,0
,,,2
,,,255
,,,119
,,,0
,,,215
,,,229
,,,18
,,,3
,,,239
,,,226
,,,33
,,,244
,,,2
,,,128
,,,143
,,,0
,,,27
,,,39
,,,235
,,,114
,,,244
,,,93
,,,255
,,,90
,,,76
,,,233
,,,62
,,,131
,,,21
,,,162
,,,0
,,,253
,,,0
,,,56
,,,158
,,,252
,,,91
,,,27
,,,162
,,,198
,,,138
,,,142
,,,143
,,,0
,,,0
,,,217
,,,1
,,,37
,,,77
,,,127
,,,34
,,,226
,,,209
,,,48
,,,0
,,,0
,,,254
,,,155
,,,162
,,,25
,,,0
,,,17
,,,255
,,,199
,,,149
,,,222
,,,211
,,,255
,,,205
,,,175
,,,164
,,,104
,,,226
,,,113
,,,124
,,,175
,,,137
,,,127
,,,236
,,,2
,,,244
,,,53
,,,79
,,,162
,,,122
,,,39
,,,201
,,,225
,,,0
,,,144
,,,216
,,,194
,,,250
,,,177
,,,255
,,,0
,,,255
,,,252
,,,99
,,,4
,,,91
,,,197
,,,253
,,,44
,,,2
,,,59
,,,0
,,,189
,,,50
,,,76
,,,255
,,,218
,,,76
,,,255
,,,194
,,,125
,,,253
,,,125
,,,7
,,,152
,,,145
,,,255
,,,19
,,,255
,,,211
,,,208
,,,255
,,,174
,,,0
,,,98
,,,0
,,,0
,,,222
,,,239
,,,255
,,,255
,,,130
,,,198
,,,255
,,,254
,,,136
,,,65
,,,96
,,,255
,,,0
,,,142
,,,253
,,,114
,,,255
,,,196
,,,222
,,,85
,,,77
,,,65
,,,168
,,,253
,,,129
,,,205
,,,244
,,,187
,,,255
,,,0
,,,56
,,,42
,,,124
,,,107
,,,255
,,,154
,,,122
,,,255
,,,159
,,,3
,,,24
,,,248
,,,166
,,,101
,,,76
,,,255
,,,0
,,,10
,,,230
,,,252
,,,201
,,,29
,,,157
,,,201
,,,59
,,,190
,,,210
,,,0
,,,166
,,,250
,,,0
,,,84
,,,35
,,,252
,,,87
,,,138
,,,54
,,,155
,,,104
,,,119
,,,110
,,,103
,,,90
,,,148
,,,255
,,,0
,,,21
,,,30
,,,211
,,,178
,,,17
,,,121
,,,182
,,,73
,,,195
,,,37
,,,196
,,,37
,,,98
,,,255
,,,190
,,,0
,,,88
,,,255
,,,253
,,,209
,,,0
,,,84
,,,255
,,,209
,,,50
,,,149
,,,157
,,,230
,,,69
,,,80
,,,226
,,,0
,,,232
,,,255
,,,117
,,,7
,,,101
,,,1
,,,253
,,,84
,,,211
,,,44
,,,0
,,,128
,,,196
,,,0
,,,253
,,,229
,,,149
,,,243
,,,253
,,,25
,,,87
,,,17
,,,255
,,,152
,,,255
,,,44
,,,120
,,,255
,,,0
,,,128
,,,206
,,,90
,,,146
,,,243
,,,162
,,,2
,,,243
,,,195
,,,203
,,,0
,,,156
,,,175
,,,123
,,,255
,,,59
,,,255
,,,60
,,,122
,,,233
,,,253
,,,2
,,,243
,,,68
,,,163
,,,50
,,,125
,,,173
,,,189
,,,255
,,,110
,,,154
,,,51
,,,255
,,,167
,,,104
,,,126
,,,254
,,,116
,,,73
,,,255
,,,255
,,,255
,,,190
,,,131
,,,79
,,,192
,,,181
,,,168
,,,42
,,,151
,,,171
,,,3
,,,88
,,,172
,,,54
,,,212
,,,110
,,,251
,,,88
,,,183
,,,255
,,,0
,,,194
,,,175
,,,255
,,,221
,,,71
,,,255
,,,166
,,,0
,,,163
,,,59
,,,159
,,,66
,,,0
,,,145
,,,6
,,,0
,,,135
,,,85
,,,0
,,,115
,,,114
,,,255
,,,197
,,,0
,,,255
,,,80
,,,82
,,,59
,,,210
,,,92
,,,255
,,,171
,,,255
,,,208
,,,71
,,,159
,,,255
,,,135
,,,120
,,,107
,,,253
,,,74
,,,104
,,,0
,,,255
,,,68
,,,47
,,,112
,,,99
,,,14
,,,255
,,,19
,,,254
,,,59
,,,3
,,,188
,,,162
,,,34
,,,168
,,,87
,,,0
,,,253
,,,0
,,,95
,,,161
,,,188
,,,247
,,,255
,,,208
,,,173
,,,0
,,,59
,,,123
,,,154
,,,238
,,,5
,,,142
,,,81
,,,12
,,,68
,,,0
,,,70
,,,75
,,,183
,,,238
,,,225
,,,253
,,,181
,,,142
,,,0
,,,30
,,,64
,,,149
,,,0
,,,0
,,,244
,,,4
,,,157
,,,243
,,,207
,,,55
,,,254
,,,137
,,,76
,,,255
,,,255
,,,2
,,,41
,,,142
,,,172
,,,0
,,,0
,,,254
,,,255
,,,166
,,,124
,,,255
,,,111
,,,143
,,,60
,,,255
,,,0
,,,251
,,,255
,,,48
,,,211
,,,48
,,,190
,,,254
,,,63
,,,187
,,,0
,,,0
,,,72
,,,68
,,,229
,,,3
,,,125
,,,1
,,,0
,,,0
,,,0
,,,255
,,,49
,,,208
,,,208
,,,119
,,,216
,,,201
,,,14
,,,88
,,,88
,,,0
,,,229
,,,96
,,,255
,,,1
,,,246
,,,249
,,,53
,,,15
,,,87
,,,137
,,,196
,,,176
,,,255
,,,201
,,,173
,,,187
,,,48
,,,196
,,,225
,,,233
,,,80
,,,94
,,,251
,,,54
,,,255
,,,158
,,,65
,,,95
,,,6
,,,181
,,,88
,,,255
,,,242
,,,255
,,,6
,,,254
,,,114
,,,109
,,,14
,,,132
,,,168
,,,130
,,,246
,,,2
,,,128
,,,246
,,,205
,,,25
,,,57
,,,166
,,,192
,,,121
,,,3
,,,186
,,,36
,,,191
,,,61
,,,151
,,,48
,,,244
,,,229
,,,255
,,,78
,,,210
,,,111
,,,73
,,,255
,,,254
,,,24
,,,218
,,,55
,,,255
,,,193
,,,211
,,,40
,,,211
,,,255
,,,168
,,,98
,,,255
,,,245
,,,31
,,,138
,,,179
,,,95
,,,255
,,,250
,,,97
,,,221
,,,139
,,,0
,,,243
,,,37
,,,0
,,,253
,,,68
,,,145
,,,243
,,,255
,,,139
,,,224
,,,192
,,,82
,,,209
,,,92
,,,227
,,,188
,,,80
,,,80
,,,255
,,,83
,,,40
,,,45
,,,179
,,,223
,,,133
,,,78
,,,126
,,,11
,,,49
,,,162
,,,162
,,,0
,,,199
,,,4
,,,254
,,,35
,,,193
,,,224
,,,52
,,,133
,,,255
,,,180
,,,52
,,,248
,,,3
,,,25
,,,211
,,,116
,,,133
,,,254
,,,254
,,,116
,,,65
,,,51
,,,255
,,,136
,,,68
,,,87
,,,194
,,,208
,,,0
,,,92
,,,236
,,,57
,,,77
,,,73
,,,215
,,,244
,,,0
,,,0
,,,143
,,,164
,,,255
,,,225
,,,1
,,,59
,,,95
,,,89
,,,211
,,,243
,,,77
,,,83
,,,64
,,,138
,,,64
,,,53
,,,224
,,,255
,,,32
,,,194
,,,0
,,,216
,,,95
,,,0
,,,255
,,,203
,,,0
,,,253
,,,255
,,,106
,,,110
,,,8
,,,0
,,,203
,,,216
,,,54
,,,18
,,,74
,,,126
,,,228
,,,8
,,,26
,,,176
,,,255
,,,93
,,,141
,,,255
,,,150
,,,0
,,,230
,,,254
,,,171
,,,132
,,,15
,,,0
,,,154
,,,51
,,,191
,,,35
,,,255
,,,234
,,,155
,,,140
,,,147
,,,231
,,,213
,,,92
,,,121
,,,141
,,,0
,,,37
,,,255
,,,108
,,,211
,,,89
,,,219
,,,19
,,,69
,,,253
,,,22
,,,43
,,,145
,,,107
,,,208
,,,245
,,,116
,,,0
,,,38
,,,66
,,,54
,,,211
,,,111
,,,107
,,,66
,,,123
,,,172
,,,79
,,,238
,,,227
,,,255
,,,48
,,,142
,,,145
,,,251
,,,196
,,,128
,,,138
,,,53
,,,202
,,,0
,,,81
,,,232
,,,75
,,,128
,,,174
,,,152
,,,82
,,,97
,,,255
,,,209
,,,255
,,,255
,,,255
,,,49
,,,183
,,,65
,,,211
,,,255
,,,255
,,,89
,,,255
,,,26
,,,0
,,,27
,,,172
,,,40
,,,113
,,,139
,,,24
,,,84
,,,90
,,,59
,,,178
,,,0
,,,248
,,,0
,,,64
,,,229
,,,207
,,,255
,,,255
,,,111
,,,59
,,,255
,,,253
,,,207
,,,0
,,,227
,,,82
,,,164
,,,189
,,,54
,,,145
,,,176
,,,139
,,,92
,,,253
,,,67
,,,68
,,,253
,,,153
,,,209
,,,0
,,,81
,,,255
,,,255
,,,200
,,,85
,,,29
,,,26
,,,99
,,,255
,,,204
,,,5
,,,119
,,,172
,,,195
,,,83
,,,99
,,,232
,,,84
,,,115
,,,110
,,,8
,,,209
,,,21
,,,255
,,,0
,,,0
,,,86
,,,248
,,,81
,,,207
,,,196
,,,68
,,,229
,,,83
,,,0
,,,141
,,,122
,,,155
,,,99
,,,44
,,,52
,,,255
,,,197
,,,255
,,,81
,,,100
,,,255
,,,96
,,,13
,,,254
,,,208
,,,115
,,,233
,,,227
,,,52
,,,154
,,,110
,,,145
,,,17
,,,210
,,,254
,,,91
,,,20
,,,43
,,,73
,,,0
,,,255
,,,90
,,,197
,,,61
,,,254
,,,37
,,,0
,,,251
,,,186
,,,142
,,,255
,,,109
,,,254
,,,107
,,,48
,,,118
,,,0
,,,254
,,,165
,,,87
,,,127
,,,228
,,,57
,,,120
,,,211
,,,255
,,,65
,,,31
,,,241
,,,8
,,,23
,,,201
,,,61
,,,106
,,,12
,,,93
,,,12
,,,4
,,,253
,,,87
,,,239
,,,80
,,,36
,,,0
,,,159
,,,142
,,,127
,,,213
,,,3
,,,194
,,,14
,,,166
,,,194
,,,36
,,,43
,,,113
,,,122
,,,0
,,,121
,,,255
,,,119
,,,0
,,,164
,,,230
,,,93
,,,0
,,,75
,,,120
,,,86
,,,55
,,,121
,,,187
,,,1
,,,121
,,,219
,,,17
,,,8
,,,88
,,,236
,,,232
,,,0
,,,186
,,,255
,,,177
,,,171
,,,253
,,,143
,,,101
,,,235
,,,0
,,,35
,,,31
,,,228
,,,0
,,,207
,,,255
,,,214
,,,255
,,,255
,,,169
,,,255
,,,254
,,,147
,,,235
,,,223
,,,41
,,,177
,,,8
,,,0
,,,0
,,,0
,,,64
,,,33
,,,109
,,,205
,,,198
,,,185
,,,181
,,,255
,,,9
,,,255
,,,66
,,,115
,,,112
,,,178
,,,149
,,,72
,,,211
,,,0
,,,129
,,,255
,,,156
,,,212
,,,149
,,,88
,,,132
,,,155
,,,220
,,,194
,,,190
,,,255
,,,37
,,,209
,,,42
,,,255
,,,228
,,,74
,,,177
,,,186
,,,255
,,,72
,,,156
,,,209
,,,244
,,,125
,,,163
,,,166
,,,0
,,,65
,,,25
,,,0
,,,73
,,,13
,,,193
,,,197
,,,59
,,,1
,,,41
,,,51
,,,103
,,,255
,,,0
,,,251
,,,96
,,,10
,,,146
,,,255
,,,21
,,,231
,,,255
,,,166
,,,208
,,,3
,,,229
,,,0
,,,92
,,,255
,,,121
,,,252
,,,117
,,,131
,,,7
,,,55
,,,0
,,,164
,,,252
,,,155
,,,254
,,,54
,,,155
,,,255
,,,19
,,,17
,,,212
,,,0
,,,239
,,,255
,,,255
,,,244
,,,254
,,,253
,,,77
,,,64
,,,22
,,,255
,,,25
,,,175
,,,74
,,,74
,,,110
,,,249
,,,255
,,,18
,,,1
,,,105
,,,220
,,,177
,,,74
,,,61
,,,150
,,,255
,,,162
,,,21
,,,140
,,,125
,,,218
,,,201
,,,255
,,,227
,,,121
,,,62
,,,59
,,,11
,,,115
,,,220
,,,0
,,,189
,,,30
,,,189
,,,116
,,,92
,,,218
,,,92
,,,53
,,,185
,,,125
,,,56
,,,168
,,,32
,,,135
,,,179
,,,253
,,,238
,,,117
,,,226
,,,138
,,,90
,,,2
,,,0
,,,0
,,,12
,,,254
,,,255
,,,87
,,,0
,,,127
,,,1
,,,155
,,,211
,,,105
,,,255
,,,98
,,,227
,,,92
,,,162
,,,255
,,,170
,,,53
,,,222
,,,0
,,,87
,,,160
,,,21
,,,6
,,,167
,,,79
,,,66
,,,193
,,,80
,,,6
,,,254
,,,255
,,,255
,,,55
,,,120
,,,139
,,,255
,,,219
,,,85
,,,7
,,,48
,,,0
,,,138
,,,254
,,,255
,,,210
,,,91
,,,86
,,,255
,,,120
,,,64
,,,0
,,,136
,,,146
,,,81
,,,90
,,,147
,,,32
,,,255
,,,244
,,,174
,,,133
,,,4
,,,70
,,,83
,,,255
,,,255
,,,29
,,,0
,,,0
,,,255
,,,214
,,,0
,,,255
,,,179
,,,0
,,,41
,,,213
,,,116
,,,16
,,,95
,,,189
,,,141
,,,138
,,,170
,,,79
,,,244
,,,255
,,,166
,,,255
,,,85
,,,167
,,,227
,,,16
,,,0
,,,97
,,,112
,,,177
,,,95
,,,158
,,,86
,,,0
,,,167
,,,199
,,,153
,,,101
,,,31
,,,255
,,,0
,,,128
,,,255
,,,253
,,,239
,,,118
,,,150
,,,255
,,,155
,,,1
,,,97
,,,80
,,,39
,,,110
,,,79
,,,11
,,,215
,,,100
,,,0
,,,162
,,,25
,,,91
,,,37
,,,255
,,,254
,,,101
,,,228
,,,12
,,,185
,,,250
,,,255
,,,95
,,,0
,,,224
,,,189
,,,224
,,,255
,,,48
,,,247
,,,205
,,,31
,,,19
,,,133
,,,0
,,,90
,,,0
,,,131
,,,255
,,,119
,,,0
,,,1
,,,249
,,,178
,,,100
,,,200
,,,76
,,,116
,,,165
,,,96
,,,62
,,,54
,,,233
,,,83
,,,253
,,,0
,,,255
,,,139
,,,208
,,,234
,,,241
,,,255
,,,51
,,,130
,,,209
,,,55
,,,80
,,,229
,,,162
,,,99
,,,203
,,,24
,,,164
,,,26
,,,10
,,,114
,,,0
,,,211
,,,0
,,,206
,,,211
,,,0
,,,0
,,,132
,,,124
,,,228
,,,116
,,,102
,,,0
,,,21
,,,233
,,,250
,,,159
,,,210
,,,211
,,,249
,,,3
,,,91
,,,229
,,,87
,,,175
,,,164
,,,150
,,,26
,,,255
,,,250
,,,0
,,,255
,,,213
,,,69
,,,0
,,,194
,,,208
,,,166
,,,46
,,,97
,,,58
,,,255
,,,106
,,,207
,,,69
,,,50
,,,244
,,,17
,,,70
,,,116
,,,255
,,,0
,,,190
,,,103
,,,10
,,,138
,,,74
,,,238
,,,163
,,,140
,,,195
,,,251
,,,28
,,,158
,,,228
,,,255
,,,107
,,,90
,,,0
,,,190
,,,85
,,,90
,,,145
,,,244
,,,29
,,,99
,,,108
,,,40
,,,146
,,,243
,,,71
,,,255
,,,255
,,,158
,,,60
,,,43
,,,213
,,,177
,,,180
,,,140
,,,255
,,,163
,,,227
,,,138
,,,50
,,,116
,,,45
,,,255
,,,194
,,,19
,,,214
,,,209
,,,229
,,,0
,,,164
,,,220
,,,255
,,,254
,,,42
,,,203
,,,137
,,,83
,,,109
,,,1
,,,234
,,,253
,,,129
,,,226
,,,119
,,,255
,,,61
,,,255
,,,187
,,,207
,,,50
,,,255
,,,28
,,,255
,,,75
,,,184
,,,165
,,,128
,,,131
,,,76
,,,77
,,,128
,,,152
,,,253
,,,248
,,,149
,,,208
,,,255
,,,63
,,,151
,,,191
,,,195
,,,254
,,,195
,,,184
,,,153
,,,77
,,,165
,,,132
,,,85
,,,0
,,,116
,,,178
,,,53
,,,106
,,,76
,,,154
,,,7
,,,124
,,,127
,,,50
,,,54
,,,255
,,,210
,,,125
,,,168
,,,145
,,,161
,,,111
,,,48
,,,42
,,,153
,,,0
,,,110
,,,36
,,,255
,,,255
,,,179
,,,255
,,,6
,,,17
,,,0
,,,67
,,,90
,,,54
,,,25
,,,33
,,,199
,,,168
,,,255
,,,59
,,,31
,,,44
,,,79
,,,58
,,,43
,,,173
,,,114
,,,142
,,,182
,,,189
,,,115
,,,1
,,,244
,,,87
,,,66
,,,76
,,,37
,,,159
,,,0
,,,54
,,,250
,,,39
,,,1
,,,183
,,,236
,,,83
,,,255
,,,229
,,,6
,,,238
,,,242
,,,250
,,,0
,,,0
,,,128
,,,252
,,,167
,,,18
,,,156
,,,133
,,,22
,,,203
,,,165
,,,156
,,,255
,,,255
,,,232
,,,255
,,,19
,,,12
,,,223
,,,177
,,,165
,,,131
,,,0
,,,97
,,,116
,,,0
,,,100
,,,74
,,,122
,,,125
,,,10
,,,116
,,,169
,,,229
,,,255
,,,0
,,,250
,,,215
,,,0
,,,95
,,,43
,,,171
,,,78
,,,224
,,,22
,,,109
,,,157
,,,4
,,,40
,,,163
,,,110
,,,214
,,,135
,,,195
,,,235
,,,107
,,,54
,,,77
,,,129
,,,108
,,,20
,,,163
,,,176
,,,25
,,,135
,,,113
,,,6
,,,37
,,,1
,,,1
,,,209
,,,255
,,,209
,,,250
,,,187
,,,104
,,,162
,,,154
,,,254
,,,77
,,,107
,,,86
,,,100
,,,128
,,,156
,,,8
,,,181
,,,162
,,,124
,,,255
,,,251
,,,210
,,,28
,,,113
,,,237
,,,112
,,,42
,,,42
,,,43
,,,170
,,,164
,,,26
,,,0
,,,42
,,,255
,,,42
,,,93
,,,129
,,,108
,,,131
,,,98
,,,195
,,,34
,,,186
,,,111
,,,7
,,,238
,,,82
,,,80
,,,255
,,,103
,,,194
,,,211
,,,166
,,,168
,,,0
,,,209
,,,244
,,,227
,,,196
,,,102
,,,88
,,,0
,,,159
,,,2
,,,0
,,,118
,,,235
,,,200
,,,8
,,,208
,,,50
,,,27
,,,69
,,,189
,,,132
,,,81
,,,149
,,,251
,,,155
,,,255
,,,195
,,,253
,,,123
,,,110
,,,158
,,,73
,,,197
,,,99
,,,88
,,,100
,,,218
,,,63
,,,255
,,,170
,,,100
,,,0
,,,101
,,,15
,,,0
,,,158
,,,222
,,,60
,,,227
,,,0
,,,113
,,,255
,,,207
,,,128
,,,96
,,,211
,,,135
,,,0
,,,12
,,,2
,,,181
,,,4
,,,100
,,,40
,,,145
,,,67
,,,11
,,,125
,,,29
,,,10
,,,213
,,,0
,,,141
,,,145
,,,171
,,,0
,,,247
,,,147
,,,60
,,,210
,,,193
,,,107
,,,54
,,,186
,,,113
,,,57
,,,101
,,,177
,,,126
,,,158
,,,61
,,,230
,,,244
,,,255
,,,244
,,,255
,,,120
,,,34
,,,163
,,,91
,,,210
,,,179
,,,152
,,,124
,,,161
,,,200
,,,230
,,,111
,,,204
,,,13
,,,18
,,,3
,,,159
,,,253
,,,185
,,,157
,,,255
,,,252
,,,217
,,,189
,,,255
,,,105
,,,140
,,,239
,,,247
,,,159
,,,0
,,,81
,,,1
,,,0
,,,111
,,,9
,,,78
,,,122
,,,98
,,,116
,,,35
,,,238
,,,196
,,,22
,,,104
,,,54
,,,132
,,,77
,,,1
,,,228
,,,33
,,,245
,,,255
,,,205
,,,184
,,,149
,,,116
,,,207
,,,244
,,,29
,,,129
,,,142
,,,33
,,,204
,,,42
,,,211
,,,74
,,,222
,,,206
,,,244
,,,206
,,,0
,,,76
,,,213
,,,115
,,,112
,,,255
,,,112
,,,229
,,,77
,,,243
,,,93
,,,138
,,,137
,,,139
,,,252
,,,209
,,,19
,,,255
,,,255
,,,0
,,,255
,,,179
,,,106
,,,174
,,,104
,,,179
,,,208
,,,88
,,,0
,,,249
,,,190
,,,79
,,,252
,,,37
,,,95
,,,2
,,,183
,,,255
,,,141
,,,175
,,,0
,,,221
,,,55
,,,90
,,,217
,,,114
,,,68
,,,0
,,,94
,,,234
,,,251
,,,87
,,,105
,,,55
,,,92
,,,122
,,,11
,,,158
,,,43
,,,41
,,,255
,,,50
,,,134
,,,204
,,,68
,,,34
,,,106
,,,166
,,,30
,,,75
,,,71
,,,170
,,,110
,,,76
,,,48
,,,52
,,,101
,,,179
,,,245
,,,107
,,,112
,,,0
,,,217
,,,27
,,,25
,,,161
,,,65
,,,214
,,,231
,,,198
,,,127
,,,122
,,,249
,,,170
,,,160
,,,110
,,,181
,,,194
,,,92
,,,102
,,,126
,,,126
,,,102
,,,190
,,,146
,,,118
,,,210
,,,210
,,,228
,,,139
,,,137
,,,14
,,,172
,,,61
,,,166
,,,253
,,,255
,,,0
,,,19
,,,78
,,,255
,,,161
,,,145
,,,132
,,,36
,,,206
,,,92
,,,0
,,,0
,,,253
,,,93
,,,0
,,,55
,,,200
,,,206
,,,130
,,,16
,,,62
,,,154
,,,97
,,,255
,,,16
,,,153
,,,255
,,,255
,,,195
,,,185
,,,195
,,,226
,,,30
,,,197
,,,246
,,,121
,,,109
,,,198
,,,255
,,,216
,,,46
,,,0
,,,115
,,,53
,,,255
,,,225
,,,255
,,,159
,,,216
,,,6
,,,72
,,,0
,,,255
,,,128
,,,166
,,,245
,,,235
,,,3
,,,71
,,,253
,,,254
,,,6
,,,211
,,,254
,,,200
,,,86
,,,49
,,,5
,,,4
,,,125
,,,108
,,,49
,,,80
,,,48
,,,140
,,,169
,,,101
,,,128
,,,238
,,,255
,,,255
,,,72
,,,102
,,,0
,,,192
,,,139
,,,104
,,,206
,,,42
,,,132
,,,159
,,,0
,,,153
,,,27
,,,76
,,,218
,,,33
,,,0
,,,186
,,,102
,,,6
,,,227
,,,255
,,,79
,,,95
,,,1
,,,255
,,,206
,,,232
,,,95
,,,14
,,,86
,,,37
,,,211
,,,0
,,,20
,,,123
,,,59
,,,254
,,,177
,,,211
,,,255
,,,255
,,,0
,,,240
,,,39
,,,77
,,,255
,,,0
,,,36
,,,208
,,,165
,,,161
,,,162
,,,50
,,,166
,,,187
,,,81
,,,38
,,,254
,,,0
,,,198
,,,97
,,,174
,,,130
,,,209
,,,105
,,,104
,,,71
,,,221
,,,7
,,,76
,,,58
,,,56
,,,193
,,,247
,,,183
,,,244
,,,249
,,,255
,,,255
,,,252
,,,88
,,,138
,,,105
,,,57
,,,244
,,,228
,,,68
,,,230
,,,0
,,,58
,,,123
,,,187
,,,42
,,,211
,,,255
,,,178
,,,63
,,,106
,,,100
,,,132
,,,224
,,,122
,,,133
,,,19
,,,187
,,,246
,,,50
,,,3
,,,75
,,,80
,,,254
,,,87
,,,130
,,,123
,,,0
,,,0
,,,90
,,,249
,,,166
,,,40
,,,0
,,,53
,,,251
,,,89
,,,162
,,,51
,,,56
,,,186
,,,19
,,,134
,,,166
,,,157
,,,21
,,,0
,,,166
,,,0
,,,230
,,,163
,,,0
,,,29
,,,255
,,,201
,,,254
,,,255
,,,132
,,,0
,,,135
,,,44
,,,193
,,,195
,,,50
,,,175
,,,0
,,,245
,,,52
,,,243
,,,255
,,,62
,,,24
,,,255
,,,0
,,,255
,,,24
,,,211
,,,167
,,,255
,,,77
,,,199
,,,196
,,,97
,,,73
,,,254
,,,255
,,,241
,,,253
,,,1
,,,17
,,,59
,,,87
,,,0
,,,215
,,,228
,,,35
,,,59
,,,253
,,,255
,,,255
,,,183
,,,189
,,,111
,,,198
,,,0
,,,247
,,,0
,,,215
,,,72
,,,196
,,,111
,,,233
,,,255
,,,127
,,,39
,,,105
,,,0
,,,12
,,,72
,,,87
,,,17
,,,255
,,,0
,,,122
,,,0
,,,52
,,,255
,,,165
,,,13
,,,18
,,,254
,,,0
,,,255
,,,187
,,,255
,,,108
,,,133
,,,11
,,,110
,,,255
,,,255
,,,102
,,,192
,,,72
,,,178
,,,203
,,,255
,,,8
,,,53
,,,231
,,,0
,,,113
,,,4
,,,114
,,,121
,,,58
,,,180
,,,131
,,,0
,,,64
,,,255
,,,234
,,,169
,,,125
,,,175
,,,35
,,,255
,,,135
,,,5
,,,255
,,,73
,,,217
,,,179
,,,209
,,,86
,,,244
,,,0
,,,1
,,,19
,,,139
,,,0
,,,174
,,,0
,,,23
,,,231
,,,255
,,,0
,,,162
,,,219
,,,219
,,,61
,,,51
,,,121
,,,154
,,,86
,,,3
,,,66
,,,22
,,,244
,,,71
,,,255
,,,91
,,,190
,,,99
,,,30
,,,58
,,,255
,,,103
,,,0
,,,59
,,,81
,,,178
,,,180
,,,18
,,,105
,,,68
,,,99
,,,74
,,,234
,,,0
,,,145
,,,133
,,,32
,,,34
,,,54
,,,229
,,,145
,,,0
,,,218
,,,78
,,,246
,,,168
,,,211
,,,137
,,,2
,,,59
,,,101
,,,190
,,,81
,,,177
,,,59
,,,208
,,,78
,,,255
,,,255
,,,33
,,,190
,,,177
,,,170
,,,47
,,,29
,,,0
,,,254
,,,0
,,,12
,,,119
,,,255
,,,108
,,,101
,,,145
,,,190
,,,168
,,,148
,,,202
,,,255
,,,69
,,,59
,,,105
,,,177
,,,123
,,,80
,,,253
,,,255
,,,197
,,,133
,,,210
,,,255
,,,2
,,,254
,,,226
,,,0
,,,138
,,,245
,,,229
,,,255
,,,105
,,,209
,,,157
,,,93
,,,150
,,,174
,,,31
,,,255
,,,43
,,,161
,,,0
,,,165
,,,142
,,,35
,,,0
,,,0
,,,122
,,,253
,,,94
,,,42
,,,140
,,,0
,,,247
,,,255
,,,96
,,,171
,,,213
,,,78
,,,74
,,,0
,,,59
,,,189
,,,19
,,,0
,,,106
,,,53
,,,255
,,,234
,,,1
,,,238
,,,216
,,,226
,,,255
,,,4
,,,29
,,,255
,,,39
,,,167
,,,181
,,,254
,,,201
,,,252
,,,186
,,,151
,,,194
,,,244
,,,42
,,,19
,,,174
,,,16
,,,142
,,,255
,,,19
,,,199
,,,82
,,,81
,,,92
,,,32
,,,132
,,,115
,,,211
,,,142
,,,78
,,,166
,,,192
,,,79
,,,197
,,,83
,,,29
,,,41
,,,199
,,,193
,,,0
,,,255
,,,195
,,,255
,,,211
,,,168
,,,174
,,,129
,,,254
,,,71
,,,211
,,,31
,,,38
,,,153
,,,1
,,,32
,,,187
,,,122
,,,121
,,,19
,,,255
,,,197
,,,0
,,,251
,,,176
,,,34
,,,195
,,,94
,,,118
,,,123
,,,29
,,,93
,,,255
,,,117
,,,149
,,,0
,,,39
,,,197
,,,255
,,,131
,,,153
,,,235
,,,42
,,,40
,,,63
,,,187
,,,112
,,,173
,,,145
,,,228
,,,83
,,,65
,,,255
,,,0
,,,254
,,,20
,,,235
,,,255
,,,255
,,,30
,,,93
,,,0
,,,108
,,,185
,,,214
,,,165
,,,205
,,,152
,,,174
,,,97
,,,255
,,,10
,,,145
,,,105
,,,137
,,,212
,,,0
,,,255
,,,95
,,,108
,,,246
,,,2
,,,255
,,,200
,,,255
,,,255
,,,0
,,,0
,,,254
,,,165
,,,33
,,,136
,,,80
,,,0
,,,78
,,,4
,,,223
,,,44
,,,254
,,,128
,,,167
,,,180
,,,161
,,,53
,,,195
,,,141
,,,0
,,,164
,,,109
,,,173
,,,2
,,,0
,,,84
,,,147
,,,1
,,,254
,,,59
,,,0
,,,255
,,,255
,,,181
,,,40
,,,253
,,,0
,,,208
,,,114
,,,24
,,,101
,,,255
,,,134
,,,52
,,,59
,,,68
,,,241
,,,255
,,,133
,,,53
,,,196
,,,255
,,,144
,,,101
,,,227
,,,42
,,,189
,,,0
,,,26
,,,111
,,,125
,,,253
,,,148
,,,54
,,,0
,,,101
,,,221
,,,95
,,,132
,,,50
,,,146
,,,255
,,,209
,,,195
,,,111
,,,135
,,,255
,,,11
,,,26
,,,116
,,,84
,,,178
,,,231
,,,56
,,,244
,,,208
,,,255
,,,236
,,,108
,,,234
,,,145
,,,211
,,,132
,,,55
,,,71
,,,120
,,,0
,,,255
,,,31
,,,211
,,,97
,,,254
,,,255
,,,255
,,,141
,,,73
,,,63
,,,37
,,,69
,,,80
,,,144
,,,194
,,,109
,,,255
,,,4
,,,255
,,,107
,,,162
,,,116
,,,120
,,,254
,,,65
,,,40
,,,1
,,,52
,,,82
,,,2
,,,255
,,,55
,,,255
,,,0
,,,240
,,,58
,,,209
,,,167
,,,57
,,,173
,,,255
,,,237
,,,41
,,,108
,,,42
,,,166
,,,36
,,,73
,,,253
,,,144
,,,52
,,,174
,,,67
,,,15
,,,92
,,,252
,,,25
,,,255
,,,185
,,,196
,,,255
,,,255
,,,26
,,,126
,,,45
,,,142
,,,115
,,,216
,,,0
,,,35
,,,247
,,,122
,,,209
,,,1
,,,215
,,,111
,,,39
,,,22
,,,82
,,,4
,,,170
,,,0
,,,219
,,,215
,,,43
,,,0
,,,166
,,,41
,,,213
,,,250
,,,169
,,,3
,,,54
,,,255
,,,70
,,,125
,,,62
,,,255
,,,255
,,,51
,,,48
,,,216
,,,227
,,,255
,,,109
,,,137
,,,203
,,,178
,,,203
,,,80
,,,227
,,,147
,,,225
,,,245
,,,156
,,,235
,,,122
,,,66
,,,245
,,,176
,,,204
,,,150
,,,10
,,,53
,,,172
,,,0
,,,71
,,,1
,,,98
,,,134
,,,249
,,,234
,,,31
,,,48
,,,123
,,,76
,,,246
,,,124
,,,180
,,,24
,,,0
,,,20
,,,23
,,,254
,,,255
,,,8
,,,60
,,,162
,,,84
,,,169
,,,66
,,,254
,,,45
,,,217
,,,205
,,,98
,,,0
,,,92
,,,27
,,,249
,,,83
,,,149
,,,189
,,,7
,,,139
,,,190
,,,254
,,,255
,,,48
,,,192
,,,229
,,,109
,,,42
,,,245
,,,184
,,,153
,,,0
,,,255
,,,72
,,,180
,,,32
,,,108
,,,0
,,,9
,,,227
,,,116
,,,255
,,,0
,,,207
,,,135
,,,51
,,,106
,,,211
,,,116
,,,149
,,,142
,,,101
,,,0
,,,52
,,,23
,,,87
,,,91
,,,90
,,,87
,,,83
,,,76
,,,0
,,,254
,,,166
,,,100
,,,104
,,,255
,,,176
,,,211
,,,254
,,,253
,,,78
,,,186
,,,0
,,,240
,,,0
,,,254
,,,173
,,,255
,,,156
,,,95
,,,154
,,,0
,,,56
,,,89
,,,205
,,,126
,,,42
,,,5
,,,0
,,,115
,,,209
,,,255
,,,236
,,,121
,,,210
,,,152
,,,89
,,,110
,,,190
,,,187
,,,3
,,,252
,,,242
,,,21
,,,209
,,,132
,,,107
,,,161
,,,0
,,,37
,,,89
,,,196
,,,189
,,,255
,,,115
,,,249
,,,197
,,,0
,,,196
,,,255
,,,33
,,,74
,,,45
,,,84
,,,255
,,,253
,,,0
,,,211
,,,131
,,,59
,,,234
,,,73
,,,168
,,,0
,,,251
,,,245
,,,0
,,,81
,,,130
,,,195
,,,80
,,,226
,,,210
,,,244
,,,76
,,,219
,,,32
,,,52
,,,37
,,,0
,,,251
,,,104
,,,17
,,,0
,,,36
,,,255
,,,253
,,,72
,,,0
,,,106
,,,211
,,,166
,,,224
,,,209
,,,138
,,,158
,,,129
,,,244
,,,206
,,,211
,,,223
,,,69
,,,26
,,,255
,,,0
,,,254
,,,255
,,,109
,,,48
,,,255
,,,235
,,,238
,,,25
,,,255
,,,237
,,,102
,,,101
,,,241
,,,111
,,,195
,,,13
,,,193
,,,222
,,,56
,,,95
,,,108
,,,88
,,,255
,,,0
,,,0
,,,25
,,,82
,,,165
,,,249
,,,0
,,,36
,,,251
,,,196
,,,179
,,,35
,,,96
,,,138
,,,204
,,,241
,,,228
,,,255
,,,254
,,,255
,,,173
,,,33
,,,189
,,,255
,,,166
,,,255
,,,0
,,,20
,,,104
,,,121
,,,0
,,,32
,,,189
,,,54
,,,10
,,,255
,,,255
,,,28
,,,128
,,,255
,,,189
,,,106
,,,157
,,,210
,,,253
,,,82
,,,196
,,,136
,,,162
,,,184
,,,255
,,,239
,,,155
,,,223
,,,91
,,,0
,,,32
,,,133
,,,157
,,,37
,,,154
,,,0
,,,0
,,,254
,,,119
,,,90
,,,87
,,,12
,,,160
,,,114
,,,51
,,,255
,,,34
,,,217
,,,0
,,,255
,,,6
,,,44
,,,0
,,,57
,,,209
,,,141
,,,219
,,,255
,,,189
,,,97
,,,255
,,,162
,,,34
,,,229
,,,11
,,,66
,,,215
,,,63
,,,255
,,,148
,,,227
,,,121
,,,116
,,,5
,,,31
,,,201
,,,0
,,,233
,,,217
,,,124
,,,197
,,,60
,,,25
,,,243
,,,0
,,,1
,,,255
,,,177
,,,71
,,,255
,,,134
,,,178
,,,229
,,,255
,,,255
,,,184
,,,25
,,,4
,,,0
,,,244
,,,128
,,,138
,,,115
,,,224
,,,110
,,,171
,,,0
,,,254
,,,110
,,,255
,,,255
,,,108
,,,255
,,,177
,,,0
,,,30
,,,23
,,,42
,,,49
,,,200
,,,127
,,,255
,,,134
,,,65
,,,179
,,,197
,,,254
,,,4
,,,196
,,,76
,,,67
,,,45
,,,226
,,,187
,,,25
,,,87
,,,175
,,,50
,,,174
,,,254
,,,49
,,,255
,,,0
,,,255
,,,205
,,,47
,,,255
,,,3
,,,27
,,,26
,,,26
,,,7
,,,106
,,,25
,,,0
,,,14
,,,35
,,,114
,,,159
,,,56
,,,254
,,,5
,,,0
,,,80
,,,100
,,,223
,,,0
,,,249
,,,82
,,,59
,,,231
,,,0
,,,195
,,,217
,,,54
,,,0
,,,63
,,,204
,,,114
,,,103
,,,255
,,,252
,,,0
,,,20
,,,180
,,,0
,,,246
,,,91
,,,69
,,,74
,,,155
,,,211
,,,4
,,,209
,,,31
,,,116
,,,4
,,,160
,,,0
,,,255
,,,72
,,,25
,,,104
,,,45
,,,104
,,,92
,,,5
,,,139
,,,177
,,,92
,,,194
,,,26
,,,220
,,,38
,,,0
,,,67
,,,111
,,,63
,,,21
,,,25
,,,147
,,,189
,,,68
,,,246
,,,1
,,,247
,,,255
,,,180
,,,48
,,,30
,,,55
,,,69
,,,0
,,,186
,,,147
,,,196
,,,184
,,,25
,,,178
,,,100
,,,118
,,,65
,,,187
,,,43
,,,0
,,,13
,,,57
,,,147
,,,193
,,,30
,,,161
,,,67
,,,82
,,,136
,,,255
,,,211
,,,131
,,,140
,,,235
,,,101
,,,255
,,,171
,,,11
,,,255
,,,111
,,,154
,,,255
,,,206
,,,18
,,,254
,,,26
,,,49
,,,217
,,,54
,,,14
,,,163
,,,109
,,,0
,,,25
,,,0
,,,253
,,,207
,,,141
,,,207
,,,137
,,,76
,,,92
,,,169
,,,139
,,,0
,,,21
,,,0
,,,187
,,,22
,,,0
,,,128
,,,255
,,,1
,,,227
,,,174
,,,246
,,,68
,,,135
,,,53
,,,6
,,,0
,,,78
,,,59
,,,147
,,,192
,,,251
,,,150
,,,166
,,,48
,,,55
,,,255
,,,123
,,,0
,,,151
,,,100
,,,255
,,,173
,,,250
,,,74
,,,81
,,,0
,,,207
,,,87
,,,194
,,,87
,,,31
,,,251
,,,187
,,,199
,,,25
,,,132
,,,254
,,,202
,,,255
,,,246
,,,39
,,,255
,,,223
,,,249
,,,254
,,,0
,,,67
,,,144
,,,106
,,,235
,,,87
,,,0
,,,255
,,,36
,,,117
,,,219
,,,187
,,,161
,,,54
,,,201
,,,0
,,,138
,,,178
,,,23
,,,187
,,,254
,,,94
,,,88
,,,176
,,,12
,,,0
,,,195
,,,32
,,,53
,,,84
,,,95
,,,22
,,,64
,,,72
,,,255
,,,255
,,,196
,,,4
,,,159
,,,0
,,,98
,,,155
,,,244
,,,255
,,,41
,,,255
,,,0
,,,224
,,,255
,,,135
,,,153
,,,0
,,,161
,,,98
,,,227
,,,218
,,,75
,,,139
,,,188
,,,64
,,,244
,,,212
,,,217
,,,81
,,,95
,,,0
,,,23
,,,253
,,,50
,,,209
,,,0
,,,4
,,,1
,,,159
,,,67
,,,228
,,,246
,,,77
,,,76
,,,171
,,,255
,,,0
,,,50
,,,223
,,,169
,,,174
,,,136
,,,217
,,,12
,,,226
,,,85
,,,0
,,,255
,,,150
,,,245
,,,24
,,,1
,,,5
,,,187
,,,226
,,,0
,,,43
,,,37
,,,74
,,,195
,,,253
,,,96
,,,255
,,,72
,,,89
,,,89
,,,179
,,,111
,,,40
,,,40
,,,205
,,,132
,,,77
,,,21
,,,210
,,,2
,,,28
,,,99
,,,25
,,,228
,,,100
,,,49
,,,75
,,,92
,,,32
,,,0
,,,39
,,,224
,,,155
,,,209
,,,200
,,,0
,,,165
,,,67
,,,239
,,,170
,,,255
,,,208
,,,56
,,,0
,,,86
,,,20
,,,190
,,,2
,,,120
,,,103
,,,255
,,,10
,,,71
,,,0
,,,130
,,,212
,,,119
,,,69
,,,226
,,,255
,,,31
,,,255
,,,254
,,,254
,,,204
,,,4
,,,113
,,,69
,,,0
,,,250
,,,244
,,,68
,,,210
,,,254
,,,255
,,,255
,,,5
,,,98
,,,41
,,,100
,,,0
,,,113
,,,168
,,,253
,,,122
,,,167
,,,205
,,,153
,,,27
,,,171
,,,252
,,,175
,,,16
,,,227
,,,30
,,,168
,,,161
,,,145
,,,125
,,,255
,,,45
,,,97
,,,244
,,,111
,,,0
,,,185
,,,129
,,,111
,,,249
,,,252
,,,123
,,,87
,,,51
,,,255
,,,177
,,,64
,,,136
,,,216
,,,137
,,,0
,,,188
,,,255
,,,50
,,,196
,,,135
,,,120
,,,39
,,,52
,,,134
,,,0
,,,228
,,,52
,,,96
,,,58
,,,255
,,,174
,,,2
,,,69
,,,254
,,,48
,,,0
,,,124
,,,255
,,,222
,,,222
,,,43
,,,95
,,,183
,,,161
,,,199
,,,0
,,,169
,,,255
,,,253
,,,31
,,,0
,,,150
,,,144
,,,122
,,,255
,,,122
,,,114
,,,0
,,,68
,,,12
,,,114
,,,1
,,,145
,,,79
,,,112
,,,68
,,,239
,,,89
,,,37
,,,104
,,,141
,,,223
,,,121
,,,152
,,,46
,,,25
,,,67
,,,111
,,,210
,,,77
,,,0
,,,92
,,,164
,,,0
,,,255
,,,32
,,,139
,,,183
,,,128
,,,37
,,,200
,,,203
,,,45
,,,145
,,,227
,,,0
,,,170
,,,207
,,,108
,,,255
,,,100
,,,0
,,,254
,,,254
,,,0
,,,250
,,,12
,,,0
,,,255
,,,72
,,,138
,,,93
,,,186
,,,207
,,,118
,,,97
,,,120
,,,139
,,,125
,,,255
,,,77
,,,160
,,,42
,,,0
,,,240
,,,255
,,,188
,,,254
,,,200
,,,169
,,,0
,,,76
,,,0
,,,109
,,,186
,,,255
,,,187
,,,255
,,,190
,,,64
,,,30
,,,8
,,,173
,,,6
,,,38
,,,0
,,,54
,,,255
,,,33
,,,113
,,,23
,,,199
,,,186
,,,55
,,,122
,,,97
,,,255
,,,118
,,,42
,,,255
,,,22
,,,161
,,,185
,,,226
,,,89
,,,25
,,,254
,,,209
,,,171
,,,160
,,,158
,,,101
,,,24
,,,200
,,,30
,,,135
,,,50
,,,127
,,,252
,,,225
,,,19
,,,0
,,,229
,,,146
,,,120
,,,147
,,,229
,,,255
,,,151
,,,255
,,,198
,,,0
,,,245
,,,88
,,,255
,,,42
,,,132
,,,41
,,,65
,,,110
,,,168
,,,255
,,,255
,,,60
,,,91
,,,255
,,,130
,,,94
,,,246
,,,0
,,,226
,,,77
,,,125
,,,173
,,,29
,,,104
,,,182
,,,245
,,,0
,,,71
,,,211
,,,172
,,,34
,,,15
,,,53
,,,13
,,,29
,,,255
,,,237
,,,67
,,,0
,,,219
,,,0
,,,96
,,,45
,,,183
,,,0
,,,90
,,,95
,,,237
,,,190
,,,171
,,,78
,,,0
,,,159
,,,206
,,,40
,,,255
,,,219
,,,37
,,,181
,,,208
,,,147
,,,70
,,,169
,,,193
,,,255
,,,96
,,,239
,,,69
,,,252
,,,161
,,,110
,,,157
,,,75
,,,57
,,,26
,,,50
,,,167
,,,110
,,,26
,,,0
,,,116
,,,252
,,,251
,,,44
,,,25
,,,230
,,,0
,,,40
,,,255
,,,255
,,,255
,,,255
,,,61
,,,187
,,,212
,,,255
,,,154
,,,66
,,,210
,,,0
,,,188
,,,34
,,,119
,,,169
,,,50
,,,0
,,,172
,,,24
,,,191
,,,255
,,,255
,,,83
,,,0
,,,253
,,,255
,,,159
,,,181
,,,140
,,,255
,,,191
,,,140
,,,218
,,,6
,,,0
,,,252
,,,145
,,,16
,,,0
,,,0
,,,253
,,,255
,,,98
,,,233
,,,255
,,,255
,,,209
,,,211
,,,222
,,,139
,,,109
,,,226
,,,253
,,,194
,,,11
,,,146
,,,74
,,,124
,,,30
,,,238
,,,190
,,,0
,,,49
,,,160
,,,0
,,,254
,,,104
,,,127
,,,253
,,,254
,,,137
,,,237
,,,136
,,,190
,,,133
,,,37
,,,196
,,,0
,,,52
,,,52
,,,97
,,,77
,,,111
,,,120
,,,228
,,,116
,,,93
,,,32
,,,255
,,,255
,,,116
,,,0
,,,101
,,,77
,,,132
,,,154
,,,91
,,,252
,,,4
,,,60
,,,255
,,,255
,,,255
,,,100
,,,0
,,,111
,,,7
,,,0
,,,182
,,,70
,,,0
,,,169
,,,54
,,,234
,,,0
,,,10
,,,14
,,,183
,,,84
,,,65
,,,137
,,,255
,,,105
,,,0
,,,201
,,,0
,,,10
,,,2
,,,16
,,,123
,,,255
,,,138
,,,122
,,,255
,,,95
,,,255
,,,252
,,,51
,,,157
,,,254
,,,196
,,,210
,,,141
,,,106
,,,252
,,,0
,,,177
,,,28
,,,81
,,,104
,,,109
,,,238
,,,16
,,,255
,,,251
,,,143
,,,103
,,,226
,,,100
,,,202
,,,146
,,,127
,,,24
,,,255
,,,131
,,,148
,,,136
,,,240
,,,103
,,,189
,,,8
,,,181
,,,222
,,,134
,,,185
,,,85
,,,14
,,,255
,,,18
,,,254
,,,18
,,,255
,,,0
,,,148
,,,80
,,,73
,,,255
,,,76
,,,250
,,,182
,,,164
,,,238
,,,82
,,,100
,,,207
,,,219
,,,76
,,,75
,,,209
,,,200
,,,170
,,,219
,,,114
,,,0
,,,255
,,,226
,,,218
,,,0
,,,0
,,,213
,,,255
,,,200
,,,170
,,,40
,,,66
,,,23
,,,92
,,,120
,,,52
,,,211
,,,123
,,,164
,,,2
,,,108
,,,253
,,,167
,,,185
,,,0
,,,92
,,,159
,,,104
,,,78
,,,254
,,,0
,,,248
,,,148
,,,255
,,,233
,,,255
,,,11
,,,117
,,,53
,,,8
,,,132
,,,156
,,,2
,,,255
,,,132
,,,255
,,,143
,,,0
,,,255
,,,199
,,,186
,,,255
,,,207
,,,112
,,,56
,,,87
,,,166
,,,249
,,,117
,,,0
,,,143
,,,208
,,,151
,,,0
,,,103
,,,189
,,,0
,,,226
,,,20
,,,66
,,,234
,,,58
,,,211
,,,205
,,,153
,,,162
,,,0
,,,101
,,,104
,,,1
,,,254
,,,110
,,,253
,,,14
,,,255
,,,122
,,,184
,,,110
,,,255
,,,254
,,,214
,,,36
,,,247
,,,19
,,,27
,,,59
,,,14
,,,143
,,,240
,,,255
,,,176
,,,255
,,,251
,,,185
,,,254
,,,122
,,,14
,,,255
,,,101
,,,255
,,,164
,,,203
,,,221
,,,96
,,,195
,,,165
,,,255
,,,115
,,,241
,,,255
,,,133
,,,186
,,,145
,,,157
,,,39
,,,156
,,,0
,,,210
,,,255
,,,254
,,,126
,,,247
,,,170
,,,54
,,,245
,,,169
,,,88
,,,24
,,,67
,,,5
,,,73
,,,255
,,,74
,,,120
,,,179
,,,254
,,,238
,,,115
,,,79
,,,53
,,,234
,,,160
,,,193
,,,219
,,,43
,,,158
,,,0
,,,162
,,,76
,,,35
,,,232
,,,0
,,,132
,,,10
,,,114
,,,255
,,,15
,,,52
,,,255
,,,250
,,,233
,,,29
,,,30
,,,214
,,,255
,,,86
,,,255
,,,235
,,,186
,,,255
,,,74
,,,172
,,,105
,,,134
,,,138
,,,18
,,,255
,,,92
,,,130
,,,245
,,,76
,,,179
,,,33
,,,124
,,,76
,,,116
,,,118
,,,234
,,,41
,,,216
,,,215
,,,33
,,,160
,,,209
,,,0
,,,33
,,,196
,,,79
,,,251
,,,65
,,,203
,,,236
,,,114
,,,211
,,,93
,,,164
,,,199
,,,61
,,,212
,,,0
,,,152
,,,0
,,,124
,,,169
,,,77
,,,60
,,,0
,,,0
,,,249
,,,59
,,,0
,,,107
,,,97
,,,192
,,,85
,,,210
,,,110
,,,108
,,,0
,,,169
,,,193
,,,94
,,,26
,,,255
,,,211
,,,174
,,,218
,,,22
,,,255
,,,2
,,,176
,,,162
,,,152
,,,0
,,,11
,,,177
,,,136
,,,44
,,,63
,,,126
,,,145
,,,255
,,,0
,,,126
,,,0
,,,99
,,,41
,,,255
,,,11
,,,144
,,,255
,,,179
,,,24
,,,165
,,,67
,,,255
,,,136
,,,115
,,,122
,,,226
,,,159
,,,87
,,,93
,,,110
,,,144
,,,254
,,,191
,,,255
,,,66
,,,57
,,,48
,,,189
,,,254
,,,59
,,,92
,,,27
,,,251
,,,132
,,,221
,,,131
,,,94
,,,255
,,,150
,,,255
,,,132
,,,240
,,,97
,,,255
,,,209
,,,219
,,,224
,,,131
,,,188
,,,0
,,,255
,,,25
,,,225
,,,151
,,,113
,,,126
,,,246
,,,179
,,,100
,,,38
,,,115
,,,54
,,,51
,,,123
,,,210
,,,42
,,,207
,,,107
,,,248
,,,208
,,,179
,,,52
,,,254
,,,0
,,,253
,,,128
,,,154
,,,85
,,,71
,,,55
,,,176
,,,70
,,,61
,,,66
,,,173
,,,192
,,,110
,,,166
,,,211
,,,108
,,,2
,,,0
,,,172
,,,188
,,,0
,,,54
,,,163
,,,155
,,,195
,,,255
,,,25
,,,92
,,,92
,,,116
,,,252
,,,41
,,,244
,,,254
,,,87
,,,48
,,,3
,,,254
,,,125
,,,162
,,,63
,,,255
,,,54
,,,134
,,,122
,,,245
,,,89
,,,137
,,,56
,,,16
,,,154
,,,75
,,,179
,,,0
,,,213
,,,252
,,,0
,,,255
,,,255
,,,138
,,,74
,,,193
,,,209
,,,99
,,,224
,,,23
,,,245
,,,199
,,,0
,,,100
,,,245
,,,112
,,,39
,,,8
,,,253
,,,83
,,,0
,,,163
,,,27
,,,84
,,,87
,,,255
,,,58
,,,253
,,,0
,,,56
,,,37
,,,247
,,,0
,,,91
,,,137
,,,229
,,,89
,,,87
,,,222
,,,71
,,,221
,,,112
,,,87
,,,72
,,,108
,,,224
,,,188
,,,4
,,,255
,,,15
,,,76
,,,94
,,,141
,,,50
,,,59
,,,255
,,,138
,,,164
,,,102
,,,0
,,,25
,,,88
,,,255
,,,229
,,,186
,,,15
,,,165
,,,157
,,,187
,,,0
,,,3
,,,76
,,,43
,,,255
,,,74
,,,108
,,,0
,,,56
,,,1
,,,140
,,,180
,,,72
,,,0
,,,237
,,,5
,,,255
,,,113
,,,47
,,,252
,,,174
,,,125
,,,215
,,,3
,,,0
,,,38
,,,255
,,,139
,,,35
,,,170
,,,255
,,,182
,,,234
,,,48
,,,255
,,,228
,,,5
,,,56
,,,255
,,,0
,,,173
,,,192
,,,255
,,,167
,,,255
,,,253
,,,86
,,,214
,,,77
,,,5
,,,0
,,,28
,,,227
,,,217
,,,238
,,,1
,,,25
,,,143
,,,35
,,,26
,,,0
,,,2
,,,245
,,,144
,,,166
,,,254
,,,254
,,,35
,,,124
,,,178
,,,216
,,,85
,,,0
,,,71
,,,4
,,,110
,,,35
,,,100
,,,132
,,,255
,,,157
,,,153
,,,13
,,,222
,,,229
,,,194
,,,181
,,,210
,,,2
,,,255
,,,86
,,,17
,,,11
,,,255
,,,250
,,,92
,,,170
,,,254
,,,255
,,,62
,,,104
,,,255
,,,133
,,,211
,,,167
,,,8
,,,180
,,,38
,,,21
,,,0
,,,0
,,,188
,,,103
,,,10
,,,133
,,,184
,,,164
,,,3
,,,254
,,,0
,,,185
,,,60
,,,254
,,,210
,,,27
,,,233
,,,3
,,,128
,,,255
,,,108
,,,93
,,,131
,,,10
,,,255
,,,0
,,,0
,,,211
,,,182
,,,197
,,,40
,,,0
,,,104
,,,28
,,,102
,,,255
,,,90
,,,98
,,,119
,,,199
,,,255
,,,0
,,,159
,,,200
,,,90
,,,65
,,,110
,,,211
,,,80
,,,0
,,,202
,,,145
,,,103
,,,58
,,,16
,,,174
,,,56
,,,251
,,,112
,,,255
,,,0
,,,73
,,,63
,,,255
,,,0
,,,66
,,,4
,,,117
,,,79
,,,165
,,,253
,,,186
,,,108
,,,244
,,,232
,,,0
,,,0
,,,0
,,,48
,,,67
,,,172
,,,0
,,,240
,,,66
,,,117
,,,98
,,,172
,,,78
,,,235
,,,50
,,,82
,,,211
,,,3
,,,208
,,,117
,,,237
,,,217
,,,255
,,,36
,,,255
,,,121
,,,0
,,,56
,,,193
,,,238
,,,105
,,,0
,,,239
,,,255
,,,152
,,,39
,,,86
,,,116
,,,118
,,,39
,,,173
,,,7
,,,0
,,,229
,,,141
,,,54
,,,48
,,,226
,,,93
,,,252
,,,58
,,,254
,,,0
,,,3
,,,255
,,,26
,,,56
,,,124
,,,201
,,,59
,,,0
,,,1
,,,131
,,,255
,,,138
,,,216
,,,205
,,,14
,,,126
,,,74
,,,175
,,,208
,,,241
,,,15
,,,255
,,,56
,,,254
,,,20
,,,4
,,,231
,,,0
,,,218
,,,255
,,,32
,,,131
,,,112
,,,53
,,,254
,,,208
,,,170
,,,131
,,,86
,,,11
,,,119
,,,28
,,,151
,,,174
,,,103
,,,83
,,,187
,,,102
,,,49
,,,251
,,,246
,,,227
,,,77
,,,138
,,,200
,,,101
,,,19
,,,135
,,,206
,,,196
,,,53
,,,77
,,,117
,,,150
,,,0
,,,233
,,,255
,,,30
,,,126
,,,142
,,,200
,,,114
,,,253
,,,61
,,,76
,,,255
,,,115
,,,0
,,,105
,,,255
,,,229
,,,169
,,,6
,,,255
,,,207
,,,159
,,,252
,,,209
,,,93
,,,75
,,,54
,,,84
,,,95
,,,196
,,,248
,,,23
,,,141
,,,255
,,,45
,,,250
,,,0
,,,254
,,,194
,,,0
,,,19
,,,201
,,,185
,,,210
,,,137
,,,115
,,,24
,,,196
,,,0
,,,103
,,,255
,,,17
,,,42
,,,255
,,,20
,,,165
,,,103
,,,82
,,,0
,,,6
,,,102
,,,6
,,,227
,,,255
,,,255
,,,249
,,,0
,,,133
,,,143
,,,46
,,,19
,,,160
,,,157
,,,144
,,,238
,,,2
,,,100
,,,232
,,,196
,,,70
,,,0
,,,97
,,,234
,,,110
,,,253
,,,209
,,,7
,,,92
,,,254
,,,97
,,,150
,,,134
,,,13
,,,122
,,,88
,,,0
,,,73
,,,106
,,,0
,,,58
,,,9
,,,243
,,,131
,,,46
,,,169
,,,254
,,,254
,,,147
,,,44
,,,52
,,,0
,,,13
,,,255
,,,0
,,,84
,,,87
,,,0
,,,246
,,,238
,,,35
,,,93
,,,98
,,,151
,,,0
,,,254
,,,85
,,,245
,,,163
,,,198
,,,235
,,,255
,,,38
,,,43
,,,88
,,,118
,,,35
,,,0
,,,0
,,,148
,,,255
,,,54
,,,70
,,,2
,,,110
,,,89
,,,211
,,,187
,,,142
,,,197
,,,43
,,,0
,,,144
,,,160
,,,40
,,,197
,,,162
,,,67
,,,142
,,,139
,,,43
,,,50
,,,120
,,,164
,,,201
,,,174
,,,182
,,,255
,,,3
,,,0
,,,255
,,,10
,,,170
,,,161
,,,255
,,,77
,,,4
,,,232
,,,209
,,,2
,,,132
,,,251
,,,251
,,,255
,,,169
,,,153
,,,255
,,,217
,,,209
,,,239
,,,208
,,,255
,,,197
,,,187
,,,255
,,,1
,,,22
,,,216
,,,195
,,,0
,,,160
,,,13
,,,73
,,,90
,,,199
,,,246
,,,141
,,,107
,,,117
,,,244
,,,145
,,,0
,,,59
,,,77
,,,255
,,,175
,,,87
,,,255
,,,86
,,,3
,,,2
,,,111
,,,255
,,,255
,,,127
,,,89
,,,163
,,,149
,,,110
,,,161
,,,209
,,,52
,,,110
,,,122
,,,0
,,,141
,,,122
,,,0
,,,88
,,,148
,,,253
,,,46
,,,54
,,,8
,,,198
,,,105
,,,127
,,,22
,,,192
,,,0
,,,75
,,,3
,,,10
,,,142
,,,161
,,,255
,,,255
,,,229
,,,183
,,,198
,,,130
,,,252
,,,104
,,,110
,,,168
,,,19
,,,58
,,,54
,,,52
,,,229
,,,0
,,,116
,,,0
,,,47
,,,21
,,,255
,,,123
,,,23
,,,146
,,,0
,,,181
,,,0
,,,177
,,,194
,,,204
,,,211
,,,192
,,,255
,,,243
,,,239
,,,128
,,,95
,,,170
,,,82
,,,217
,,,53
,,,63
,,,66
,,,120
,,,180
,,,244
,,,188
,,,64
,,,211
,,,64
,,,206
,,,211
,,,225
,,,68
,,,87
,,,4
,,,146
,,,217
,,,159
,,,255
,,,1
,,,129
,,,98
,,,178
,,,100
,,,175
,,,77
,,,229
,,,0
,,,47
,,,0
,,,36
,,,42
,,,0
,,,252
,,,255
,,,208
,,,149
,,,10
,,,0
,,,20
,,,209
,,,147
,,,197
,,,151
,,,8
,,,71
,,,232
,,,71
,,,220
,,,65
,,,19
,,,245
,,,247
,,,255
,,,118
,,,0
,,,87
,,,138
,,,151
,,,249
,,,252
,,,211
,,,185
,,,255
,,,37
,,,182
,,,109
,,,255
,,,52
,,,255
,,,224
,,,25
,,,255
,,,48
,,,197
,,,245
,,,42
,,,224
,,,0
,,,0
,,,122
,,,35
,,,227
,,,139
,,,2
,,,20
,,,39
,,,162
,,,0
,,,164
,,,228
,,,134
,,,122
,,,253
,,,208
,,,76
,,,71
,,,255
,,,254
,,,255
,,,238
,,,147
,,,255
,,,87
,,,1
,,,255
,,,128
,,,255
,,,177
,,,255
,,,163
,,,252
,,,192
,,,107
,,,131
,,,29
,,,255
,,,255
,,,138
,,,82
,,,230
,,,0
,,,187
,,,255
,,,50
,,,255
,,,38
,,,0
,,,255
,,,103
,,,107
,,,79
,,,227
,,,255
,,,242
,,,11
,,,255
,,,255
,,,211
,,,178
,,,5
,,,255
,,,76
,,,164
,,,209
,,,97
,,,146
,,,255
,,,170
,,,244
,,,255
,,,130
,,,212
,,,160
,,,255
,,,0
,,,37
,,,54
,,,235
,,,184
,,,127
,,,26
,,,12
,,,0
,,,255
,,,88
,,,133
,,,254
,,,254
,,,191
,,,167
,,,94
,,,40
,,,254
,,,218
,,,235
,,,39
,,,189
,,,2
,,,181
,,,55
,,,191
,,,192
,,,67
,,,3
,,,255
,,,126
,,,162
,,,124
,,,0
,,,180
,,,255
,,,68
,,,105
,,,67
,,,255
,,,252
,,,90
,,,87
,,,102
,,,125
,,,35
,,,93
,,,25
,,,154
,,,81
,,,3
,,,3
,,,185
,,,187
,,,0
,,,155
,,,243
,,,184
,,,116
,,,8
,,,107
,,,86
,,,34
,,,160
,,,191
,,,200
,,,1
,,,98
,,,174
,,,255
,,,255
,,,255
,,,116
,,,19
,,,191
,,,96
,,,37
,,,254
,,,87
,,,149
,,,178
,,,247
,,,112
,,,105
,,,160
,,,98
,,,205
,,,17
,,,107
,,,0
,,,108
,,,255
,,,0
,,,162
,,,255
,,,255
,,,130
,,,101
,,,22
,,,111
,,,122
,,,191
,,,254
,,,255
,,,3
,,,252
,,,83
,,,255
,,,254
,,,176
,,,158
,,,181
,,,70
,,,255
,,,0
,,,103
,,,208
,,,137
,,,25
,,,255
,,,6
,,,0
,,,158
,,,113
,,,26
,,,253
,,,69
,,,0
,,,33
,,,252
,,,236
,,,33
,,,109
,,,191
,,,50
,,,160
,,,255
,,,101
,,,80
,,,196
,,,169
,,,229
,,,253
,,,42
,,,111
,,,0
,,,106
,,,255
,,,128
,,,6
,,,162
,,,35
,,,179
,,,20
,,,80
,,,255
,,,255
,,,231
,,,254
,,,234
,,,147
,,,120
,,,55
,,,74
,,,211
,,,2
,,,194
,,,255
,,,209
,,,201
,,,23
,,,10
,,,130
,,,165
,,,131
,,,254
,,,94
,,,45
,,,97
,,,92
,,,152
,,,16
,,,255
,,,140
,,,71
,,,18
,,,184
,,,255
,,,244
,,,0
,,,136
,,,246
,,,150
,,,122
,,,244
,,,59
,,,82
,,,40
,,,0
,,,165
,,,240
,,,103
,,,241
,,,182
,,,161
,,,255
,,,117
,,,110
,,,184
,,,35
,,,226
,,,187
,,,97
,,,0
,,,0
,,,107
,,,190
,,,47
,,,29
,,,82
,,,52
,,,28
,,,229
,,,255
,,,9
,,,28
,,,57
,,,67
,,,255
,,,134
,,,36
,,,30
,,,255
,,,0
,,,87
,,,253
,,,21
,,,101
,,,90
,,,242
,,,76
,,,104
,,,255
,,,255
,,,255
,,,169
,,,203
,,,187
,,,0
,,,11
,,,0
,,,174
,,,220
,,,255
,,,255
,,,0
,,,46
,,,0
,,,108
,,,188
,,,77
,,,128
,,,226
,,,187
,,,208
,,,167
,,,87
,,,196
,,,208
,,,0
,,,209
,,,54
,,,39
,,,96
,,,0
,,,246
,,,89
,,,38
,,,0
,,,242
,,,69
,,,208
,,,236
,,,5
,,,77
,,,184
,,,255
,,,211
,,,126
,,,99
,,,24
,,,0
,,,90
,,,252
,,,132
,,,0
,,,98
,,,33
,,,0
,,,185
,,,119
,,,0
,,,229
,,,150
,,,127
,,,0
,,,50
,,,57
,,,115
,,,25
,,,143
,,,255
,,,146
,,,130
,,,54
,,,40
,,,185
,,,239
,,,16
,,,200
,,,0
,,,222
,,,101
,,,35
,,,246
,,,198
,,,13
,,,255
,,,218
,,,82
,,,42
,,,120
,,,143
,,,19
,,,162
,,,70
,,,0
,,,221
,,,140
,,,242
,,,91
,,,253
,,,69
,,,63
,,,255
,,,32
,,,183
,,,252
,,,62
,,,209
,,,198
,,,114
,,,255
,,,0
,,,19
,,,116
,,,117
,,,254
,,,205
,,,188
,,,3
,,,0
,,,255
,,,79
,,,160
,,,181
,,,145
,,,1
,,,35
,,,228
,,,53
,,,37
,,,0
,,,255
,,,227
,,,242
,,,9
,,,166
,,,196
,,,255
,,,133
,,,254
,,,255
,,,236
,,,17
,,,116
,,,170
,,,197
,,,255
,,,1
,,,67
,,,185
,,,47
,,,0
,,,0
,,,255
,,,68
,,,230
,,,217
,,,0
,,,211
,,,182
,,,110
,,,173
,,,135
,,,38
,,,184
,,,102
,,,225
,,,16
,,,255
,,,2
,,,255
,,,12
,,,173
,,,252
,,,255
,,,132
,,,254
,,,114
,,,114
,,,234
,,,255
,,,0
,,,55
,,,251
,,,103
,,,254
,,,195
,,,0
,,,204
,,,0
,,,254
,,,229
,,,63
,,,0
,,,82
,,,96
,,,155
,,,42
,,,51
,,,0
,,,244
,,,254
,,,174
,,,145
,,,152
,,,242
,,,83
,,,202
,,,151
,,,0
,,,183
,,,164
,,,179
,,,255
,,,104
,,,87
,,,84
,,,42
,,,255
,,,53
,,,197
,,,169
,,,186
,,,255
,,,141
,,,160
,,,67
,,,0
,,,1
,,,106
,,,211
,,,216
,,,252
,,,91
,,,0
,,,163
,,,10
,,,202
,,,24
,,,4
,,,102
,,,56
,,,23
,,,20
,,,0
,,,255
,,,148
,,,191
,,,248
,,,188
,,,195
,,,191
,,,238
,,,128
,,,253
,,,103
,,,252
,,,28
,,,255
,,,216
,,,0
,,,97
,,,127
,,,100
,,,76
,,,87
,,,74
,,,250
,,,238
,,,200
,,,223
,,,101
,,,133
,,,184
,,,255
,,,255
,,,37
,,,85
,,,0
,,,38
,,,120
,,,195
,,,69
,,,255
,,,56
,,,255
,,,0
,,,181
,,,38
,,,48
,,,36
,,,97
,,,254
,,,101
,,,109
,,,194
,,,255
,,,92
,,,53
,,,164
,,,235
,,,92
,,,102
,,,99
,,,255
,,,9
,,,208
,,,103
,,,219
,,,209
,,,255
,,,5
,,,121
,,,253
,,,0
,,,236
,,,37
,,,0
,,,236
,,,190
,,,26
,,,170
,,,0
,,,8
,,,35
,,,105
,,,98
,,,181
,,,255
,,,10
,,,0
,,,254
,,,250
,,,94
,,,189
,,,255
,,,37
,,,211
,,,134
,,,0
,,,95
,,,170
,,,255
,,,71
,,,255
,,,138
,,,118
,,,178
,,,36
,,,98
,,,205
,,,255
,,,22
,,,252
,,,1
,,,0
,,,197
,,,238
,,,63
,,,243
,,,58
,,,125
,,,134
,,,0
,,,221
,,,71
,,,194
,,,108
,,,205
,,,175
,,,203
,,,124
,,,247
,,,36
,,,188
,,,255
,,,19
,,,123
,,,18
,,,12
,,,13
,,,255
,,,36
,,,103
,,,89
,,,51
,,,209
,,,91
,,,255
,,,241
,,,0
,,,110
,,,208
,,,44
,,,76
,,,0
,,,241
,,,199
,,,182
,,,106
,,,79
,,,114
,,,40
,,,188
,,,165
,,,59
,,,36
,,,187
,,,35
,,,255
,,,0
,,,110
,,,181
,,,94
,,,123
,,,255
,,,187
,,,254
,,,88
,,,33
,,,84
,,,138
,,,189
,,,252
,,,91
,,,248
,,,255
,,,138
,,,254
,,,244
,,,180
,,,178
,,,183
,,,0
,,,96
,,,224
,,,246
,,,255
,,,126
,,,206
,,,188
,,,249
,,,35
,,,74
,,,164
,,,103
,,,199
,,,134
,,,108
,,,166
,,,255
,,,40
,,,142
,,,93
,,,254
,,,24
,,,255
,,,232
,,,39
,,,0
,,,100
,,,165
,,,177
,,,92
,,,254
,,,8
,,,250
,,,39
,,,175
,,,188
,,,73
,,,255
,,,17
,,,0
,,,164
,,,178
,,,228
,,,255
,,,28
,,,255
,,,251
,,,248
,,,210
,,,111
,,,248
,,,160
,,,129
,,,214
,,,24
,,,255
,,,255
,,,86
,,,255
,,,173
,,,203
,,,116
,,,0
,,,0
,,,90
,,,97
,,,25
,,,149
,,,132
,,,255
,,,215
,,,183
,,,121
,,,255
,,,254
,,,115
,,,255
,,,194
,,,255
,,,72
,,,0
,,,101
,,,159
,,,41
,,,84
,,,48
,,,244
,,,0
,,,0
,,,246
,,,40
,,,244
,,,0
,,,255
,,,100
,,,50
,,,161
,,,167
,,,140
,,,99
,,,98
,,,93
,,,94
,,,114
,,,98
,,,118
,,,255
,,,99
,,,248
,,,0
,,,0
,,,99
,,,164
,,,103
,,,0
,,,255
,,,199
,,,197
,,,97
,,,87
,,,255
,,,189
,,,35
,,,0
,,,101
,,,83
,,,75
,,,37
,,,245
,,,118
,,,42
,,,36
,,,12
,,,143
,,,14
,,,194
,,,0
,,,0
,,,205
,,,193
,,,254
,,,166
,,,198
,,,67
,,,85
,,,232
,,,123
,,,30
,,,0
,,,0
,,,25
,,,104
,,,149
,,,89
,,,201
,,,65
,,,55
,,,95
,,,180
,,,0
,,,253
,,,6
,,,9
,,,54
,,,113
,,,85
,,,59
,,,121
,,,108
,,,47
,,,140
,,,169
,,,51
,,,165
,,,153
,,,42
,,,208
,,,255
,,,66
,,,195
,,,211
,,,88
,,,211
,,,77
,,,10
,,,134
,,,255
,,,239
,,,122
,,,255
,,,134
,,,255
,,,93
,,,253
,,,197
,,,255
,,,209
,,,177
,,,0
,,,12
,,,122
,,,121
,,,200
,,,0
,,,178
,,,86
,,,6
,,,16
,,,135
,,,157
,,,157
,,,1
,,,101
,,,0
,,,90
,,,8
,,,58
,,,0
,,,170
,,,32
,,,137
,,,74
,,,161
,,,116
,,,181
,,,145
,,,49
,,,255
,,,109
,,,53
,,,0
,,,255
,,,77
,,,255
,,,147
,,,0
,,,50
,,,177
,,,255
,,,0
,,,169
,,,248
,,,254
,,,104
,,,166
,,,2
,,,0
,,,0
,,,239
,,,212
,,,80
,,,15
,,,0
,,,162
,,,72
,,,7
,,,99
,,,211
,,,152
,,,155
,,,252
,,,180
,,,229
,,,169
,,,101
,,,215
,,,66
,,,255
,,,54
,,,155
,,,0
,,,79
,,,0
,,,146
,,,40
,,,49
,,,253
,,,169
,,,51
,,,164
,,,49
,,,194
,,,148
,,,72
,,,141
,,,245
,,,34
,,,82
,,,255
,,,66
,,,30
,,,236
,,,196
,,,75
,,,255
,,,106
,,,116
,,,34
,,,255
,,,109
,,,167
,,,214
,,,83
,,,6
,,,208
,,,147
,,,166
,,,209
,,,0
,,,0
,,,0
,,,145
,,,138
,,,0
,,,41
,,,210
,,,2
,,,48
,,,0
,,,37
,,,193
,,,92
,,,211
,,,2
,,,126
,,,216
,,,45
,,,25
,,,113
,,,8
,,,157
,,,172
,,,234
,,,179
,,,254
,,,1
,,,2
,,,65
,,,121
,,,244
,,,159
,,,171
,,,255
,,,149
,,,0
,,,248
,,,49
,,,209
,,,255
,,,184
,,,255
,,,0
,,,0
,,,248
,,,230
,,,121
,,,142
,,,42
,,,190
,,,255
,,,192
,,,53
,,,200
,,,0
,,,0
,,,255
,,,23
,,,0
,,,15
,,,61
,,,218
,,,92
,,,44
,,,53
,,,42
,,,136
,,,28
,,,21
,,,170
,,,55
,,,77
,,,111
,,,198
,,,189
,,,255
,,,0
,,,70
,,,204
,,,254
,,,194
,,,211
,,,133
,,,214
,,,231
,,,57
,,,202
,,,255
,,,8
,,,255
,,,0
,,,212
,,,230
,,,58
,,,0
,,,117
,,,238
,,,6
,,,104
,,,163
,,,185
,,,251
,,,200
,,,26
,,,1
,,,177
,,,61
,,,174
,,,254
,,,197
,,,255
,,,149
,,,101
,,,254
,,,104
,,,255
,,,96
,,,133
,,,244
,,,197
,,,156
,,,138
,,,0
,,,167
,,,103
,,,255
,,,133
,,,26
,,,85
,,,118
,,,253
,,,24
,,,16
,,,223
,,,216
,,,93
,,,241
,,,171
,,,104
,,,154
,,,250
,,,66
,,,25
,,,152
,,,0
,,,24
,,,46
,,,217
,,,34
,,,77
,,,212
,,,253
,,,4
,,,127
,,,209
,,,0
,,,26
,,,117
,,,39
,,,14
,,,0
,,,254
,,,19
,,,165
,,,255
,,,65
,,,149
,,,14
,,,100
,,,0
,,,0
,,,236
,,,103
,,,76
,,,5
,,,32
,,,0
,,,255
,,,0
,,,255
,,,174
,,,0
,,,200
,,,39
,,,224
,,,63
,,,209
,,,253
,,,146
,,,255
,,,65
,,,103
,,,183
,,,173
,,,184
,,,1
,,,53
,,,16
,,,127
,,,60
,,,238
,,,211
,,,103
,,,189
,,,255
,,,0
,,,0
,,,113
,,,137
,,,101
,,,187
,,,157
,,,48
,,,185
,,,137
,,,120
,,,0
,,,45
,,,57
,,,4
,,,149
,,,70
,,,255
,,,144
,,,26
,,,196
,,,2
,,,7
,,,121
,,,1
,,,255
,,,170
,,,211
,,,0
,,,2
,,,146
,,,90
,,,132
,,,209
,,,213
,,,51
,,,250
,,,8
,,,96
,,,197
,,,85
,,,113
,,,64
,,,136
,,,255
,,,92
,,,189
,,,223
,,,171
,,,4
,,,61
,,,255
,,,255
,,,0
,,,202
,,,251
,,,86
,,,56
,,,37
,,,94
,,,152
,,,49
,,,32
,,,192
,,,222
,,,184
,,,98
,,,84
,,,82
,,,132
,,,92
,,,190
,,,140
,,,11
,,,14
,,,183
,,,6
,,,255
,,,146
,,,222
,,,255
,,,201
,,,255
,,,45
,,,8
,,,99
,,,199
,,,231
,,,238
,,,255
,,,255
,,,1
,,,0
,,,76
,,,0
,,,160
,,,67
,,,109
,,,74
,,,130
,,,3
,,,162
,,,79
,,,6
,,,251
,,,167
,,,196
,,,114
,,,254
,,,184
,,,0
,,,30
,,,149
,,,255
,,,58
,,,129
,,,255
,,,2
,,,132
,,,245
,,,252
,,,59
,,,255
,,,203
,,,34
,,,1
,,,253
,,,188
,,,67
,,,114
,,,255
,,,86
,,,74
,,,111
,,,0
,,,254
,,,111
,,,67
,,,183
,,,83
,,,194
,,,255
,,,173
,,,125
,,,77
,,,211
,,,45
,,,185
,,,255
,,,135
,,,173
,,,43
,,,47
,,,195
,,,225
,,,76
,,,173
,,,149
,,,36
,,,4
,,,255
,,,183
,,,215
,,,179
,,,197
,,,121
,,,111
,,,255
,,,114
,,,232
,,,49
,,,142
,,,91
,,,255
,,,227
,,,0
,,,29
,,,255
,,,0
,,,255
,,,255
,,,254
,,,7
,,,126
,,,0
,,,165
,,,211
,,,151
,,,73
,,,7
,,,0
,,,39
,,,198
,,,20
,,,251
,,,253
,,,135
,,,162
,,,109
,,,255
,,,244
,,,0
,,,125
,,,182
,,,0
,,,240
,,,182
,,,255
,,,13
,,,125
,,,255
,,,6
,,,21
,,,0
,,,170
,,,61
,,,255
,,,0
,,,96
,,,179
,,,119
,,,11
,,,147
,,,0
,,,132
,,,80
,,,0
,,,104
,,,117
,,,143
,,,254
,,,144
,,,243
,,,128
,,,0
,,,138
,,,159
,,,254
,,,254
,,,57
,,,161
,,,248
,,,255
,,,79
,,,255
,,,0
,,,0
,,,131
,,,53
,,,207
,,,63
,,,0
,,,84
,,,0
,,,190
,,,0
,,,0
,,,252
,,,169
,,,0
,,,148
,,,49
,,,7
,,,20
,,,245
,,,180
,,,44
,,,255
,,,97
,,,104
,,,90
,,,131
,,,110
,,,137
,,,40
,,,97
,,,179
,,,12
,,,255
,,,131
,,,3
,,,146
,,,223
,,,255
,,,182
,,,74
,,,0
,,,35
,,,175
,,,114
,,,208
,,,139
,,,242
,,,4
,,,115
,,,244
,,,60
,,,4
,,,73
,,,46
,,,255
,,,128
,,,0
,,,129
,,,19
,,,115
,,,255
,,,37
,,,82
,,,122
,,,244
,,,36
,,,209
,,,92
,,,114
,,,173
,,,143
,,,253
,,,94
,,,38
,,,84
,,,255
,,,72
,,,0
,,,118
,,,240
,,,255
,,,28
,,,86
,,,232
,,,255
,,,199
,,,115
,,,116
,,,118
,,,252
,,,254
,,,73
,,,153
,,,0
,,,0
,,,178
,,,221
,,,12
,,,122
,,,212
,,,251
,,,0
,,,255
,,,101
,,,130
,,,0
,,,86
,,,255
,,,78
,,,14
,,,145
,,,201
,,,255
,,,184
,,,247
,,,246
,,,106
,,,248
,,,227
,,,232
,,,35
,,,37
,,,123
,,,135
,,,69
,,,202
,,,87
,,,54
,,,14
,,,152
,,,68
,,,255
,,,248
,,,208
,,,252
,,,250
,,,95
,,,180
,,,165
,,,0
,,,243
,,,255
,,,210
,,,180
,,,211
,,,116
,,,138
,,,176
,,,67
,,,6
,,,37
,,,162
,,,255
,,,229
,,,93
,,,163
,,,126
,,,53
,,,0
,,,8
,,,89
,,,31
,,,14
,,,227
,,,247
,,,212
,,,36
,,,10
,,,96
,,,44
,,,187
,,,188
,,,236
,,,93
,,,255
,,,135
,,,158
,,,194
,,,76
,,,97
,,,12
,,,206
,,,115
,,,149
,,,93
,,,167
,,,246
,,,82
,,,255
,,,0
,,,255
,,,77
,,,255
,,,214
,,,125
,,,122
,,,94
,,,85
,,,255
,,,120
,,,45
,,,94
,,,146
,,,59
,,,0
,,,40
,,,85
,,,149
,,,0
,,,89
,,,216
,,,113
,,,103
,,,209
,,,0
,,,0
,,,104
,,,54
,,,65
,,,2
,,,219
,,,56
,,,189
,,,157
,,,230
,,,82
,,,175
,,,0
,,,94
,,,0
,,,0
,,,1
,,,53
,,,43
,,,0
,,,2
,,,254
,,,255
,,,0
,,,254
,,,255
,,,1
,,,109
,,,66
,,,0
,,,45
,,,53
,,,104
,,,37
,,,252
,,,0
,,,127
,,,184
,,,192
,,,255
,,,255
,,,156
,,,0
,,,2
,,,159
,,,255
,,,87
,,,225
,,,92
,,,192
,,,192
,,,213
,,,194
,,,195
,,,94
,,,161
,,,125
,,,255
,,,87
,,,255
,,,255
,,,141
,,,0
,,,197
,,,116
,,,197
,,,109
,,,107
,,,255
,,,194
,,,35
,,,0
,,,217
,,,0
,,,234
,,,190
,,,145
,,,0
,,,75
,,,203
,,,131
,,,228
,,,148
,,,197
,,,135
,,,255
,,,255
,,,146
,,,25
,,,131
,,,22
,,,255
,,,55
,,,57
,,,0
,,,94
,,,255
,,,0
,,,138
,,,202
,,,133
,,,94
,,,179
,,,0
,,,254
,,,26
,,,8
,,,59
,,,180
,,,117
,,,158
,,,140
,,,251
,,,29
,,,145
,,,79
,,,122
,,,31
,,,0
,,,82
,,,178
,,,254
,,,30
,,,0
,,,255
,,,0
,,,1
,,,7
,,,0
,,,169
,,,4
,,,199
,,,0
,,,253
,,,226
,,,95
,,,159
,,,93
,,,255
,,,40
,,,233
,,,226
,,,120
,,,0
,,,98
,,,255
,,,217
,,,147
,,,53
,,,1
,,,17
,,,58
,,,75
,,,145
,,,199
,,,9
,,,129
,,,117
,,,111
,,,55
,,,130
,,,4
,,,76
,,,97
,,,248
,,,255
,,,159
,,,17
,,,29
,,,102
,,,204
,,,128
,,,93
,,,222
,,,5
,,,25
,,,0
,,,68
,,,24
,,,26
,,,185
,,,101
,,,251
,,,98
,,,56
,,,0
,,,209
,,,71
,,,252
,,,166
,,,247
,,,48
,,,255
,,,6
,,,138
,,,9
,,,255
,,,117
,,,184
,,,76
,,,234
,,,15
,,,0
,,,97
,,,10
,,,184
,,,108
,,,0
,,,57
,,,246
,,,165
,,,198
,,,183
,,,179
,,,254
,,,253
,,,160
,,,72
,,,40
,,,26
,,,220
,,,98
,,,149
,,,71
,,,47
,,,48
,,,92
,,,157
,,,8
,,,97
,,,31
,,,105
,,,255
,,,216
,,,39
,,,171
,,,193
,,,255
,,,61
,,,115
,,,185
,,,0
,,,254
,,,249
,,,0
,,,55
,,,218
,,,88
,,,8
,,,160
,,,48
,,,49
,,,106
,,,5
,,,198
,,,105
,,,119
,,,80
,,,255
,,,87
,,,199
,,,127
,,,255
,,,255
,,,33
,,,2
,,,255
,,,86
,,,255
,,,5
,,,239
,,,56
,,,251
,,,16
,,,110
,,,78
,,,167
,,,255
,,,255
,,,89
,,,50
,,,61
,,,173
,,,0
,,,71
,,,133
,,,54
,,,176
,,,207
,,,255
,,,183
,,,251
,,,199
,,,99
,,,251
,,,197
,,,75
,,,254
,,,223
,,,234
,,,224
,,,123
,,,217
,,,89
,,,122
,,,62
,,,12
,,,235
,,,98
,,,62
,,,111
,,,164
,,,200
,,,237
,,,178
,,,98
,,,25
,,,165
,,,152
,,,28
,,,24
,,,205
,,,220
,,,253
,,,119
,,,59
,,,255
,,,114
,,,40
,,,78
,,,243
,,,242
,,,56
,,,4
,,,94
,,,215
,,,117
,,,54
,,,57
,,,43
,,,254
,,,139
,,,64
,,,1
,,,93
,,,139
,,,235
,,,121
,,,198
,,,242
,,,48
,,,69
,,,37
,,,92
,,,197
,,,92
,,,250
,,,142
,,,50
,,,182
,,,156
,,,2
,,,109
,,,255
,,,245
,,,12
,,,123
,,,113
,,,0
,,,111
,,,229
,,,90
,,,24
,,,247
,,,242
,,,14
,,,149
,,,108
,,,19
,,,61
,,,190
,,,252
,,,27
,,,193
,,,200
,,,73
,,,0
,,,255
,,,117
,,,255
,,,39
,,,0
,,,114
,,,215
,,,145
,,,199
,,,0
,,,173
,,,113
,,,19
,,,50
,,,92
,,,116
,,,228
,,,34
,,,140
,,,223
,,,133
,,,97
,,,2
,,,202
,,,255
,,,54
,,,97
,,,244
,,,255
,,,24
,,,24
,,,147
,,,217
,,,2
,,,164
,,,131
,,,4
,,,175
,,,21
,,,230
,,,255
,,,8
,,,104
,,,128
,,,37
,,,4
,,,0
,,,28
,,,140
,,,160
,,,76
,,,206
,,,255
,,,34
,,,86
,,,211
,,,0
,,,86
,,,255
,,,179
,,,252
,,,0
,,,7
,,,67
,,,104
,,,33
,,,146
,,,189
,,,0
,,,172
,,,59
,,,88
,,,227
,,,6
,,,255
,,,78
,,,195
,,,95
,,,123
,,,103
,,,0
,,,241
,,,228
,,,0
,,,123
,,,41
,,,230
,,,11
,,,131
,,,33
,,,238
,,,203
,,,158
,,,42
,,,244
,,,13
,,,0
,,,77
,,,30
,,,0
,,,69
,,,0
,,,29
,,,116
,,,0
,,,252
,,,144
,,,120
,,,40
,,,13
,,,147
,,,171
,,,162
,,,255
,,,211
,,,92
,,,255
,,,36
,,,168
,,,254
,,,64
,,,231
,,,255
,,,245
,,,209
,,,203
,,,44
,,,2
,,,10
,,,54
,,,59
,,,39
,,,49
,,,80
,,,60
,,,0
,,,149
,,,11
,,,230
,,,191
,,,2
,,,104
,,,212
,,,143
,,,66
,,,148
,,,8
,,,117
,,,210
,,,50
,,,196
,,,33
,,,34
,,,48
,,,142
,,,135
,,,221
,,,94
,,,0
,,,149
,,,83
,,,0
,,,0
,,,0
,,,255
,,,129
,,,249
,,,0
,,,255
,,,233
,,,79
,,,208
,,,14
,,,255
,,,0
,,,232
,,,151
,,,104
,,,203
,,,29
,,,255
,,,222
,,,46
,,,227
,,,255
,,,0
,,,161
,,,0
,,,121
,,,165
,,,132
,,,75
,,,211
,,,13
,,,0
,,,129
,,,160
,,,74
,,,251
,,,240
,,,147
,,,100
,,,9
,,,100
,,,79
,,,115
,,,95
,,,15
,,,203
,,,255
,,,93
,,,255
,,,0
,,,252
,,,1
,,,103
,,,210
,,,165
,,,91
,,,74
,,,164
,,,217
,,,87
,,,129
,,,54
,,,66
,,,127
,,,252
,,,98
,,,50
,,,160
,,,115
,,,255
,,,4
,,,113
,,,8
,,,179
,,,57
,,,79
,,,172
,,,0
,,,123
,,,183
,,,5
,,,91
,,,116
,,,255
,,,101
,,,171
,,,252
,,,0
,,,255
,,,31
,,,208
,,,3
,,,131
,,,87
,,,10
,,,30
,,,86
,,,221
,,,38
,,,210
,,,86
,,,249
,,,211
,,,140
,,,69
,,,210
,,,0
,,,32
,,,0
,,,103
,,,86
,,,161
,,,255
,,,78
,,,109
,,,220
,,,132
,,,0
,,,73
,,,137
,,,255
,,,95
,,,131
,,,247
,,,74
,,,246
,,,138
,,,82
,,,255
,,,239
,,,205
,,,42
,,,0
,,,252
,,,253
,,,254
,,,111
,,,20
,,,90
,,,62
,,,91
,,,54
,,,218
,,,255
,,,186
,,,72
,,,205
,,,206
,,,0
,,,128
,,,38
,,,56
,,,255
,,,162
,,,104
,,,255
,,,39
,,,98
,,,186
,,,7
,,,29
,,,255
,,,83
,,,7
,,,105
,,,52
,,,244
,,,255
,,,209
,,,255
,,,255
,,,157
,,,0
,,,144
,,,0
,,,133
,,,0
,,,76
,,,31
,,,153
,,,68
,,,84
,,,103
,,,121
,,,0
,,,60
,,,157
,,,197
,,,199
,,,135
,,,135
,,,0
,,,211
,,,255
,,,40
,,,18
,,,130
,,,255
,,,254
,,,0
,,,111
,,,173
,,,197
,,,20
,,,108
,,,211
,,,195
,,,67
,,,255
,,,227
,,,105
,,,1
,,,220
,,,173
,,,251
,,,224
,,,221
,,,115
,,,237
,,,5
,,,150
,,,255
,,,211
,,,248
,,,255
,,,19
,,,153
,,,231
,,,105
,,,130
,,,0
,,,169
,,,36
,,,90
,,,66
,,,156
,,,64
,,,29
,,,149
,,,255
,,,86
,,,254
,,,0
,,,199
,,,46
,,,6
,,,3
,,,99
,,,166
,,,255
,,,158
,,,189
,,,185
,,,0
,,,84
,,,30
,,,77
,,,74
,,,170
,,,139
,,,98
,,,248
,,,255
,,,0
,,,6
,,,96
,,,0
,,,69
,,,0
,,,60
,,,58
,,,0
,,,114
,,,0
,,,29
,,,124
,,,219
,,,0
,,,133
,,,156
,,,255
,,,255
,,,254
,,,136
,,,192
,,,162
,,,161
,,,190
,,,238
,,,219
,,,53
,,,255
,,,176
,,,24
,,,121
,,,209
,,,250
,,,230
,,,255
,,,147
,,,189
,,,255
,,,117
,,,2
,,,29
,,,53
,,,89
,,,199
,,,255
,,,155
,,,102
,,,12
,,,0
,,,1
,,,0
,,,12
,,,164
,,,43
,,,90
,,,0
,,,255
,,,84
,,,180
,,,141
,,,248
,,,22
,,,255
,,,73
,,,185
,,,116
,,,151
,,,172
,,,170
,,,57
,,,3
,,,23
,,,9
,,,255
,,,130
,,,255
,,,134
,,,205
,,,173
,,,252
,,,116
,,,255
,,,155
,,,181
,,,242
,,,184
,,,34
,,,179
,,,202
,,,84
,,,0
,,,188
,,,5
,,,222
,,,58
,,,255
,,,186
,,,23
,,,192
,,,88
,,,154
,,,85
,,,79
,,,0
,,,119
,,,188
,,,122
,,,150
,,,255
,,,21
,,,243
,,,113
,,,228
,,,211
,,,98
,,,33
,,,74
,,,178
,,,255
,,,0
,,,224
,,,134
,,,42
,,,110
,,,138
,,,255
,,,255
,,,83
,,,88
,,,247
,,,244
,,,182
,,,218
,,,252
,,,1
,,,89
,,,255
,,,120
,,,181
,,,255
,,,76
,,,225
,,,212
,,,217
,,,0
,,,79
,,,89
,,,29
,,,60
,,,172
,,,182
,,,250
,,,218
,,,110
,,,136
,,,251
,,,162
,,,76
,,,66
,,,0
,,,218
,,,120
,,,255
,,,83
,,,0
,,,255
,,,34
,,,120
,,,76
,,,39
,,,111
,,,255
,,,239
,,,223
,,,116
,,,149
,,,116
,,,32
,,,79
,,,212
,,,0
,,,0
,,,250
,,,102
,,,59
,,,104
,,,254
,,,246
,,,253
,,,214
,,,248
,,,216
,,,255
,,,160
,,,2
,,,172
,,,143
,,,94
,,,97
,,,66
,,,50
,,,100
,,,0
,,,189
,,,103
,,,0
,,,238
,,,154
,,,206
,,,4
,,,56
,,,216
,,,171
,,,171
,,,108
,,,227
,,,225
,,,51
,,,28
,,,0
,,,0
,,,25
,,,152
,,,0
,,,40
,,,252
,,,191
,,,56
,,,0
,,,254
,,,0
,,,207
,,,23
,,,255
,,,255
,,,0
,,,255
,,,224
,,,92
,,,68
,,,236
,,,119
,,,5
,,,255
,,,127
,,,190
,,,255
,,,66
,,,184
,,,248
,,,183
,,,190
,,,127
,,,109
,,,96
,,,75
,,,211
,,,33
,,,186
,,,194
,,,244
,,,255
,,,26
,,,255
,,,83
,,,252
,,,46
,,,116
,,,66
,,,149
,,,214
,,,83
,,,98
,,,35
,,,59
,,,58
,,,254
,,,248
,,,254
,,,13
,,,38
,,,85
,,,200
,,,48
,,,13
,,,36
,,,155
,,,210
,,,166
,,,255
,,,0
,,,104
,,,119
,,,36
,,,126
,,,244
,,,211
,,,7
,,,254
,,,219
,,,37
,,,5
,,,177
,,,255
,,,114
,,,199
,,,211
,,,141
,,,255
,,,55
,,,85
,,,97
,,,152
,,,229
,,,26
,,,173
,,,0
,,,80
,,,0
,,,245
,,,11
,,,7
,,,255
,,,10
,,,0
,,,138
,,,35
,,,255
,,,220
,,,254
,,,255
,,,232
,,,125
,,,204
,,,92
,,,125
,,,0
,,,66
,,,0
,,,2
,,,17
,,,71
,,,52
,,,0
,,,0
,,,108
,,,252
,,,64
,,,220
,,,226
,,,243
,,,119
,,,244
,,,17
,,,4
,,,132
,,,157
,,,54
,,,120
,,,38
,,,255
,,,85
,,,255
,,,252
,,,253
,,,27
,,,23
,,,254
,,,197
,,,110
,,,136
,,,225
,,,87
,,,170
,,,153
,,,130
,,,31
,,,255
,,,211
,,,1
,,,97
,,,1
,,,0
,,,254
,,,80
,,,255
,,,0
,,,52
,,,186
,,,193
,,,99
,,,95
,,,119
,,,67
,,,11
,,,85
,,,184
,,,104
,,,97
,,,218
,,,196
,,,89
,,,1
,,,173
,,,4
,,,48
,,,92
,,,219
,,,0
,,,229
,,,92
,,,193
,,,135
,,,55
,,,234
,,,255
,,,178
,,,38
,,,0
,,,32
,,,134
,,,254
,,,92
,,,231
,,,122
,,,255
,,,157
,,,115
,,,143
,,,89
,,,119
,,,14
,,,116
,,,201
,,,141
,,,183
,,,118
,,,0
,,,4
,,,255
,,,55
,,,154
,,,53
,,,253
,,,132
,,,237
,,,118
,,,106
,,,255
,,,196
,,,41
,,,169
,,,12
,,,247
,,,49
,,,173
,,,125
,,,210
,,,193
,,,235
,,,127
,,,0
,,,255
,,,59
,,,230
,,,251
,,,238
,,,80
,,,227
,,,251
,,,119
,,,226
,,,255
,,,82
,,,92
,,,17
,,,41
,,,123
,,,210
,,,0
,,,85
,,,79
,,,173
,,,255
,,,21
,,,254
,,,247
,,,255
,,,58
,,,0
,,,139
,,,196
,,,100
,,,58
,,,240
,,,148
,,,28
,,,229
,,,0
,,,205
,,,32
,,,130
,,,183
,,,43
,,,143
,,,29
,,,75
,,,28
,,,77
,,,0
,,,220
,,,35
,,,9
,,,210
,,,232
,,,122
,,,255
,,,82
,,,111
,,,218
,,,103
,,,74
,,,255
,,,51
,,,21
,,,255
,,,171
,,,253
,,,157
,,,0
,,,80
,,,197
,,,87
,,,152
,,,255
,,,53
,,,154
,,,117
,,,122
,,,226
,,,0
,,,120
,,,247
,,,253
,,,86
,,,202
,,,91
,,,255
,,,149
,,,186
,,,183
,,,170
,,,227
,,,97
,,,0
,,,151
,,,255
,,,197
,,,196
,,,0
,,,193
,,,82
,,,126
,,,61
,,,255
,,,192
,,,243
,,,193
,,,108
,,,218
,,,254
,,,202
,,,156
,,,201
,,,158
,,,199
,,,118
,,,163
,,,255
,,,4
,,,255
,,,255
,,,183
,,,29
,,,55
,,,174
,,,100
,,,0
,,,255
,,,1
,,,255
,,,141
,,,228
,,,36
,,,0
,,,123
,,,0
,,,137
,,,63
,,,248
,,,85
,,,255
,,,12
,,,255
,,,109
,,,3
,,,189
,,,134
,,,197
,,,184
,,,40
,,,175
,,,161
,,,76
,,,34
,,,8
,,,98
,,,0
,,,225
,,,255
,,,164
,,,255
,,,231
,,,82
,,,9
,,,128
,,,96
,,,94
,,,8
,,,64
,,,55
,,,141
,,,42
,,,99
,,,168
,,,150
,,,65
,,,39
,,,255
,,,226
,,,238
,,,181
,,,0
,,,116
,,,0
,,,36
,,,167
,,,54
,,,253
,,,48
,,,221
,,,209
,,,55
,,,242
,,,238
,,,255
,,,253
,,,241
,,,229
,,,254
,,,204
,,,209
,,,0
,,,164
,,,141
,,,10
,,,0
,,,213
,,,254
,,,69
,,,119
,,,43
,,,120
,,,80
,,,34
,,,0
,,,147
,,,22
,,,208
,,,25
,,,28
,,,255
,,,70
,,,255
,,,224
,,,87
,,,255
,,,242
,,,154
,,,254
,,,126
,,,221
,,,255
,,,40
,,,162
,,,129
,,,62
,,,225
,,,141
,,,175
,,,201
,,,62
,,,255
,,,90
,,,157
,,,196
,,,116
,,,253
,,,138
,,,255
,,,1
,,,109
,,,207
,,,219
,,,215
,,,175
,,,163
,,,255
,,,59
,,,0
,,,209
,,,102
,,,211
,,,192
,,,163
,,,154
,,,0
,,,255
,,,41
,,,12
,,,169
,,,12
,,,0
,,,125
,,,255
,,,20
,,,176
,,,253
,,,0
,,,0
,,,159
,,,140
,,,56
,,,168
,,,189
,,,159
,,,244
,,,163
,,,197
,,,76
,,,0
,,,110
,,,14
,,,255
,,,120
,,,75
,,,255
,,,8
,,,255
,,,255
,,,184
,,,228
,,,62
,,,255
,,,39
,,,121
,,,0
,,,250
,,,28
,,,34
,,,189
,,,0
,,,255
,,,173
,,,1
,,,255
,,,216
,,,0
,,,201
,,,112
,,,65
,,,18
,,,25
,,,142
,,,162
,,,194
,,,0
,,,255
,,,255
,,,170
,,,0
,,,40
,,,13
,,,253
,,,99
,,,75
,,,55
,,,244
,,,0
,,,0
,,,0
,,,201
,,,27
,,,0
,,,141
,,,0
,,,165
,,,169
,,,253
,,,130
,,,149
,,,255
,,,248
,,,0
,,,196
,,,255
,,,196
,,,5
,,,236
,,,169
,,,193
,,,216
,,,103
,,,1
,,,118
,,,13
,,,58
,,,221
,,,194
,,,61
,,,234
,,,37
,,,101
,,,0
,,,101
,,,252
,,,166
,,,142
,,,100
,,,64
,,,6
,,,39
,,,135
,,,254
,,,145
,,,214
,,,58
,,,227
,,,39
,,,251
,,,11
,,,179
,,,249
,,,187
,,,114
,,,211
,,,180
,,,8
,,,123
,,,81
,,,0
,,,87
,,,244
,,,241
,,,159
,,,255
,,,77
,,,0
,,,255
,,,255
,,,176
,,,14
,,,61
,,,13
,,,174
,,,32
,,,189
,,,144
,,,149
,,,151
,,,189
,,,238
,,,107
,,,89
,,,32
,,,254
,,,189
,,,234
,,,0
,,,22
,,,255
,,,12
,,,59
,,,145
,,,247
,,,43
,,,0
,,,166
,,,42
,,,29
,,,255
,,,166
,,,113
,,,255
,,,93
,,,182
,,,26
,,,32
,,,220
,,,109
,,,255
,,,255
,,,25
,,,0
,,,19
,,,210
,,,148
,,,255
,,,107
,,,131
,,,207
,,,232
,,,147
,,,41
,,,128
,,,255
,,,255
,,,133
,,,71
,,,39
,,,242
,,,58
,,,106
,,,30
,,,0
,,,26
,,,218
,,,60
,,,33
,,,181
,,,255
,,,150
,,,243
,,,193
,,,58
,,,255
,,,23
,,,71
,,,25
,,,6
,,,77
,,,197
,,,59
,,,14
,,,199
,,,235
,,,101
,,,49
,,,165
,,,16
,,,138
,,,168
,,,239
,,,157
,,,142
,,,255
,,,18
,,,0
,,,74
,,,39
,,,2
,,,253
,,,240
,,,207
,,,171
,,,127
,,,20
,,,26
,,,105
,,,110
,,,150
,,,164
,,,98
,,,193
,,,0
,,,140
,,,81
,,,6
,,,255
,,,255
,,,156
,,,255
,,,255
,,,0
,,,211
,,,123
,,,63
,,,131
,,,196
,,,0
,,,209
,,,8
,,,12
,,,15
,,,39
,,,50
,,,184
,,,94
,,,90
,,,98
,,,0
,,,147
,,,65
,,,232
,,,0
,,,38
,,,38
,,,226
,,,0
,,,8
,,,255
,,,255
,,,116
,,,203
,,,251
,,,0
,,,0
,,,73
,,,4
,,,94
,,,59
,,,242
,,,51
,,,180
,,,237
,,,146
,,,92
,,,45
,,,0
,,,198
,,,179
,,,204
,,,193
,,,115
,,,190
,,,249
,,,255
,,,255
,,,155
,,,255
,,,85
,,,155
,,,219
,,,211
,,,67
,,,0
,,,61
,,,176
,,,122
,,,16
,,,36
,,,251
,,,0
,,,9
,,,25
,,,0
,,,111
,,,118
,,,218
,,,224
,,,96
,,,178
,,,255
,,,246
,,,140
,,,131
,,,127
,,,218
,,,184
,,,58
,,,203
,,,47
,,,176
,,,191
,,,248
,,,74
,,,168
,,,177
,,,8
,,,115
,,,155
,,,254
,,,140
,,,28
,,,184
,,,0
,,,181
,,,0
,,,227
,,,114
,,,204
,,,3
,,,40
,,,165
,,,246
,,,29
,,,255
,,,47
,,,15
,,,19
,,,202
,,,255
,,,196
,,,80
,,,0
,,,0
,,,34
,,,87
,,,154
,,,162
,,,71
,,,211
,,,211
,,,255
,,,0
,,,86
,,,29
,,,13
,,,82
,,,87
,,,246
,,,242
,,,93
,,,123
,,,220
,,,190
,,,22
,,,250
,,,196
,,,255
,,,148
,,,96
,,,255
,,,186
,,,255
,,,255
,,,255
,,,68
,,,32
,,,109
,,,141
,,,92
,,,81
,,,92
,,,28
,,,211
,,,109
,,,255
,,,114
,,,176
,,,137
,,,255
,,,244
,,,254
,,,251
,,,255
,,,241
,,,0
,,,141
,,,70
,,,255
,,,141
,,,118
,,,126
,,,143
,,,51
,,,80
,,,176
,,,144
,,,54
,,,0
,,,6
,,,0
,,,25
,,,37
,,,156
,,,42
,,,41
,,,53
,,,78
,,,123
,,,7
,,,3
,,,188
,,,124
,,,126
,,,223
,,,209
,,,255
,,,26
,,,236
,,,72
,,,31
,,,131
,,,1
,,,76
,,,231
,,,0
,,,69
,,,132
,,,144
,,,8
,,,1
,,,253
,,,164
,,,174
,,,218
,,,168
,,,247
,,,195
,,,42
,,,22
,,,160
,,,220
,,,18
,,,255
,,,246
,,,26
,,,25
,,,255
,,,255
,,,193
,,,137
,,,83
,,,189
,,,119
,,,182
,,,135
,,,244
,,,202
,,,75
,,,37
,,,0
,,,0
,,,181
,,,94
,,,232
,,,0
,,,79
,,,113
,,,253
,,,243
,,,160
,,,255
,,,167
,,,22
,,,255
,,,244
,,,20
,,,226
,,,83
,,,0
,,,198
,,,255
,,,99
,,,242
,,,127
,,,2
,,,10
,,,255
,,,38
,,,91
,,,89
,,,254
,,,233
,,,98
,,,36
,,,0
,,,166
,,,105
,,,255
,,,219
,,,153
,,,69
,,,0
,,,157
,,,151
,,,121
,,,254
,,,255
,,,255
,,,5
,,,64
,,,85
,,,254
,,,110
,,,255
,,,255
,,,155
,,,197
,,,227
,,,3
,,,0
,,,68
,,,127
,,,185
,,,49
,,,131
,,,211
,,,92
,,,114
,,,162
,,,240
,,,198
,,,255
,,,109
,,,90
,,,244
,,,67
,,,253
,,,122
,,,120
,,,94
,,,118
,,,75
,,,178
,,,0
,,,208
,,,243
,,,175
,,,26
,,,122
,,,104
,,,70
,,,40
,,,92
,,,196
,,,220
,,,255
,,,4
,,,116
,,,143
,,,255
,,,0
,,,255
,,,134
,,,60
,,,255
,,,180
,,,135
,,,31
,,,4
,,,255
,,,152
,,,55
,,,85
,,,18
,,,25
,,,196
,,,29
,,,234
,,,0
,,,143
,,,253
,,,157
,,,229
,,,88
,,,254
,,,157
,,,126
,,,5
,,,120
,,,0
,,,169
,,,255
,,,255
,,,68
,,,117
,,,249
,,,29
,,,168
,,,255
,,,1
,,,27
,,,255
,,,112
,,,3
,,,62
,,,253
,,,197
,,,255
,,,229
,,,24
,,,158
,,,43
,,,20
,,,211
,,,100
,,,30
,,,114
,,,173
,,,59
,,,248
,,,199
,,,175
,,,255
,,,193
,,,182
,,,172
,,,114
,,,52
,,,0
,,,156
,,,255
,,,120
,,,251
,,,199
,,,79
,,,198
,,,248
,,,136
,,,232
,,,217
,,,1
,,,184
,,,255
,,,78
,,,113
,,,255
,,,72
,,,182
,,,40
,,,228
,,,92
,,,210
,,,26
,,,222
,,,195
,,,227
,,,129
,,,255
,,,255
,,,119
,,,168
,,,233
,,,255
,,,55
,,,196
,,,155
,,,127
,,,95
,,,187
,,,174
,,,255
,,,22
,,,217
,,,62
,,,213
,,,82
,,,137
,,,184
,,,88
,,,210
,,,40
,,,160
,,,173
,,,26
,,,210
,,,251
,,,203
,,,3
,,,185
,,,94
,,,164
,,,56
,,,110
,,,52
,,,79
,,,107
,,,87
,,,59
,,,229
,,,233
,,,146
,,,76
,,,0
,,,99
,,,0
,,,232
,,,192
,,,28
,,,111
,,,43
,,,87
,,,209
,,,194
,,,67
,,,40
,,,164
,,,150
,,,218
,,,255
,,,138
,,,216
,,,200
,,,208
,,,171
,,,123
,,,149
,,,167
,,,205
,,,224
,,,85
,,,164
,,,236
,,,191
,,,203
,,,24
,,,255
,,,255
,,,179
,,,255
,,,255
,,,42
,,,145
,,,164
,,,255
,,,252
,,,124
,,,112
,,,73
,,,191
,,,0
,,,36
,,,138
,,,176
,,,53
,,,225
,,,113
,,,182
,,,25
,,,79
,,,255
,,,76
,,,199
,,,159
,,,39
,,,0
,,,11
,,,255
,,,193
,,,0
,,,92
,,,158
,,,189
,,,96
,,,1
,,,249
,,,96
,,,176
,,,3
,,,81
,,,202
,,,254
,,,74
,,,178
,,,93
,,,91
,,,245
,,,0
,,,195
,,,255
,,,196
,,,255
,,,104
,,,59
,,,223
,,,254
,,,187
,,,255
,,,72
,,,31
,,,194
,,,0
,,,250
,,,216
,,,165
,,,158
,,,113
,,,211
,,,255
,,,255
,,,177
,,,157
,,,0
,,,125
,,,212
,,,246
,,,0
,,,120
,,,196
,,,140
,,,249
,,,238
,,,13
,,,133
,,,212
,,,135
,,,253
,,,95
,,,255
,,,178
,,,94
,,,118
,,,195
,,,165
,,,0
,,,143
,,,55
,,,201
,,,196
,,,134
,,,197
,,,243
,,,209
,,,99
,,,178
,,,94
,,,239
,,,238
,,,79
,,,85
,,,54
,,,255
,,,0
,,,253
,,,130
,,,202
,,,138
,,,67
,,,250
,,,170
,,,234
,,,0
,,,58
,,,164
,,,139
,,,0
,,,0
,,,140
,,,0
,,,77
,,,254
,,,107
,,,195
,,,79
,,,197
,,,248
,,,58
,,,246
,,,101
,,,0
,,,60
,,,253
,,,89
,,,197
,,,61
,,,133
,,,0
,,,255
,,,103
,,,92
,,,211
,,,0
,,,199
,,,179
,,,88
,,,200
,,,0
,,,66
,,,43
,,,176
,,,89
,,,255
,,,76
,,,252
,,,245
,,,48
,,,255
,,,50
,,,169
,,,0
,,,63
,,,246
,,,158
,,,42
,,,175
,,,0
,,,82
,,,231
,,,244
,,,20
,,,255
,,,123
,,,104
,,,163
,,,77
,,,229
,,,255
,,,254
,,,110
,,,246
,,,202
,,,160
,,,101
,,,200
,,,210
,,,202
,,,209
,,,234
,,,38
,,,86
,,,253
,,,78
,,,62
,,,245
,,,39
,,,77
,,,59
,,,187
,,,137
,,,255
,,,109
,,,0
,,,216
,,,250
,,,252
,,,254
,,,104
,,,176
,,,59
,,,61
,,,209
,,,2
,,,255
,,,30
,,,252
,,,237
,,,255
,,,30
,,,77
,,,255
,,,80
,,,0
,,,49
,,,165
,,,0
,,,0
,,,30
,,,114
,,,0
,,,141
,,,146
,,,255
,,,106
,,,132
,,,201
,,,143
,,,0
,,,82
,,,255
,,,0
,,,104
,,,107
,,,245
,,,101
,,,44
,,,255
,,,45
,,,255
,,,116
,,,249
,,,225
,,,99
,,,222
,,,251
,,,106
,,,250
,,,193
,,,255
,,,200
,,,37
,,,208
,,,233
,,,197
,,,21
,,,18
,,,207
,,,211
,,,109
,,,5
,,,66
,,,208
,,,149
,,,255
,,,255
,,,116
,,,1
,,,113
,,,166
,,,207
,,,85
,,,253
,,,148
,,,114
,,,95
,,,88
,,,0
,,,200
,,,101
,,,101
,,,255
,,,60
,,,30
,,,154
,,,105
,,,7
,,,149
,,,21
,,,229
,,,124
,,,255
,,,147
,,,195
,,,101
,,,174
,,,202
,,,112
,,,255
,,,0
,,,255
,,,0
,,,49
,,,210
,,,51
,,,0
,,,255
,,,144
,,,133
,,,185
,,,43
,,,66
,,,1
,,,239
,,,255
,,,0
,,,212
,,,226
,,,209
,,,151
,,,79
,,,180
,,,210
,,,47
,,,195
,,,226
,,,246
,,,37
,,,165
,,,0
,,,255
,,,219
,,,99
,,,162
,,,50
,,,213
,,,0
,,,31
,,,0
,,,2
,,,64
,,,110
,,,42
,,,104
,,,173
,,,255
,,,255
,,,77
,,,253
,,,102
,,,123
,,,59
,,,46
,,,27
,,,0
,,,208
,,,186
,,,243
,,,180
,,,45
,,,255
,,,207
,,,248
,,,181
,,,12
,,,79
,,,196
,,,209
,,,165
,,,10
,,,211
,,,1
,,,201
,,,251
,,,180
,,,65
,,,23
,,,139
,,,86
,,,23
,,,229
,,,55
,,,101
,,,0
,,,0
,,,79
,,,244
,,,19
,,,253
,,,146
,,,76
,,,51
,,,0
,,,195
,,,253
,,,68
,,,162
,,,197
,,,255
,,,255
,,,0
,,,52
,,,105
,,,209
,,,255
,,,112
,,,137
,,,97
,,,228
,,,190
,,,244
,,,246
,,,255
,,,170
,,,161
,,,7
,,,74
,,,123
,,,255
,,,193
,,,143
,,,98
,,,255
,,,69
,,,255
,,,236
,,,253
,,,242
,,,0
,,,0
,,,146
,,,0
,,,196
,,,254
,,,10
,,,37
,,,255
,,,150
,,,255
,,,255
,,,55
,,,1
,,,123
,,,32
,,,56
,,,198
,,,95
,,,155
,,,97
,,,254
,,,252
,,,158
,,,26
,,,169
,,,224
,,,111
,,,243
,,,37
,,,162
,,,239
,,,233
,,,156
,,,40
,,,78
,,,2
,,,139
,,,98
,,,42
,,,246
,,,123
,,,115
,,,254
,,,8
,,,148
,,,95
,,,134
,,,0
,,,41
,,,246
,,,97
,,,165
,,,196
,,,161
,,,153
,,,152
,,,230
,,,229
,,,137
,,,247
,,,28
,,,15
,,,69
,,,106
,,,161
,,,253
,,,6
,,,36
,,,164
,,,133
,,,136
,,,254
,,,189
,,,96
,,,183
,,,242
,,,236
,,,21
,,,94
,,,76
,,,255
,,,39
,,,27
,,,0
,,,186
,,,134
,,,78
,,,217
,,,223
,,,254
,,,33
,,,12
,,,66
,,,224
,,,88
,,,170
,,,140
,,,211
,,,0
,,,4
,,,17
,,,0
,,,96
,,,18
,,,0
,,,72
,,,114
,,,0
,,,36
,,,12
,,,255
,,,109
,,,253
,,,0
,,,51
,,,88
,,,255
,,,253
,,,0
,,,106
,,,204
,,,20
,,,91
,,,203
,,,0
,,,255
,,,144
,,,112
,,,255
,,,208
,,,67
,,,186
,,,86
,,,173
,,,217
,,,0
,,,9
,,,244
,,,232
,,,62
,,,97
,,,255
,,,132
,,,158
,,,124
,,,31
,,,90
,,,196
,,,50
,,,29
,,,255
,,,220
,,,224
,,,211
,,,174
,,,106
,,,111
,,,116
,,,34
,,,4
,,,169
,,,0
,,,187
,,,108
,,,246
,,,145
,,,6
,,,247
,,,177
,,,79
,,,64
,,,242
,,,64
,,,0
,,,46
,,,78
,,,74
,,,255
,,,101
,,,139
,,,120
,,,2
,,,255
,,,128
,,,171
,,,0
,,,197
,,,125
,,,27
,,,50
,,,145
,,,92
,,,50
,,,12
,,,186
,,,6
,,,61
,,,90
,,,42
,,,255
,,,21
,,,141
,,,201
,,,255
,,,255
,,,223
,,,108
,,,255
,,,143
,,,0
,,,169
,,,244
,,,113
,,,50
,,,255
,,,44
,,,56
,,,54
,,,178
,,,211
,,,0
,,,153
,,,42
,,,43
,,,7
,,,208
,,,231
,,,91
,,,105
,,,227
,,,166
,,,97
,,,237
,,,40
,,,70
,,,98
,,,16
,,,0
,,,144
,,,0
,,,91
,,,148
,,,0
,,,255
,,,34
,,,8
,,,199
,,,26
,,,255
,,,0
,,,0
,,,153
,,,255
,,,133
,,,41
,,,141
,,,247
,,,110
,,,173
,,,255
,,,255
,,,110
,,,255
,,,76
,,,209
,,,0
,,,1
,,,58
,,,106
,,,255
,,,255
,,,1
,,,247
,,,252
,,,210
,,,86
,,,89
,,,114
,,,41
,,,86
,,,227
,,,246
,,,0
,,,118
,,,53
,,,194
,,,253
,,,37
,,,52
,,,255
,,,255
,,,60
,,,38
,,,37
,,,77
,,,1
,,,162
,,,38
,,,247
,,,255
,,,97
,,,88
,,,142
,,,255
,,,0
,,,0
,,,2
,,,217
,,,0
,,,231
,,,23
,,,112
,,,225
,,,90
,,,253
,,,244
,,,0
,,,42
,,,169
,,,207
,,,0
,,,36
,,,43
,,,188
,,,183
,,,139
,,,243
,,,207
,,,229
,,,0
,,,54
,,,246
,,,66
,,,241
,,,203
,,,142
,,,133
,,,62
,,,226
,,,204
,,,15
,,,164
,,,25
,,,0
,,,162
,,,255
,,,77
,,,36
,,,0
,,,72
,,,228
,,,235
,,,48
,,,252
,,,0
,,,0
,,,204
,,,64
,,,64
,,,24
,,,134
,,,179
,,,0
,,,12
,,,89
,,,227
,,,36
,,,12
,,,0
,,,228
,,,0
,,,57
,,,184
,,,255
,,,154
,,,34
,,,70
,,,15
,,,187
,,,86
,,,216
,,,0
,,,42
,,,187
,,,203
,,,56
,,,185
,,,255
,,,80
,,,210
,,,104
,,,114
,,,40
,,,164
,,,107
,,,141
,,,186
,,,48
,,,246
,,,132
,,,90
,,,188
,,,194
,,,112
,,,188
,,,0
,,,205
,,,201
,,,0
,,,0
,,,41
,,,255
,,,254
,,,255
,,,235
,,,6
,,,255
,,,0
,,,255
,,,143
,,,146
,,,209
,,,200
,,,129
,,,93
,,,247
,,,255
,,,194
,,,0
,,,1
,,,61
,,,122
,,,0
,,,155
,,,127
,,,0
,,,125
,,,53
,,,255
,,,255
,,,255
,,,147
,,,249
,,,84
,,,255
,,,163
,,,11
,,,0
,,,195
,,,0
,,,89
,,,254
,,,255
,,,131
,,,92
,,,104
,,,171
,,,104
,,,255
,,,140
,,,82
,,,200
,,,220
,,,208
,,,147
,,,19
,,,3
,,,200
,,,176
,,,171
,,,218
,,,197
,,,110
,,,73
,,,42
,,,2
,,,84
,,,134
,,,83
,,,112
,,,164
,,,255
,,,0
,,,0
,,,28
,,,110
,,,118
,,,37
,,,3
,,,217
,,,172
,,,89
,,,144
,,,201
,,,70
,,,245
,,,204
,,,132
,,,104
,,,144
,,,199
,,,27
,,,49
,,,163
,,,46
,,,110
,,,244
,,,211
,,,61
,,,48
,,,251
,,,255
,,,157
,,,255
,,,46
,,,253
,,,128
,,,71
,,,130
,,,252
,,,255
,,,255
,,,185
,,,66
,,,84
,,,97
,,,0
,,,10
,,,57
,,,126
,,,0
,,,207
,,,0
,,,196
,,,76
,,,35
,,,182
,,,0
,,,208
,,,0
,,,49
,,,255
,,,91
,,,93
,,,255
,,,88
,,,170
,,,122
,,,58
,,,86
,,,252
,,,2
,,,136
,,,212
,,,59
,,,69
,,,109
,,,250
,,,0
,,,164
,,,0
,,,229
,,,26
,,,117
,,,0
,,,208
,,,255
,,,255
,,,48
,,,102
,,,40
,,,244
,,,3
,,,255
,,,58
,,,249
,,,177
,,,77
,,,101
,,,199
,,,234
,,,147
,,,174
,,,125
,,,56
,,,188
,,,141
,,,73
,,,166
,,,17
,,,145
,,,122
,,,123
,,,255
,,,211
,,,240
,,,5
,,,0
,,,86
,,,0
,,,65
,,,253
,,,87
,,,51
,,,212
,,,1
,,,48
,,,50
,,,26
,,,238
,,,132
,,,91
,,,198
,,,238
,,,125
,,,255
,,,1
,,,255
,,,40
,,,123
,,,178
,,,6
,,,253
,,,255
,,,209
,,,177
,,,109
,,,228
,,,255
,,,52
,,,0
,,,232
,,,64
,,,124
,,,130
,,,196
,,,249
,,,127
,,,207
,,,89
,,,225
,,,151
,,,210
,,,246
,,,76
,,,60
,,,187
,,,0
,,,3
,,,0
,,,255
,,,0
,,,198
,,,211
,,,122
,,,82
,,,254
,,,123
,,,255
,,,255
,,,62
,,,24
,,,119
,,,40
,,,206
,,,125
,,,154
,,,224
,,,26
,,,14
,,,210
,,,237
,,,120
,,,174
,,,169
,,,93
,,,36
,,,21
,,,132
,,,130
,,,119
,,,110
,,,77
,,,106
,,,88
,,,214
,,,255
,,,137
,,,255
,,,157
,,,164
,,,133
,,,255
,,,69
,,,180
,,,255
,,,152
,,,255
,,,0
,,,252
,,,64
,,,7
,,,255
,,,0
,,,101
,,,225
,,,0
,,,4
,,,250
,,,255
,,,0
,,,170
,,,255
,,,51
,,,252
,,,76
,,,104
,,,169
,,,173
,,,254
,,,166
,,,28
,,,87
,,,99
,,,7
,,,183
,,,253
,,,230
,,,57
,,,0
,,,81
,,,83
,,,21
,,,0
,,,137
,,,131
,,,7
,,,255
,,,134
,,,186
,,,227
,,,83
,,,254
,,,138
,,,8
,,,239
,,,42
,,,0
,,,117
,,,254
,,,208
,,,118
,,,228
,,,92
,,,253
,,,131
,,,56
,,,68
,,,25
,,,108
,,,0
,,,74
,,,32
,,,0
,,,197
,,,255
,,,191
,,,49
,,,129
,,,167
,,,199
,,,255
,,,168
,,,58
,,,128
,,,74
,,,96
,,,39
,,,219
,,,255
,,,81
,,,13
,,,182
,,,254
,,,30
,,,0
,,,0
,,,47
,,,136
,,,42
,,,0
,,,1
,,,255
,,,255
,,,3
,,,255
,,,122
,,,245
,,,209
,,,64
,,,193
,,,77
,,,232
,,,13
,,,77
,,,232
,,,113
,,,48
,,,254
,,,255
,,,179
,,,255
,,,255
,,,175
,,,255
,,,196
,,,255
,,,31
,,,116
,,,74
,,,86
,,,116
,,,133
,,,104
,,,14
,,,0
,,,21
,,,69
,,,19
,,,7
,,,61
,,,217
,,,210
,,,0
,,,180
,,,100
,,,211
,,,141
,,,103
,,,66
,,,92
,,,195
,,,187
,,,83
,,,254
,,,0
,,,254
,,,0
,,,254
,,,24
,,,231
,,,154
,,,134
,,,228
,,,254
,,,171
,,,142
,,,0
,,,10
,,,182
,,,69
,,,113
,,,226
,,,182
,,,80
,,,142
,,,123
,,,40
,,,35
,,,99
,,,110
,,,218
,,,0
,,,255
,,,9
,,,176
,,,128
,,,254
,,,44
,,,69
,,,146
,,,39
,,,87
,,,254
,,,132
,,,73
,,,0
,,,92
,,,1
,,,254
,,,109
,,,255
,,,14
,,,254
,,,125
,,,65
,,,165
,,,0
,,,188
,,,0
,,,64
,,,197
,,,126
,,,211
,,,109
,,,46
,,,0
,,,151
,,,88
,,,0
,,,229
,,,255
,,,11
,,,253
,,,80
,,,68
,,,227
,,,0
,,,0
,,,73
,,,97
,,,183
,,,217
,,,239
,,,196
,,,104
,,,0
,,,162
,,,211
,,,114
,,,132
,,,227
,,,38
,,,255
,,,50
,,,185
,,,117
,,,21
,,,209
,,,42
,,,252
,,,49
,,,97
,,,254
,,,180
,,,255
,,,73
,,,78
,,,208
,,,144
,,,255
,,,190
,,,255
,,,73
,,,11
,,,80
,,,255
,,,0
,,,55
,,,255
,,,171
,,,255
,,,182
,,,209
,,,67
,,,139
,,,25
,,,255
,,,139
,,,209
,,,101
,,,254
,,,2
,,,255
,,,226
,,,0
,,,0
,,,109
,,,251
,,,75
,,,0
,,,24
,,,254
,,,217
,,,11
,,,169
,,,216
,,,209
,,,9
,,,255
,,,59
,,,254
,,,41
,,,129
,,,122
,,,255
,,,255
,,,255
,,,250
,,,3
,,,194
,,,0
,,,103
,,,209
,,,248
,,,119
,,,28
,,,26
,,,173
,,,0
,,,153
,,,255
,,,140
,,,101
,,,255
,,,252
,,,0
,,,25
,,,208
,,,105
,,,255
,,,116
,,,0
,,,221
,,,249
,,,3
,,,254
,,,252
,,,26
,,,0
,,,243
,,,0
,,,0
,,,201
,,,26
,,,126
,,,112
,,,155
,,,197
,,,210
,,,71
,,,255
,,,85
,,,102
,,,80
,,,237
,,,154
,,,255
,,,255
,,,93
,,,255
,,,179
,,,139
,,,239
,,,18
,,,120
,,,39
,,,119
,,,0
,,,48
,,,163
,,,93
,,,134
,,,155
,,,210
,,,241
,,,255
,,,162
,,,255
,,,0
,,,255
,,,76
,,,0
,,,255
,,,254
,,,80
,,,178
,,,114
,,,174
,,,207
,,,1
,,,211
,,,34
,,,36
,,,254
,,,51
,,,37
,,,40
,,,147
,,,54
,,,0
,,,254
,,,101
,,,132
,,,162
,,,142
,,,246
,,,55
,,,31
,,,255
,,,15
,,,255
,,,0
,,,252
,,,255
,,,255
,,,92
,,,255
,,,49
,,,72
,,,255
,,,185
,,,58
,,,96
,,,255
,,,92
,,,52
,,,0
,,,255
,,,255
,,,174
,,,0
,,,166
,,,254
,,,209
,,,0
,,,245
,,,255
,,,146
,,,7
,,,94
,,,249
,,,164
,,,226
,,,255
,,,103
,,,92
,,,234
,,,75
,,,166
,,,208
,,,209
,,,196
,,,144
,,,119
,,,106
,,,188
,,,255
,,,188
,,,188
,,,196
,,,237
,,,63
,,,76
,,,133
,,,255
,,,253
,,,97
,,,97
,,,107
,,,246
,,,255
,,,237
,,,188
,,,105
,,,61
,,,171
,,,56
,,,174
,,,162
,,,250
,,,36
,,,33
,,,150
,,,41
,,,208
,,,255
,,,225
,,,49
,,,255
,,,0
,,,244
,,,169
,,,114
,,,141
,,,0
,,,9
,,,118
,,,39
,,,0
,,,255
,,,101
,,,91
,,,141
,,,65
,,,158
,,,209
,,,31
,,,122
,,,110
,,,84
,,,5
,,,170
,,,89
,,,164
,,,211
,,,122
,,,0
,,,255
,,,91
,,,178
,,,255
,,,131
,,,255
,,,235
,,,110
,,,54
,,,76
,,,255
,,,165
,,,94
,,,73
,,,110
,,,192
,,,182
,,,156
,,,173
,,,209
,,,161
,,,0
,,,226
,,,162
,,,2
,,,103
,,,126
,,,253
,,,2
,,,104
,,,255
,,,153
,,,122
,,,142
,,,127
,,,208
,,,255
,,,255
,,,160
,,,37
,,,211
,,,245
,,,152
,,,67
,,,55
,,,249
,,,8
,,,255
,,,170
,,,138
,,,254
,,,181
,,,11
,,,112
,,,184
,,,255
,,,14
,,,42
,,,89
,,,231
,,,103
,,,53
,,,227
,,,0
,,,35
,,,0
,,,193
,,,203
,,,2
,,,54
,,,120
,,,255
,,,22
,,,111
,,,92
,,,126
,,,255
,,,8
,,,218
,,,142
,,,193
,,,2
,,,82
,,,10
,,,70
,,,250
,,,142
,,,50
,,,255
,,,255
,,,111
,,,252
,,,35
,,,79
,,,132
,,,9
,,,196
,,,47
,,,128
,,,128
,,,56
,,,245
,,,184
,,,177
,,,255
,,,255
,,,231
,,,254
,,,152
,,,88
,,,92
,,,217
,,,223
,,,53
,,,223
,,,255
,,,237
,,,36
,,,44
,,,54
,,,77
,,,0
,,,255
,,,246
,,,0
,,,60
,,,200
,,,230
,,,155
,,,32
,,,59
,,,198
,,,252
,,,254
,,,2
,,,0
,,,108
,,,58
,,,227
,,,5
,,,249
,,,203
,,,247
,,,11
,,,0
,,,255
,,,255
,,,77
,,,254
,,,0
,,,113
,,,1
,,,69
,,,255
,,,175
,,,25
,,,255
,,,247
,,,199
,,,77
,,,255
,,,232
,,,141
,,,157
,,,43
,,,147
,,,66
,,,241
,,,105
,,,0
,,,0
,,,255
,,,174
,,,110
,,,255
,,,228
,,,10
,,,45
,,,30
,,,185
,,,181
,,,255
,,,108
,,,150
,,,123
,,,0
,,,255
,,,0
,,,97
,,,5
,,,29
,,,255
,,,205
,,,171
,,,107
,,,255
,,,42
,,,0
,,,98
,,,238
,,,218
,,,26
,,,245
,,,2
,,,99
,,,122
,,,26
,,,252
,,,242
,,,1
,,,9
,,,37
,,,152
,,,33
,,,156
,,,0
,,,50
,,,89
,,,0
,,,92
,,,2
,,,65
,,,255
,,,171
,,,124
,,,210
,,,79
,,,56
,,,25
,,,32
,,,7
,,,196
,,,90
,,,0
,,,255
,,,145
,,,53
,,,156
,,,1
,,,82
,,,97
,,,83
,,,255
,,,98
,,,73
,,,149
,,,33
,,,132
,,,62
,,,224
,,,162
,,,36
,,,255
,,,83
,,,227
,,,225
,,,11
,,,0
,,,166
,,,229
,,,62
,,,164
,,,2
,,,101
,,,59
,,,96
,,,109
,,,136
,,,194
,,,0
,,,211
,,,255
,,,255
,,,107
,,,255
,,,1
,,,92
,,,255
,,,102
,,,184
,,,251
,,,92
,,,227
,,,208
,,,245
,,,35
,,,153
,,,53
,,,212
,,,209
,,,188
,,,208
,,,3
,,,4
,,,144
,,,255
,,,227
,,,86
,,,211
,,,148
,,,145
,,,32
,,,171
,,,0
,,,255
,,,202
,,,62
,,,19
,,,122
,,,255
,,,86
,,,0
,,,128
,,,98
,,,81
,,,110
,,,180
,,,91
,,,83
,,,254
,,,255
,,,42
,,,79
,,,0
,,,236
,,,1
,,,87
,,,111
,,,0
,,,112
,,,3
,,,255
,,,254
,,,5
,,,111
,,,75
,,,90
,,,137
,,,110
,,,122
,,,17
,,,160
,,,235
,,,1
,,,0
,,,181
,,,171
,,,8
,,,255
,,,241
,,,125
,,,255
,,,132
,,,184
,,,217
,,,66
,,,112
,,,150
,,,248
,,,218
,,,244
,,,58
,,,227
,,,48
,,,0
,,,54
,,,211
,,,1
,,,16
,,,0
,,,114
,,,255
,,,5
,,,219
,,,174
,,,175
,,,90
,,,0
,,,255
,,,0
,,,0
,,,0
,,,170
,,,210
,,,226
,,,0
,,,243
,,,143
,,,133
,,,91
,,,147
,,,126
,,,0
,,,96
,,,97
,,,13
,,,104
,,,252
,,,28
,,,255
,,,104
,,,30
,,,252
,,,122
,,,0
,,,13
,,,3
,,,0
,,,105
,,,95
,,,35
,,,255
,,,96
,,,255
,,,79
,,,43
,,,90
,,,164
,,,107
,,,142
,,,184
,,,131
,,,95
,,,129
,,,15
,,,19
,,,199
,,,251
,,,82
,,,171
,,,83
,,,171
,,,255
,,,243
,,,156
,,,168
,,,195
,,,165
,,,65
,,,109
,,,67
,,,87
,,,108
,,,18
,,,236
,,,134
,,,14
,,,0
,,,45
,,,255
,,,92
,,,207
,,,3
,,,255
,,,12
,,,192
,,,208
,,,255
,,,255
,,,255
,,,42
,,,249
,,,93
,,,105
,,,209
,,,125
,,,255
,,,251
,,,52
,,,149
,,,240
,,,233
,,,83
,,,159
,,,158
,,,255
,,,144
,,,252
,,,193
,,,140
,,,0
,,,149
,,,127
,,,185
,,,37
,,,53
,,,226
,,,255
,,,89
,,,255
,,,185
,,,1
,,,123
,,,163
,,,184
,,,172
,,,165
,,,14
,,,253
,,,0
,,,255
,,,179
,,,42
,,,1
,,,44
,,,164
,,,227
,,,198
,,,166
,,,130
,,,145
,,,165
,,,38
,,,107
,,,255
,,,255
,,,255
,,,44
,,,129
,,,163
,,,48
,,,116
,,,252
,,,255
,,,1
,,,255
,,,213
,,,37
,,,245
,,,0
,,,178
,,,44
,,,255
,,,0
,,,182
,,,255
,,,58
,,,58
,,,255
,,,255
,,,170
,,,103
,,,170
,,,255
,,,120
,,,124
,,,48
,,,253
,,,111
,,,255
,,,199
,,,68
,,,8
,,,79
,,,134
,,,150
,,,51
,,,151
,,,48
,,,0
,,,0
,,,42
,,,0
,,,69
,,,0
,,,255
,,,107
,,,210
,,,128
,,,187
,,,183
,,,35
,,,26
,,,249
,,,166
,,,255
,,,43
,,,39
,,,0
,,,235
,,,59
,,,179
,,,22
,,,101
,,,11
,,,80
,,,254
,,,129
,,,0
,,,194
,,,26
,,,164
,,,110
,,,254
,,,255
,,,0
,,,35
,,,6
,,,0
,,,88
,,,64
,,,217
,,,185
,,,0
,,,0
,,,17
,,,122
,,,253
,,,72
,,,251
,,,0
,,,206
,,,125
,,,255
,,,56
,,,0
,,,115
,,,101
,,,170
,,,210
,,,67
,,,205
,,,41
,,,32
,,,0
,,,92
,,,255
,,,138
,,,255
,,,194
,,,151
,,,255
,,,12
,,,37
,,,165
,,,188
,,,117
,,,0
,,,5
,,,255
,,,0
,,,162
,,,197
,,,255
,,,201
,,,255
,,,136
,,,48
,,,185
,,,76
,,,192
,,,17
,,,54
,,,73
,,,47
,,,108
,,,188
,,,255
,,,173
,,,39
,,,151
,,,155
,,,148
,,,59
,,,25
,,,0
,,,62
,,,254
,,,146
,,,120
,,,171
,,,241
,,,34
,,,255
,,,56
,,,255
,,,255
,,,0
,,,211
,,,255
,,,62
,,,255
,,,103
,,,123
,,,184
,,,65
,,,216
,,,67
,,,192
,,,255
,,,187
,,,160
,,,60
,,,212
,,,68
,,,137
,,,0
,,,172
,,,97
,,,149
,,,206
,,,213
,,,255
,,,198
,,,88
,,,145
,,,126
,,,0
,,,211
,,,49
,,,0
,,,255
,,,255
,,,132
,,,56
,,,133
,,,232
,,,0
,,,90
,,,183
,,,81
,,,255
,,,105
,,,224
,,,77
,,,31
,,,42
,,,255
,,,171
,,,22
,,,217
,,,105
,,,23
,,,154
,,,255
,,,61
,,,156
,,,0
,,,255
,,,143
,,,42
,,,93
,,,120
,,,91
,,,81
,,,192
,,,190
,,,74
,,,251
,,,42
,,,59
,,,10
,,,22
,,,0
,,,56
,,,76
,,,0
,,,253
,,,100
,,,56
,,,42
,,,13
,,,254
,,,39
,,,25
,,,4
,,,98
,,,36
,,,103
,,,252
,,,175
,,,247
,,,253
,,,52
,,,65
,,,70
,,,116
,,,186
,,,3
,,,199
,,,112
,,,86
,,,0
,,,230
,,,162
,,,251
,,,231
,,,46
,,,0
,,,165
,,,255
,,,203
,,,0
,,,105
,,,183
,,,196
,,,255
,,,255
,,,174
,,,255
,,,219
,,,164
,,,53
,,,148
,,,252
,,,113
,,,93
,,,94
,,,86
,,,37
,,,135
,,,255
,,,42
,,,10
,,,0
,,,0
,,,240
,,,77
,,,1
,,,139
,,,20
,,,213
,,,1
,,,134
,,,73
,,,188
,,,255
,,,153
,,,55
,,,246
,,,41
,,,200
,,,0
,,,140
,,,149
,,,242
,,,165
,,,127
,,,174
,,,78
,,,99
,,,236
,,,252
,,,255
,,,226
,,,83
,,,30
,,,188
,,,77
,,,104
,,,2
,,,196
,,,50
,,,134
,,,211
,,,73
,,,11
,,,255
,,,114
,,,209
,,,255
,,,172
,,,111
,,,243
,,,113
,,,121
,,,4
,,,49
,,,232
,,,178
,,,128
,,,254
,,,254
,,,254
,,,152
,,,0
,,,185
,,,156
,,,48
,,,3
,,,153
,,,87
,,,194
,,,86
,,,211
,,,77
,,,103
,,,167
,,,210
,,,196
,,,144
,,,56
,,,177
,,,235
,,,230
,,,88
,,,18
,,,0
,,,255
,,,205
,,,245
,,,211
,,,22
,,,254
,,,0
,,,255
,,,180
,,,121
,,,55
,,,42
,,,255
,,,0
,,,81
,,,0
,,,168
,,,255
,,,25
,,,230
,,,169
,,,255
,,,26
,,,240
,,,52
,,,0
,,,190
,,,240
,,,9
,,,101
,,,182
,,,190
,,,116
,,,96
,,,0
,,,165
,,,225
,,,227
,,,0
,,,209
,,,25
,,,154
,,,0
,,,0
,,,16
,,,73
,,,91
,,,76
,,,26
,,,254
,,,74
,,,209
,,,0
,,,255
,,,229
,,,140
,,,126
,,,104
,,,254
,,,35
,,,147
,,,229
,,,17
,,,242
,,,66
,,,99
,,,63
,,,180
,,,255
,,,90
,,,0
,,,108
,,,83
,,,39
,,,208
,,,0
,,,83
,,,87
,,,22
,,,149
,,,34
,,,219
,,,116
,,,255
,,,84
,,,187
,,,255
,,,104
,,,254
,,,187
,,,250
,,,227
,,,244
,,,0
,,,0
,,,0
,,,244
,,,166
,,,0
,,,56
,,,255
,,,158
,,,189
,,,54
,,,207
,,,22
,,,148
,,,209
,,,99
,,,28
,,,197
,,,132
,,,0
,,,0
,,,90
,,,170
,,,255
,,,206
,,,244
,,,172
,,,182
,,,255
,,,250
,,,123
,,,255
,,,35
,,,0
,,,82
,,,255
,,,135
,,,107
,,,246
,,,11
,,,66
,,,94
,,,168
,,,59
,,,105
,,,178
,,,106
,,,165
,,,165
,,,0
,,,209
,,,121
,,,46
,,,0
,,,82
,,,75
,,,255
,,,114
,,,130
,,,42
,,,200
,,,0
,,,135
,,,66
,,,139
,,,64
,,,126
,,,243
,,,199
,,,211
,,,0
,,,103
,,,228
,,,172
,,,138
,,,9
,,,25
,,,255
,,,255
,,,138
,,,17
,,,178
,,,244
,,,33
,,,196
,,,255
,,,211
,,,114
,,,255
,,,39
,,,113
,,,224
,,,255
,,,0
,,,0
,,,255
,,,224
,,,0
,,,255
,,,8
,,,39
,,,129
,,,208
,,,255
,,,89
,,,24
,,,88
,,,187
,,,178
,,,35
,,,254
,,,134
,,,162
,,,114
,,,112
,,,72
,,,168
,,,255
,,,251
,,,163
,,,220
,,,34
,,,92
,,,187
,,,56
,,,255
,,,145
,,,255
,,,228
,,,202
,,,13
,,,205
,,,0
,,,240
,,,133
,,,3
,,,176
,,,0
,,,87
,,,0
,,,81
,,,187
,,,79
,,,166
,,,37
,,,255
,,,134
,,,10
,,,0
,,,163
,,,95
,,,22
,,,250
,,,113
,,,170
,,,68
,,,126
,,,103
,,,255
,,,126
,,,203
,,,149
,,,229
,,,194
,,,248
,,,0
,,,175
,,,124
,,,180
,,,254
,,,175
,,,133
,,,255
,,,194
,,,211
,,,41
,,,54
,,,0
,,,108
,,,175
,,,188
,,,85
,,,115
,,,190
,,,55
,,,28
,,,5
,,,8
,,,114
,,,95
,,,108
,,,194
,,,255
,,,194
,,,196
,,,149
,,,0
,,,248
,,,135
,,,101
,,,255
,,,56
,,,99
,,,158
,,,255
,,,58
,,,56
,,,193
,,,191
,,,252
,,,136
,,,55
,,,10
,,,246
,,,248
,,,65
,,,55
,,,222
,,,4
,,,178
,,,232
,,,5
,,,232
,,,255
,,,253
,,,54
,,,110
,,,211
,,,165
,,,118
,,,203
,,,0
,,,255
,,,202
,,,219
,,,255
,,,11
,,,145
,,,29
,,,255
,,,3
,,,79
,,,255
,,,255
,,,177
,,,220
,,,113
,,,54
,,,39
,,,10
,,,3
,,,0
,,,0
,,,144
,,,255
,,,254
,,,191
,,,106
,,,98
,,,226
,,,0
,,,165
,,,208
,,,60
,,,0
,,,1
,,,226
,,,92
,,,39
,,,25
,,,208
,,,26
,,,168
,,,2
,,,255
,,,99
,,,17
,,,229
,,,42
,,,163
,,,76
,,,31
,,,80
,,,120
,,,254
,,,42
,,,154
,,,107
,,,41
,,,237
,,,105
,,,243
,,,255
,,,252
,,,255
,,,77
,,,168
,,,1
,,,144
,,,37
,,,253
,,,255
,,,140
,,,255
,,,20
,,,255
,,,0
,,,254
,,,151
,,,219
,,,81
,,,0
,,,111
,,,175
,,,45
,,,79
,,,217
,,,255
,,,162
,,,0
,,,142
,,,238
,,,59
,,,255
,,,132
,,,93
,,,76
,,,255
,,,199
,,,161
,,,254
,,,255
,,,194
,,,33
,,,203
,,,219
,,,199
,,,59
,,,75
,,,252
,,,164
,,,135
,,,148
,,,50
,,,80
,,,255
,,,255
,,,203
,,,251
,,,0
,,,25
,,,170
,,,145
,,,13
,,,0
,,,120
,,,43
,,,255
,,,145
,,,116
,,,0
,,,106
,,,208
,,,84
,,,67
,,,171
,,,45
,,,133
,,,0
,,,248
,,,197
,,,103
,,,77
,,,191
,,,37
,,,194
,,,229
,,,178
,,,255
,,,56
,,,17
,,,44
,,,99
,,,230
,,,0
,,,0
,,,227
,,,253
,,,130
,,,212
,,,188
,,,58
,,,100
,,,203
,,,13
,,,29
,,,24
,,,84
,,,6
,,,21
,,,193
,,,136
,,,27
,,,255
,,,235
,,,248
,,,0
,,,1
,,,247
,,,195
,,,13
,,,171
,,,0
,,,0
,,,211
,,,151
,,,254
,,,163
,,,255
,,,223
,,,170
,,,255
,,,113
,,,234
,,,172
,,,129
,,,105
,,,0
,,,255
,,,0
,,,74
,,,254
,,,255
,,,245
,,,0
,,,31
,,,218
,,,0
,,,162
,,,250
,,,6
,,,1
,,,4
,,,141
,,,229
,,,254
,,,2
,,,168
,,,243
,,,246
,,,164
,,,91
,,,141
,,,199
,,,53
,,,255
,,,171
,,,91
,,,72
,,,55
,,,255
,,,33
,,,191
,,,255
,,,20
,,,255
,,,186
,,,254
,,,3
,,,85
,,,135
,,,64
,,,166
,,,231
,,,109
,,,172
,,,78
,,,105
,,,60
,,,91
,,,222
,,,2
,,,162
,,,165
,,,164
,,,246
,,,178
,,,255
,,,110
,,,0
,,,0
,,,208
,,,255
,,,255
,,,56
,,,37
,,,165
,,,37
,,,255
,,,229
,,,178
,,,5
,,,8
,,,180
,,,98
,,,21
,,,155
,,,221
,,,192
,,,120
,,,254
,,,244
,,,253
,,,2
,,,149
,,,114
,,,255
,,,47
,,,129
,,,207
,,,58
,,,253
,,,189
,,,192
,,,0
,,,38
,,,35
,,,0
,,,35
,,,0
,,,194
,,,10
,,,167
,,,109
,,,255
,,,224
,,,165
,,,209
,,,0
,,,114
,,,116
,,,0
,,,244
,,,140
,,,196
,,,253
,,,255
,,,208
,,,85
,,,0
,,,121
,,,24
,,,180
,,,212
,,,55
,,,155
,,,158
,,,124
,,,66
,,,254
,,,129
,,,0
,,,41
,,,42
,,,211
,,,0
,,,250
,,,169
,,,96
,,,254
,,,254
,,,203
,,,0
,,,62
,,,247
,,,0
,,,230
,,,193
,,,203
,,,187
,,,37
,,,255
,,,23
,,,152
,,,185
,,,108
,,,255
,,,37
,,,149
,,,1
,,,219
,,,254
,,,69
,,,0
,,,250
,,,254
,,,75
,,,164
,,,210
,,,89
,,,16
,,,103
,,,239
,,,229
,,,95
,,,105
,,,255
,,,254
,,,182
,,,201
,,,0
,,,93
,,,109
,,,127
,,,178
,,,111
,,,2
,,,141
,,,110
,,,209
,,,103
,,,177
,,,255
,,,0
,,,181
,,,110
,,,49
,,,120
,,,209
,,,233
,,,255
,,,192
,,,252
,,,36
,,,145
,,,170
,,,77
,,,232
,,,102
,,,89
,,,208
,,,198
,,,196
,,,84
,,,105
,,,125
,,,252
,,,181
,,,62
,,,209
,,,165
,,,58
,,,47
,,,209
,,,144
,,,215
,,,187
,,,171
,,,208
,,,239
,,,195
,,,54
,,,66
,,,160
,,,151
,,,105
,,,110
,,,132
,,,3
,,,164
,,,4
,,,168
,,,0
,,,255
,,,240
,,,144
,,,0
,,,129
,,,179
,,,64
,,,242
,,,18
,,,12
,,,164
,,,125
,,,62
,,,166
,,,0
,,,255
,,,162
,,,50
,,,92
,,,140
,,,42
,,,255
,,,0
,,,16
,,,211
,,,207
,,,0
,,,100
,,,176
,,,191
,,,255
,,,191
,,,186
,,,56
,,,108
,,,238
,,,211
,,,134
,,,255
,,,255
,,,7
,,,42
,,,157
,,,155
,,,200
,,,144
,,,44
,,,255
,,,255
,,,159
,,,208
,,,133
,,,250
,,,207
,,,28
,,,11
,,,199
,,,0
,,,166
,,,48
,,,129
,,,211
,,,0
,,,183
,,,73
,,,12
,,,152
,,,110
,,,0
,,,82
,,,82
,,,209
,,,0
,,,212
,,,253
,,,255
,,,0
,,,10
,,,118
,,,255
,,,15
,,,253
,,,89
,,,249
,,,127
,,,0
,,,255
,,,113
,,,248
,,,28
,,,59
,,,3
,,,189
,,,210
,,,206
,,,252
,,,255
,,,227
,,,66
,,,42
,,,245
,,,227
,,,255
,,,0
,,,167
,,,94
,,,140
,,,254
,,,111
,,,208
,,,0
,,,0
,,,228
,,,189
,,,0
,,,253
,,,155
,,,1
,,,188
,,,79
,,,10
,,,22
,,,158
,,,120
,,,198
,,,255
,,,62
,,,139
,,,121
,,,255
,,,72
,,,109
,,,4
,,,52
,,,254
,,,165
,,,255
,,,120
,,,112
,,,255
,,,76
,,,148
,,,18
,,,61
,,,255
,,,9
,,,204
,,,217
,,,218
,,,0
,,,135
,,,167
,,,250
,,,5
,,,186
,,,254
,,,48
,,,253
,,,166
,,,255
,,,162
,,,115
,,,74
,,,219
,,,93
,,,128
,,,1
,,,89
,,,164
,,,246
,,,147
,,,244
,,,0
,,,136
,,,73
,,,0
,,,100
,,,196
,,,221
,,,0
,,,175
,,,174
,,,36
,,,26
,,,0
,,,255
,,,255
,,,59
,,,247
,,,125
,,,52
,,,86
,,,207
,,,255
,,,255
,,,0
,,,58
,,,255
,,,92
,,,0
,,,107
,,,164
,,,198
,,,255
,,,8
,,,104
,,,155
,,,0
,,,160
,,,110
,,,255
,,,0
,,,209
,,,37
,,,255
,,,160
,,,148
,,,245
,,,74
,,,30
,,,50
,,,255
,,,46
,,,0
,,,255
,,,179
,,,162
,,,65
,,,64
,,,65
,,,0
,,,113
,,,255
,,,157
,,,162
,,,138
,,,140
,,,255
,,,185
,,,214
,,,66
,,,150
,,,40
,,,0
,,,35
,,,79
,,,35
,,,232
,,,36
,,,172
,,,128
,,,189
,,,0
,,,124
,,,255
,,,217
,,,59
,,,255
,,,121
,,,250
,,,255
,,,0
,,,34
,,,255
,,,245
,,,6
,,,92
,,,8
,,,204
,,,3
,,,77
,,,82
,,,0
,,,77
,,,15
,,,184
,,,144
,,,92
,,,139
,,,255
,,,103
,,,255
,,,54
,,,255
,,,255
,,,254
,,,156
,,,255
,,,127
,,,128
,,,129
,,,48
,,,123
,,,64
,,,124
,,,28
,,,138
,,,99
,,,183
,,,178
,,,167
,,,0
,,,127
,,,0
,,,0
,,,223
,,,108
,,,24
,,,110
,,,35
,,,104
,,,48
,,,155
,,,45
,,,204
,,,149
,,,115
,,,255
,,,152
,,,104
,,,67
,,,160
,,,227
,,,141
,,,244
,,,34
,,,213
,,,255
,,,0
,,,70
,,,97
,,,60
,,,255
,,,152
,,,3
,,,92
,,,255
,,,249
,,,125
,,,72
,,,245
,,,109
,,,222
,,,211
,,,1
,,,57
,,,2
,,,15
,,,171
,,,109
,,,92
,,,182
,,,56
,,,221
,,,186
,,,255
,,,55
,,,149
,,,124
,,,241
,,,104
,,,98
,,,254
,,,244
,,,116
,,,58
,,,151
,,,17
,,,149
,,,43
,,,247
,,,46
,,,179
,,,0
,,,0
,,,93
,,,129
,,,68
,,,218
,,,88
,,,50
,,,110
,,,82
,,,154
,,,92
,,,255
,,,27
,,,247
,,,0
,,,192
,,,172
,,,255
,,,229
,,,255
,,,106
,,,110
,,,89
,,,50
,,,190
,,,0
,,,120
,,,65
,,,183
,,,0
,,,183
,,,186
,,,0
,,,248
,,,32
,,,237
,,,120
,,,34
,,,35
,,,238
,,,209
,,,64
,,,113
,,,255
,,,210
,,,0
,,,54
,,,223
,,,173
,,,115
,,,191
,,,103
,,,0
,,,159
,,,11
,,,15
,,,33
,,,17
,,,97
,,,69
,,,188
,,,251
,,,179
,,,169
,,,79
,,,0
,,,192
,,,29
,,,174
,,,255
,,,118
,,,5
,,,158
,,,70
,,,251
,,,38
,,,211
,,,34
,,,0
,,,135
,,,103
,,,101
,,,107
,,,53
,,,187
,,,37
,,,57
,,,253
,,,30
,,,181
,,,255
,,,163
,,,137
,,,39
,,,65
,,,229
,,,0
,,,174
,,,127
,,,255
,,,255
,,,187
,,,47
,,,209
,,,203
,,,146
,,,255
,,,0
,,,255
,,,102
,,,195
,,,14
,,,59
,,,255
,,,247
,,,246
,,,83
,,,129
,,,94
,,,122
,,,160
,,,70
,,,128
,,,143
,,,216
,,,137
,,,72
,,,255
,,,254
,,,3
,,,160
,,,255
,,,132
,,,149
,,,106
,,,254
,,,35
,,,0
,,,92
,,,64
,,,170
,,,59
,,,1
,,,193
,,,255
,,,0
,,,223
,,,14
,,,230
,,,0
,,,0
,,,87
,,,255
,,,245
,,,21
,,,0
,,,255
,,,104
,,,255
,,,166
,,,7
,,,211
,,,85
,,,37
,,,247
,,,213
,,,238
,,,255
,,,253
,,,35
,,,36
,,,25
,,,185
,,,2
,,,21
,,,46
,,,195
,,,17
,,,211
,,,123
,,,77
,,,103
,,,255
,,,0
,,,74
,,,125
,,,170
,,,244
,,,255
,,,201
,,,255
,,,194
,,,200
,,,104
,,,117
,,,100
,,,59
,,,55
,,,255
,,,255
,,,105
,,,227
,,,255
,,,175
,,,132
,,,189
,,,42
,,,54
,,,181
,,,8
,,,251
,,,11
,,,116
,,,196
,,,237
,,,26
,,,132
,,,227
,,,247
,,,208
,,,45
,,,115
,,,255
,,,133
,,,69
,,,198
,,,0
,,,253
,,,0
,,,15
,,,255
,,,210
,,,57
,,,255
,,,255
,,,95
,,,255
,,,255
,,,124
,,,255
,,,0
,,,172
,,,19
,,,57
,,,144
,,,30
,,,254
,,,169
,,,220
,,,0
,,,201
,,,104
,,,0
,,,20
,,,195
,,,245
,,,104
,,,153
,,,193
,,,29
,,,255
,,,0
,,,32
,,,87
,,,0
,,,74
,,,184
,,,114
,,,0
,,,255
,,,93
,,,177
,,,255
,,,79
,,,2
,,,208
,,,170
,,,212
,,,179
,,,255
,,,60
,,,121
,,,239
,,,239
,,,37
,,,0
,,,35
,,,194
,,,232
,,,255
,,,36
,,,96
,,,0
,,,77
,,,153
,,,145
,,,178
,,,108
,,,95
,,,252
,,,134
,,,255
,,,254
,,,27
,,,216
,,,54
,,,35
,,,77
,,,179
,,,210
,,,109
,,,25
,,,23
,,,120
,,,230
,,,90
,,,43
,,,211
,,,0
,,,255
,,,250
,,,42
,,,158
,,,14
,,,42
,,,52
,,,13
,,,0
,,,0
,,,120
,,,142
,,,3
,,,253
,,,2
,,,183
,,,255
,,,59
,,,59
,,,131
,,,115
,,,189
,,,255
,,,187
,,,122
,,,52
,,,243
,,,222
,,,227
,,,255
,,,0
,,,0
,,,175
,,,79
,,,245
,,,108
,,,182
,,,90
,,,30
,,,5
,,,252
,,,187
,,,95
,,,88
,,,171
,,,254
,,,77
,,,36
,,,75
,,,254
,,,110
,,,255
,,,189
,,,166
,,,255
,,,84
,,,237
,,,47
,,,246
,,,242
,,,255
,,,111
,,,111
,,,219
,,,209
,,,215
,,,0
,,,222
,,,115
,,,67
,,,204
,,,0
,,,140
,,,82
,,,97
,,,124
,,,255
,,,38
,,,86
,,,164
,,,82
,,,220
,,,0
,,,149
,,,84
,,,54
,,,34
,,,134
,,,138
,,,87
,,,54
,,,175
,,,85
,,,192
,,,110
,,,171
,,,35
,,,34
,,,111
,,,95
,,,121
,,,162
,,,253
,,,212
,,,230
,,,0
,,,0
,,,41
,,,57
,,,155
,,,94
,,,116
,,,55
,,,255
,,,193
,,,197
,,,255
,,,148
,,,51
,,,185
,,,158
,,,116
,,,10
,,,133
,,,100
,,,176
,,,255
,,,202
,,,0
,,,76
,,,148
,,,255
,,,246
,,,166
,,,255
,,,146
,,,103
,,,228
,,,158
,,,1
,,,186
,,,26
,,,54
,,,253
,,,11
,,,126
,,,120
,,,200
,,,227
,,,0
,,,32
,,,56
,,,124
,,,231
,,,117
,,,0
,,,255
,,,165
,,,36
,,,99
,,,35
,,,183
,,,43
,,,87
,,,0
,,,223
,,,0
,,,235
,,,255
,,,199
,,,230
,,,207
,,,99
,,,53
,,,112
,,,173
,,,97
,,,90
,,,2
,,,254
,,,218
,,,255
,,,163
,,,0
,,,240
,,,0
,,,100
,,,246
,,,255
,,,255
,,,0
,,,214
,,,0
,,,156
,,,13
,,,139
,,,233
,,,48
,,,172
,,,86
,,,0
,,,123
,,,134
,,,255
,,,1
,,,138
,,,76
,,,254
,,,143
,,,44
,,,255
,,,255
,,,93
,,,73
,,,189
,,,210
,,,0
,,,15
,,,14
,,,158
,,,255
,,,163
,,,255
,,,37
,,,186
,,,37
,,,98
,,,211
,,,61
,,,222
,,,161
,,,215
,,,0
,,,199
,,,63
,,,83
,,,226
,,,213
,,,140
,,,97
,,,0
,,,8
,,,150
,,,247
,,,31
,,,172
,,,55
,,,214
,,,45
,,,0
,,,249
,,,96
,,,59
,,,0
,,,183
,,,107
,,,95
,,,40
,,,0
,,,147
,,,255
,,,255
,,,255
,,,182
,,,2
,,,158
,,,0
,,,255
,,,133
,,,255
,,,255
,,,198
,,,107
,,,104
,,,143
,,,209
,,,211
,,,255
,,,248
,,,110
,,,145
,,,181
,,,198
,,,183
,,,170
,,,159
,,,120
,,,254
,,,17
,,,174
,,,0
,,,219
,,,226
,,,228
,,,110
,,,96
,,,60
,,,194
,,,250
,,,0
,,,255
,,,40
,,,131
,,,243
,,,254
,,,144
,,,0
,,,205
,,,147
,,,0
,,,158
,,,219
,,,151
,,,178
,,,154
,,,234
,,,19
,,,29
,,,3
,,,209
,,,120
,,,147
,,,3
,,,116
,,,175
,,,139
,,,255
,,,180
,,,209
,,,106
,,,120
,,,125
,,,119
,,,109
,,,255
,,,44
,,,58
,,,91
,,,28
,,,0
,,,184
,,,0
,,,113
,,,175
,,,255
,,,158
,,,239
,,,0
,,,14
,,,116
,,,1
,,,251
,,,253
,,,130
,,,207
,,,121
,,,253
,,,11
,,,172
,,,0
,,,249
,,,0
,,,46
,,,132
,,,117
,,,150
,,,26
,,,196
,,,89
,,,51
,,,244
,,,74
,,,154
,,,200
,,,133
,,,146
,,,126
,,,255
,,,40
,,,66
,,,36
,,,130
,,,200
,,,93
,,,94
,,,94
,,,202
,,,211
,,,74
,,,255
,,,90
,,,174
,,,42
,,,190
,,,141
,,,255
,,,255
,,,122
,,,255
,,,211
,,,103
,,,30
,,,162
,,,149
,,,194
,,,0
,,,255
,,,67
,,,27
,,,0
,,,46
,,,42
,,,208
,,,122
,,,255
,,,175
,,,46
,,,235
,,,255
,,,255
,,,132
,,,255
,,,92
,,,255
,,,181
,,,25
,,,255
,,,105
,,,253
,,,0
,,,106
,,,184
,,,106
,,,221
,,,157
,,,12
,,,198
,,,167
,,,255
,,,208
,,,92
,,,196
,,,167
,,,76
,,,175
,,,172
,,,255
,,,139
,,,189
,,,60
,,,22
,,,227
,,,0
,,,0
,,,254
,,,206
,,,181
,,,108
,,,177
,,,166
,,,153
,,,119
,,,251
,,,0
,,,255
,,,169
,,,251
,,,254
,,,116
,,,156
,,,254
,,,86
,,,30
,,,7
,,,29
,,,0
,,,0
,,,0
,,,36
,,,136
,,,251
,,,255
,,,70
,,,0
,,,222
,,,168
,,,227
,,,226
,,,108
,,,199
,,,255
,,,0
,,,225
,,,229
,,,2
,,,236
,,,216
,,,10
,,,170
,,,255
,,,208
,,,104
,,,253
,,,209
,,,255
,,,255
,,,10
,,,8
,,,15
,,,34
,,,0
,,,26
,,,227
,,,85
,,,136
,,,237
,,,253
,,,42
,,,0
,,,148
,,,121
,,,64
,,,253
,,,0
,,,0
,,,0
,,,151
,,,185
,,,1
,,,92
,,,255
,,,112
,,,43
,,,0
,,,115
,,,0
,,,254
,,,213
,,,59
,,,98
,,,176
,,,26
,,,196
,,,28
,,,227
,,,46
,,,181
,,,237
,,,49
,,,0
,,,117
,,,205
,,,255
,,,90
,,,130
,,,255
,,,23
,,,110
,,,15
,,,136
,,,102
,,,155
,,,244
,,,12
,,,0
,,,255
,,,51
,,,0
,,,249
,,,181
,,,255
,,,170
,,,147
,,,16
,,,255
,,,49
,,,76
,,,76
,,,4
,,,77
,,,8
,,,221
,,,255
,,,255
,,,254
,,,5
,,,135
,,,153
,,,255
,,,254
,,,184
,,,9
,,,122
,,,0
,,,144
,,,0
,,,209
,,,3
,,,0
,,,151
,,,255
,,,196
,,,122
,,,152
,,,0
,,,244
,,,79
,,,73
,,,25
,,,64
,,,133
,,,170
,,,127
,,,0
,,,6
,,,88
,,,255
,,,0
,,,76
,,,141
,,,181
,,,43
,,,1
,,,193
,,,72
,,,86
,,,166
,,,223
,,,102
,,,23
,,,176
,,,241
,,,93
,,,246
,,,11
,,,83
,,,92
,,,118
,,,53
,,,0
,,,117
,,,156
,,,211
,,,42
,,,110
,,,255
,,,0
,,,56
,,,93
,,,37
,,,255
,,,234
,,,111
,,,145
,,,96
,,,0
,,,250
,,,254
,,,112
,,,197
,,,194
,,,211
,,,254
,,,91
,,,0
,,,174
,,,0
,,,50
,,,21
,,,176
,,,194
,,,132
,,,38
,,,121
,,,130
,,,109
,,,98
,,,42
,,,145
,,,167
,,,219
,,,131
,,,49
,,,16
,,,141
,,,92
,,,220
,,,28
,,,160
,,,108
,,,85
,,,22
,,,216
,,,244
,,,105
,,,255
,,,255
,,,255
,,,102
,,,251
,,,255
,,,210
,,,191
,,,206
,,,0
,,,228
,,,12
,,,0
,,,79
,,,90
,,,83
,,,0
,,,16
,,,20
,,,40
,,,83
,,,255
,,,67
,,,85
,,,179
,,,77
,,,47
,,,248
,,,186
,,,67
,,,194
,,,130
,,,190
,,,25
,,,244
,,,255
,,,255
,,,162
,,,160
,,,186
,,,131
,,,81
,,,80
,,,186
,,,93
,,,255
,,,210
,,,252
,,,175
,,,185
,,,14
,,,218
,,,153
,,,103
,,,32
,,,232
,,,106
,,,253
,,,180
,,,106
,,,74
,,,11
,,,90
,,,104
,,,244
,,,11
,,,209
,,,0
,,,171
,,,251
,,,255
,,,0
,,,42
,,,219
,,,255
,,,226
,,,247
,,,97
,,,65
,,,77
,,,255
,,,132
,,,150
,,,0
,,,254
,,,114
,,,255
,,,132
,,,170
,,,108
,,,11
,,,90
,,,126
,,,162
,,,47
,,,105
,,,19
,,,186
,,,45
,,,90
,,,19
,,,253
,,,186
,,,161
,,,7
,,,146
,,,255
,,,143
,,,44
,,,97
,,,230
,,,102
,,,235
,,,255
,,,254
,,,91
,,,209
,,,174
,,,229
,,,253
,,,199
,,,193
,,,20
,,,0
,,,18
,,,161
,,,156
,,,51
,,,36
,,,109
,,,54
,,,233
,,,57
,,,108
,,,0
,,,81
,,,36
,,,90
,,,130
,,,0
,,,92
,,,42
,,,138
,,,105
,,,216
,,,87
,,,30
,,,53
,,,185
,,,0
,,,248
,,,142
,,,173
,,,254
,,,136
,,,185
,,,168
,,,54
,,,253
,,,148
,,,50
,,,145
,,,182
,,,222
,,,255
,,,106
,,,218
,,,186
,,,196
,,,173
,,,218
,,,55
,,,8
,,,229
,,,137
,,,251
,,,140
,,,86
,,,111
,,,115
,,,146
,,,200
,,,180
,,,131
,,,134
,,,255
,,,3
,,,0
,,,55
,,,152
,,,141
,,,74
,,,189
,,,255
,,,147
,,,1
,,,255
,,,255
,,,158
,,,193
,,,0
,,,209
,,,122
,,,137
,,,162
,,,255
,,,0
,,,5
,,,136
,,,255
,,,84
,,,138
,,,166
,,,6
,,,0
,,,46
,,,255
,,,127
,,,246
,,,212
,,,0
,,,227
,,,114
,,,120
,,,0
,,,249
,,,26
,,,37
,,,0
,,,250
,,,255
,,,165
,,,177
,,,233
,,,147
,,,170
,,,221
,,,101
,,,165
,,,31
,,,45
,,,122
,,,1
,,,59
,,,57
,,,0
,,,62
,,,49
,,,54
,,,251
,,,26
,,,155
,,,8
,,,86
,,,220
,,,0
,,,96
,,,252
,,,104
,,,11
,,,49
,,,27
,,,229
,,,201
,,,6
,,,61
,,,254
,,,55
,,,54
,,,119
,,,0
,,,138
,,,0
,,,196
,,,92
,,,35
,,,0
,,,152
,,,124
,,,248
,,,230
,,,139
,,,87
,,,12
,,,49
,,,255
,,,156
,,,69
,,,162
,,,148
,,,79
,,,255
,,,179
,,,39
,,,111
,,,115
,,,206
,,,253
,,,226
,,,56
,,,26
,,,173
,,,245
,,,123
,,,74
,,,255
,,,90
,,,50
,,,26
,,,104
,,,29
,,,208
,,,88
,,,255
,,,156
,,,0
,,,185
,,,183
,,,0
,,,106
,,,39
,,,130
,,,248
,,,131
,,,0
,,,56
,,,248
,,,237
,,,255
,,,122
,,,179
,,,131
,,,71
,,,65
,,,0
,,,126
,,,251
,,,14
,,,103
,,,3
,,,142
,,,208
,,,40
,,,118
,,,132
,,,82
,,,3
,,,227
,,,251
,,,123
,,,197
,,,137
,,,27
,,,4
,,,190
,,,43
,,,189
,,,255
,,,244
,,,250
,,,51
,,,209
,,,140
,,,48
,,,0
,,,194
,,,3
,,,171
,,,210
,,,22
,,,132
,,,0
,,,0
,,,255
,,,140
,,,76
,,,104
,,,129
,,,92
,,,150
,,,103
,,,187
,,,216
,,,249
,,,75
,,,217
,,,195
,,,104
,,,102
,,,68
,,,214
,,,166
,,,1
,,,16
,,,0
,,,227
,,,251
,,,248
,,,55
,,,68
,,,211
,,,34
,,,149
,,,250
,,,176
,,,112
,,,89
,,,92
,,,133
,,,148
,,,162
,,,61
,,,81
,,,252
,,,69
,,,198
,,,53
,,,193
,,,255
,,,0
,,,56
,,,211
,,,253
,,,3
,,,246
,,,0
,,,100
,,,40
,,,166
,,,86
,,,255
,,,61
,,,255
,,,103
,,,97
,,,255
,,,210
,,,178
,,,0
,,,133
,,,55
,,,168
,,,255
,,,89
,,,187
,,,38
,,,80
,,,35
,,,0
,,,138
,,,223
,,,0
,,,236
,,,149
,,,253
,,,255
,,,17
,,,255
,,,254
,,,159
,,,37
,,,255
,,,17
,,,166
,,,122
,,,234
,,,155
,,,253
,,,29
,,,210
,,,0
,,,51
,,,227
,,,29
,,,226
,,,14
,,,254
,,,210
,,,177
,,,111
,,,16
,,,183
,,,0
,,,17
,,,81
,,,255
,,,255
,,,170
,,,255
,,,55
,,,204
,,,149
,,,1
,,,0
,,,39
,,,255
,,,255
,,,110
,,,54
,,,191
,,,126
,,,74
,,,236
,,,200
,,,118
,,,255
,,,0
,,,2
,,,186
,,,203
,,,35
,,,168
,,,188
,,,250
,,,231
,,,10
,,,83
,,,218
,,,255
,,,189
,,,141
,,,18
,,,0
,,,197
,,,255
,,,156
,,,237
,,,128
,,,37
,,,255
,,,49
,,,0
,,,99
,,,210
,,,71
,,,154
,,,255
,,,56
,,,140
,,,136
,,,116
,,,255
,,,44
,,,104
,,,253
,,,163
,,,36
,,,16
,,,255
,,,39
,,,2
,,,255
,,,89
,,,14
,,,147
,,,10
,,,194
,,,116
,,,150
,,,195
,,,42
,,,255
,,,55
,,,82
,,,0
,,,109
,,,0
,,,53
,,,165
,,,254
,,,96
,,,50
,,,147
,,,209
,,,0
,,,183
,,,147
,,,0
,,,90
,,,255
,,,87
,,,88
,,,0
,,,12
,,,255
,,,118
,,,27
,,,14
,,,222
,,,221
,,,77
,,,241
,,,187
,,,27
,,,244
,,,102
,,,104
,,,253
,,,79
,,,0
,,,247
,,,36
,,,255
,,,205
,,,255
,,,203
,,,255
,,,0
,,,127
,,,0
,,,36
,,,234
,,,255
,,,227
,,,255
,,,255
,,,7
,,,116
,,,97
,,,54
,,,253
,,,0
,,,24
,,,0
,,,47
,,,226
,,,148
,,,0
,,,162
,,,122
,,,134
,,,149
,,,99
,,,227
,,,8
,,,0
,,,178
,,,101
,,,112
,,,157
,,,114
,,,154
,,,238
,,,143
,,,59
,,,99
,,,209
,,,31
,,,110
,,,255
,,,184
,,,201
,,,129
,,,55
,,,108
,,,32
,,,255
,,,255
,,,178
,,,170
,,,15
,,,254
,,,255
,,,255
,,,70
,,,129
,,,92
,,,0
,,,241
,,,218
,,,174
,,,0
,,,255
,,,84
,,,255
,,,255
,,,255
,,,225
,,,210
,,,207
,,,109
,,,159
,,,9
,,,93
,,,255
,,,181
,,,63
,,,116
,,,70
,,,0
,,,21
,,,89
,,,255
,,,164
,,,134
,,,8
,,,250
,,,116
,,,237
,,,101
,,,255
,,,255
,,,181
,,,58
,,,85
,,,14
,,,36
,,,248
,,,213
,,,211
,,,87
,,,7
,,,177
,,,121
,,,134
,,,216
,,,43
,,,26
,,,175
,,,89
,,,209
,,,147
,,,203
,,,255
,,,124
,,,0
,,,0
,,,247
,,,157
,,,210
,,,84
,,,27
,,,209
,,,133
,,,1
,,,3
,,,18
,,,0
,,,157
,,,0
,,,118
,,,0
,,,158
,,,100
,,,58
,,,147
,,,254
,,,64
,,,212
,,,196
,,,100
,,,6
,,,214
,,,201
,,,176
,,,53
,,,0
,,,27
,,,133
,,,144
,,,143
,,,87
,,,103
,,,160
,,,156
,,,255
,,,54
,,,110
,,,245
,,,0
,,,25
,,,0
,,,255
,,,0
,,,255
,,,59
,,,86
,,,0
,,,207
,,,139
,,,15
,,,2
,,,0
,,,8
,,,187
,,,254
,,,255
,,,226
,,,21
,,,213
,,,252
,,,191
,,,26
,,,133
,,,208
,,,250
,,,41
,,,229
,,,0
,,,144
,,,70
,,,0
,,,21
,,,37
,,,0
,,,196
,,,86
,,,0
,,,255
,,,96
,,,18
,,,178
,,,89
,,,182
,,,240
,,,217
,,,25
,,,198
,,,25
,,,114
,,,54
,,,0
,,,126
,,,4
,,,56
,,,97
,,,96
,,,0
,,,189
,,,164
,,,103
,,,60
,,,28
,,,29
,,,17
,,,246
,,,20
,,,201
,,,110
,,,162
,,,191
,,,103
,,,255
,,,222
,,,2
,,,228
,,,50
,,,123
,,,168
,,,252
,,,254
,,,92
,,,141
,,,2
,,,237
,,,13
,,,214
,,,16
,,,247
,,,255
,,,94
,,,219
,,,86
,,,0
,,,255
,,,95
,,,185
,,,235
,,,160
,,,249
,,,41
,,,185
,,,115
,,,49
,,,254
,,,176
,,,46
,,,254
,,,201
,,,103
,,,206
,,,126
,,,252
,,,42
,,,238
,,,37
,,,81
,,,0
,,,0
,,,53
,,,160
,,,255
,,,252
,,,34
,,,104
,,,146
,,,254
,,,104
,,,1
,,,112
,,,205
,,,255
,,,201
,,,62
,,,165
,,,59
,,,247
,,,178
,,,95
,,,87
,,,57
,,,119
,,,168
,,,93
,,,209
,,,174
,,,237
,,,84
,,,185
,,,209
,,,211
,,,128
,,,103
,,,58
,,,24
,,,116
,,,198
,,,111
,,,231
,,,242
,,,145
,,,254
,,,75
,,,127
,,,160
,,,234
,,,170
,,,116
,,,115
,,,251
,,,129
,,,76
,,,203
,,,148
,,,138
,,,156
,,,97
,,,110
,,,253
,,,164
,,,251
,,,55
,,,87
,,,3
,,,155
,,,230
,,,197
,,,52
,,,88
,,,199
,,,76
,,,136
,,,249
,,,165
,,,203
,,,142
,,,136
,,,244
,,,59
,,,17
,,,190
,,,87
,,,177
,,,211
,,,156
,,,255
,,,255
,,,2
,,,51
,,,204
,,,93
,,,219
,,,56
,,,230
,,,255
,,,255
,,,4
,,,254
,,,255
,,,68
,,,255
,,,140
,,,249
,,,255
,,,218
,,,255
,,,11
,,,71
,,,78
,,,254
,,,255
,,,101
,,,248
,,,255
,,,119
,,,145
,,,0
,,,70
,,,243
,,,130
,,,255
,,,196
,,,254
,,,12
,,,151
,,,221
,,,254
,,,255
,,,237
,,,253
,,,246
,,,87
,,,255
,,,0
,,,96
,,,214
,,,255
,,,112
,,,67
,,,10
,,,7
,,,177
,,,0
,,,99
,,,46
,,,221
,,,36
,,,247
,,,9
,,,180
,,,187
,,,224
,,,36
,,,87
,,,14
,,,177
,,,170
,,,111
,,,0
,,,50
,,,0
,,,126
,,,213
,,,130
,,,207
,,,0
,,,76
,,,255
,,,53
,,,92
,,,103
,,,79
,,,177
,,,220
,,,55
,,,211
,,,0
,,,90
,,,253
,,,102
,,,250
,,,247
,,,228
,,,238
,,,69
,,,0
,,,51
,,,150
,,,30
,,,0
,,,255
,,,49
,,,26
,,,255
,,,66
,,,3
,,,230
,,,131
,,,77
,,,255
,,,39
,,,0
,,,152
,,,172
,,,141
,,,162
,,,48
,,,158
,,,170
,,,199
,,,131
,,,31
,,,254
,,,192
,,,191
,,,61
,,,0
,,,117
,,,255
,,,124
,,,153
,,,133
,,,231
,,,177
,,,112
,,,76
,,,67
,,,122
,,,3
,,,0
,,,7
,,,209
,,,160
,,,159
,,,255
,,,176
,,,174
,,,43
,,,225
,,,0
,,,255
,,,82
,,,79
,,,47
,,,229
,,,19
,,,251
,,,219
,,,254
,,,255
,,,35
,,,97
,,,19
,,,255
,,,70
,,,253
,,,0
,,,151
,,,211
,,,209
,,,0
,,,53
,,,142
,,,127
,,,0
,,,83
,,,158
,,,255
,,,169
,,,63
,,,137
,,,117
,,,168
,,,251
,,,255
,,,255
,,,0
,,,0
,,,189
,,,103
,,,237
,,,180
,,,182
,,,77
,,,117
,,,254
,,,128
,,,213
,,,108
,,,254
,,,89
,,,184
,,,32
,,,63
,,,19
,,,26
,,,59
,,,171
,,,186
,,,254
,,,191
,,,248
,,,6
,,,70
,,,186
,,,160
,,,54
,,,214
,,,17
,,,24
,,,246
,,,162
,,,96
,,,235
,,,0
,,,116
,,,169
,,,71
,,,123
,,,156
,,,173
,,,243
,,,247
,,,251
,,,15
,,,38
,,,2
,,,110
,,,131
,,,200
,,,11
,,,171
,,,204
,,,24
,,,255
,,,226
,,,182
,,,255
,,,193
,,,176
,,,104
,,,65
,,,252
,,,196
,,,184
,,,116
,,,0
,,,254
,,,111
,,,97
,,,189
,,,0
,,,207
,,,0
,,,24
,,,50
,,,175
,,,166
,,,53
,,,110
,,,170
,,,38
,,,58
,,,50
,,,89
,,,141
,,,169
,,,47
,,,254
,,,188
,,,142
,,,66
,,,196
,,,229
,,,148
,,,130
,,,2
,,,28
,,,255
,,,112
,,,182
,,,143
,,,147
,,,126
,,,14
,,,158
,,,242
,,,12
,,,0
,,,164
,,,122
,,,185
,,,93
,,,82
,,,123
,,,202
,,,197
,,,15
,,,110
,,,253
,,,169
,,,255
,,,0
,,,110
,,,205
,,,244
,,,38
,,,26
,,,87
,,,255
,,,1
,,,130
,,,0
,,,175
,,,154
,,,91
,,,253
,,,165
,,,38
,,,162
,,,192
,,,255
,,,246
,,,255
,,,255
,,,60
,,,170
,,,160
,,,0
,,,254
,,,0
,,,0
,,,91
,,,233
,,,227
,,,78
,,,45
,,,183
,,,94
,,,0
,,,1
,,,68
,,,0
,,,100
,,,175
,,,160
,,,0
,,,56
,,,225
,,,65
,,,255
,,,0
,,,0
,,,196
,,,118
,,,226
,,,49
,,,255
,,,214
,,,64
,,,200
,,,167
,,,255
,,,134
,,,148
,,,240
,,,37
,,,253
,,,63
,,,200
,,,199
,,,255
,,,203
,,,103
,,,121
,,,81
,,,22
,,,52
,,,28
,,,255
,,,208
,,,177
,,,212
,,,255
,,,0
,,,170
,,,5
,,,204
,,,179
,,,159
,,,57
,,,28
,,,2
,,,99
,,,229
,,,98
,,,80
,,,81
,,,254
,,,255
,,,0
,,,200
,,,254
,,,0
,,,195
,,,64
,,,35
,,,0
,,,255
,,,38
,,,86
,,,248
,,,50
,,,255
,,,93
,,,178
,,,147
,,,32
,,,226
,,,94
,,,164
,,,0
,,,209
,,,56
,,,255
,,,157
,,,73
,,,200
,,,6
,,,131
,,,0
,,,73
,,,88
,,,3
,,,29
,,,129
,,,90
,,,255
,,,192
,,,172
,,,241
,,,203
,,,195
,,,253
,,,101
,,,254
,,,98
,,,46
,,,152
,,,69
,,,211
,,,255
,,,255
,,,250
,,,255
,,,239
,,,99
,,,207
,,,255
,,,27
,,,45
,,,74
,,,99
,,,77
,,,36
,,,24
,,,203
,,,95
,,,255
,,,254
,,,48
,,,98
,,,58
,,,128
,,,0
,,,0
,,,255
,,,190
,,,180
,,,247
,,,66
,,,150
,,,208
,,,159
,,,179
,,,0
,,,252
,,,159
,,,255
,,,217
,,,255
,,,173
,,,25
,,,48
,,,61
,,,54
,,,44
,,,200
,,,254
,,,180
,,,66
,,,92
,,,111
,,,2
,,,45
,,,42
,,,66
,,,59
,,,196
,,,248
,,,2
,,,211
,,,42
,,,190
,,,106
,,,151
,,,22
,,,209
,,,105
,,,172
,,,255
,,,0
,,,255
,,,246
,,,104
,,,255
,,,47
,,,244
,,,214
,,,62
,,,0
,,,0
,,,255
,,,255
,,,252
,,,96
,,,3
,,,186
,,,101
,,,110
,,,26
,,,0
,,,12
,,,85
,,,18
,,,254
,,,197
,,,121
,,,230
,,,202
,,,224
,,,110
,,,247
,,,4
,,,198
,,,247
,,,255
,,,74
,,,166
,,,96
,,,88
,,,144
,,,159
,,,173
,,,180
,,,0
,,,255
,,,146
,,,59
,,,229
,,,251
,,,48
,,,143
,,,161
,,,211
,,,242
,,,139
,,,88
,,,2
,,,163
,,,213
,,,142
,,,145
,,,142
,,,44
,,,255
,,,47
,,,135
,,,247
,,,195
,,,31
,,,230
,,,0
,,,241
,,,178
,,,254
,,,157
,,,40
,,,13
,,,73
,,,111
,,,38
,,,170
,,,255
,,,255
,,,73
,,,0
,,,13
,,,89
,,,183
,,,255
,,,45
,,,146
,,,211
,,,0
,,,205
,,,108
,,,122
,,,12
,,,175
,,,122
,,,227
,,,66
,,,211
,,,145
,,,138
,,,163
,,,255
,,,187
,,,102
,,,141
,,,19
,,,0
,,,35
,,,236
,,,161
,,,255
,,,14
,,,108
,,,7
,,,23
,,,59
,,,1
,,,13
,,,255
,,,204
,,,121
,,,222
,,,156
,,,93
,,,7
,,,111
,,,231
,,,211
,,,0
,,,108
,,,255
,,,0
,,,54
,,,92
,,,0
,,,106
,,,238
,,,0
,,,206
,,,0
,,,164
,,,128
,,,160
,,,116
,,,13
,,,207
,,,184
,,,215
,,,51
,,,209
,,,14
,,,66
,,,161
,,,209
,,,187
,,,114
,,,195
,,,98
,,,255
,,,191
,,,223
,,,0
,,,4
,,,208
,,,183
,,,115
,,,255
,,,54
,,,36
,,,94
,,,109
,,,209
,,,77
,,,189
,,,0
,,,175
,,,255
,,,33
,,,79
,,,253
,,,174
,,,210
,,,0
,,,67
,,,120
,,,24
,,,0
,,,185
,,,225
,,,228
,,,169
,,,146
,,,170
,,,144
,,,73
,,,79
,,,106
,,,69
,,,84
,,,248
,,,5
,,,44
,,,24
,,,182
,,,255
,,,244
,,,163
,,,255
,,,132
,,,147
,,,255
,,,37
,,,234
,,,85
,,,65
,,,28
,,,252
,,,251
,,,167
,,,87
,,,104
,,,59
,,,130
,,,77
,,,185
,,,0
,,,0
,,,212
,,,83
,,,159
,,,125
,,,3
,,,140
,,,163
,,,249
,,,67
,,,19
,,,18
,,,254
,,,9
,,,116
,,,92
,,,255
,,,180
,,,211
,,,70
,,,255
,,,245
,,,254
,,,91
,,,209
,,,93
,,,177
,,,103
,,,0
,,,2
,,,250
,,,100
,,,57
,,,102
,,,254
,,,251
,,,122
,,,7
,,,0
,,,0
,,,122
,,,255
,,,205
,,,46
,,,181
,,,130
,,,99
,,,164
,,,35
,,,171
,,,0
,,,74
,,,244
,,,59
,,,229
,,,76
,,,255
,,,182
,,,193
,,,255
,,,116
,,,252
,,,185
,,,70
,,,162
,,,229
,,,128
,,,211
,,,217
,,,123
,,,122
,,,213
,,,218
,,,129
,,,138
,,,210
,,,191
,,,62
,,,22
,,,182
,,,98
,,,200
,,,5
,,,23
,,,208
,,,0
,,,205
,,,62
,,,5
,,,7
,,,165
,,,87
,,,139
,,,176
,,,108
,,,143
,,,255
,,,128
,,,175
,,,83
,,,108
,,,59
,,,93
,,,8
,,,42
,,,67
,,,186
,,,209
,,,141
,,,202
,,,243
,,,250
,,,53
,,,166
,,,94
,,,2
,,,50
,,,97
,,,125
,,,255
,,,0
,,,255
,,,185
,,,197
,,,52
,,,152
,,,42
,,,251
,,,56
,,,255
,,,255
,,,48
,,,171
,,,71
,,,117
,,,103
,,,29
,,,132
,,,104
,,,234
,,,111
,,,91
,,,0
,,,0
,,,99
,,,32
,,,80
,,,31
,,,184
,,,250
,,,252
,,,158
,,,182
,,,248
,,,213
,,,28
,,,74
,,,125
,,,82
,,,120
,,,67
,,,244
,,,103
,,,173
,,,16
,,,127
,,,182
,,,57
,,,169
,,,149
,,,255
,,,232
,,,255
,,,154
,,,138
,,,74
,,,92
,,,255
,,,111
,,,197
,,,255
,,,216
,,,198
,,,97
,,,69
,,,59
,,,33
,,,207
,,,6
,,,199
,,,102
,,,32
,,,2
,,,116
,,,251
,,,59
,,,206
,,,182
,,,33
,,,252
,,,3
,,,92
,,,211
,,,1
,,,0
,,,5
,,,208
,,,14
,,,251
,,,176
,,,16
,,,35
,,,238
,,,252
,,,152
,,,54
,,,254
,,,29
,,,71
,,,203
,,,166
,,,167
,,,136
,,,100
,,,184
,,,4
,,,226
,,,222
,,,250
,,,71
,,,177
,,,74
,,,247
,,,150
,,,15
,,,253
,,,4
,,,2
,,,127
,,,255
,,,108
,,,255
,,,140
,,,140
,,,137
,,,157
,,,163
,,,206
,,,152
,,,167
,,,79
,,,2
,,,193
,,,37
,,,54
,,,143
,,,0
,,,255
,,,162
,,,98
,,,255
,,,162
,,,246
,,,255
,,,54
,,,224
,,,84
,,,209
,,,95
,,,9
,,,95
,,,211
,,,176
,,,211
,,,236
,,,66
,,,209
,,,130
,,,109
,,,254
,,,212
,,,221
,,,9
,,,74
,,,58
,,,135
,,,255
,,,176
,,,168
,,,3
,,,8
,,,250
,,,184
,,,211
,,,154
,,,40
,,,140
,,,1
,,,139
,,,104
,,,92
,,,32
,,,127
,,,141
,,,252
,,,220
,,,49
,,,48
,,,231
,,,245
,,,23
,,,83
,,,92
,,,255
,,,246
,,,128
,,,255
,,,76
,,,40
,,,130
,,,212
,,,255
,,,33
,,,55
,,,42
,,,132
,,,215
,,,239
,,,23
,,,116
,,,170
,,,206
,,,0
,,,0
,,,179
,,,143
,,,253
,,,125
,,,0
,,,20
,,,181
,,,39
,,,227
,,,182
,,,163
,,,229
,,,198
,,,146
,,,0
,,,209
,,,188
,,,68
,,,206
,,,20
,,,153
,,,253
,,,245
,,,0
,,,213
,,,185
,,,195
,,,203
,,,3
,,,125
,,,97
,,,86
,,,255
,,,107
,,,175
,,,108
,,,12
,,,252
,,,87
,,,0
,,,103
,,,90
,,,58
,,,84
,,,36
,,,255
,,,125
,,,254
,,,254
,,,8
,,,2
,,,146
,,,0
,,,255
,,,96
,,,61
,,,53
,,,0
,,,255
,,,238
,,,255
,,,42
,,,166
,,,44
,,,255
,,,109
,,,18
,,,25
,,,255
,,,198
,,,255
,,,165
,,,255
,,,244
,,,162
,,,150
,,,172
,,,82
,,,255
,,,125
,,,123
,,,63
,,,14
,,,59
,,,61
,,,255
,,,0
,,,0
,,,35
,,,255
,,,140
,,,118
,,,165
,,,174
,,,92
,,,165
,,,255
,,,125
,,,77
,,,93
,,,195
,,,27
,,,149
,,,24
,,,238
,,,208
,,,37
,,,0
,,,28
,,,36
,,,233
,,,42
,,,255
,,,52
,,,6
,,,128
,,,6
,,,200
,,,123
,,,253
,,,152
,,,231
,,,74
,,,254
,,,48
,,,231
,,,144
,,,130
,,,0
,,,181
,,,5
,,,82
,,,65
,,,114
,,,226
,,,139
,,,0
,,,65
,,,95
,,,175
,,,255
,,,150
,,,226
,,,151
,,,1
,,,203
,,,11
,,,254
,,,255
,,,233
,,,66
,,,21
,,,54
,,,254
,,,73
,,,15
,,,0
,,,211
,,,229
,,,41
,,,254
,,,142
,,,31
,,,93
,,,244
,,,244
,,,5
,,,253
,,,251
,,,77
,,,0
,,,238
,,,11
,,,36
,,,0
,,,0
,,,179
,,,252
,,,11
,,,145
,,,203
,,,170
,,,48
,,,72
,,,45
,,,184
,,,84
,,,163
,,,189
,,,65
,,,255
,,,57
,,,53
,,,14
,,,49
,,,87
,,,255
,,,248
,,,158
,,,44
,,,80
,,,0
,,,251
,,,181
,,,91
,,,218
,,,144
,,,163
,,,251
,,,231
,,,101
,,,0
,,,255
,,,90
,,,96
,,,221
,,,55
,,,249
,,,255
,,,0
,,,255
,,,183
,,,191
,,,154
,,,201
,,,255
,,,54
,,,189
,,,158
,,,251
,,,49
,,,50
,,,255
,,,0
,,,173
,,,185
,,,11
,,,181
,,,108
,,,203
,,,44
,,,125
,,,165
,,,249
,,,211
,,,193
,,,168
,,,36
,,,187
,,,35
,,,217
,,,255
,,,252
,,,245
,,,223
,,,40
,,,218
,,,233
,,,255
,,,17
,,,64
,,,39
,,,255
,,,163
,,,234
,,,117
,,,78
,,,184
,,,91
,,,204
,,,0
,,,198
,,,18
,,,62
,,,91
,,,255
,,,254
,,,255
,,,153
,,,21
,,,1
,,,82
,,,54
,,,250
,,,188
,,,196
,,,9
,,,235
,,,40
,,,182
,,,120
,,,54
,,,91
,,,9
,,,254
,,,0
,,,244
,,,255
,,,0
,,,244
,,,255
,,,203
,,,77
,,,50
,,,247
,,,192
,,,229
,,,255
,,,0
,,,127
,,,192
,,,255
,,,250
,,,255
,,,250
,,,162
,,,34
,,,190
,,,223
,,,128
,,,248
,,,83
,,,255
,,,136
,,,0
,,,61
,,,172
,,,22
,,,81
,,,252
,,,0
,,,74
,,,98
,,,30
,,,200
,,,104
,,,59
,,,0
,,,171
,,,0
,,,121
,,,162
,,,207
,,,228
,,,8
,,,200
,,,0
,,,112
,,,191
,,,246
,,,254
,,,253
,,,255
,,,110
,,,255
,,,17
,,,100
,,,16
,,,202
,,,255
,,,114
,,,248
,,,255
,,,235
,,,55
,,,208
,,,0
,,,255
,,,153
,,,207
,,,252
,,,209
,,,204
,,,55
,,,255
,,,58
,,,83
,,,143
,,,148
,,,224
,,,9
,,,93
,,,203
,,,38
,,,255
,,,232
,,,2
,,,0
,,,96
,,,255
,,,211
,,,207
,,,0
,,,0
,,,132
,,,255
,,,129
,,,16
,,,255
,,,108
,,,230
,,,235
,,,236
,,,0
,,,71
,,,175
,,,6
,,,112
,,,136
,,,5
,,,87
,,,20
,,,54
,,,197
,,,255
,,,0
,,,67
,,,73
,,,228
,,,164
,,,255
,,,124
,,,232
,,,183
,,,153
,,,87
,,,88
,,,244
,,,228
,,,182
,,,230
,,,255
,,,168
,,,107
,,,129
,,,154
,,,104
,,,211
,,,134
,,,163
,,,38
,,,12
,,,210
,,,77
,,,255
,,,254
,,,190
,,,0
,,,254
,,,0
,,,207
,,,237
,,,0
,,,0
,,,255
,,,255
,,,83
,,,186
,,,143
,,,0
,,,0
,,,147
,,,238
,,,19
,,,250
,,,4
,,,255
,,,0
,,,61
,,,2
,,,149
,,,133
,,,0
,,,22
,,,198
,,,255
,,,222
,,,227
,,,122
,,,0
,,,247
,,,9
,,,26
,,,34
,,,255
,,,29
,,,255
,,,208
,,,247
,,,6
,,,255
,,,112
,,,0
,,,123
,,,0
,,,144
,,,255
,,,133
,,,85
,,,181
,,,91
,,,144
,,,6
,,,84
,,,255
,,,223
,,,0
,,,254
,,,185
,,,20
,,,251
,,,229
,,,53
,,,14
,,,255
,,,44
,,,45
,,,77
,,,255
,,,93
,,,177
,,,203
,,,128
,,,98
,,,80
,,,235
,,,2
,,,74
,,,0
,,,186
,,,59
,,,8
,,,100
,,,155
,,,30
,,,209
,,,40
,,,255
,,,174
,,,248
,,,7
,,,112
,,,186
,,,21
,,,255
,,,25
,,,102
,,,24
,,,163
,,,87
,,,255
,,,170
,,,177
,,,110
,,,192
,,,95
,,,184
,,,100
,,,93
,,,208
,,,47
,,,120
,,,80
,,,248
,,,8
,,,49
,,,197
,,,180
,,,164
,,,238
,,,215
,,,226
,,,252
,,,243
,,,254
,,,58
,,,255
,,,255
,,,165
,,,87
,,,255
,,,1
,,,124
,,,254
,,,37
,,,108
,,,27
,,,200
,,,132
,,,255
,,,245
,,,17
,,,3
,,,155
,,,80
,,,173
,,,91
,,,255
,,,205
,,,37
,,,75
,,,183
,,,6
,,,168
,,,194
,,,181
,,,85
,,,200
,,,170
,,,121
,,,89
,,,138
,,,83
,,,47
,,,188
,,,29
,,,181
,,,186
,,,118
,,,202
,,,197
,,,77
,,,77
,,,15
,,,85
,,,157
,,,2
,,,141
,,,255
,,,0
,,,4
,,,211
,,,75
,,,61
,,,229
,,,10
,,,176
,,,0
,,,139
,,,0
,,,111
,,,65
,,,208
,,,9
,,,168
,,,255
,,,110
,,,26
,,,18
,,,145
,,,132
,,,233
,,,191
,,,255
,,,3
,,,39
,,,168
,,,84
,,,174
,,,214
,,,118
,,,254
,,,26
,,,9
,,,153
,,,87
,,,160
,,,53
,,,149
,,,211
,,,0
,,,243
,,,227
,,,37
,,,1
,,,135
,,,255
,,,0
,,,39
,,,20
,,,88
,,,206
,,,182
,,,83
,,,255
,,,163
,,,88
,,,40
,,,82
,,,145
,,,255
,,,249
,,,89
,,,172
,,,246
,,,0
,,,27
,,,254
,,,242
,,,128
,,,110
,,,1
,,,255
,,,228
,,,255
,,,173
,,,120
,,,255
,,,65
,,,145
,,,59
,,,254
,,,141
,,,106
,,,179
,,,0
,,,72
,,,255
,,,11
,,,255
,,,79
,,,49
,,,241
,,,105
,,,59
,,,255
,,,3
,,,101
,,,225
,,,117
,,,209
,,,144
,,,0
,,,117
,,,138
,,,122
,,,30
,,,254
,,,68
,,,46
,,,147
,,,205
,,,255
,,,144
,,,157
,,,178
,,,20
,,,83
,,,11
,,,57
,,,32
,,,189
,,,0
,,,186
,,,43
,,,137
,,,238
,,,42
,,,0
,,,249
,,,235
,,,92
,,,183
,,,255
,,,252
,,,162
,,,54
,,,39
,,,0
,,,104
,,,55
,,,7
,,,131
,,,255
,,,70
,,,44
,,,181
,,,244
,,,58
,,,37
,,,89
,,,131
,,,204
,,,253
,,,108
,,,87
,,,173
,,,192
,,,17
,,,255
,,,211
,,,113
,,,252
,,,201
,,,99
,,,169
,,,0
,,,243
,,,135
,,,127
,,,77
,,,168
,,,176
,,,132
,,,186
,,,0
,,,26
,,,6
,,,198
,,,3
,,,241
,,,192
,,,12
,,,116
,,,252
,,,0
,,,150
,,,144
,,,229
,,,209
,,,65
,,,184
,,,38
,,,73
,,,140
,,,181
,,,51
,,,37
,,,75
,,,74
,,,50
,,,157
,,,137
,,,162
,,,211
,,,10
,,,18
,,,170
,,,191
,,,23
,,,141
,,,0
,,,188
,,,84
,,,177
,,,8
,,,20
,,,198
,,,209
,,,255
,,,199
,,,0
,,,210
,,,8
,,,59
,,,30
,,,252
,,,232
,,,0
,,,16
,,,160
,,,27
,,,205
,,,144
,,,152
,,,154
,,,191
,,,218
,,,227
,,,23
,,,0
,,,35
,,,168
,,,186
,,,18
,,,170
,,,8
,,,13
,,,208
,,,83
,,,217
,,,0
,,,231
,,,112
,,,210
,,,175
,,,25
,,,255
,,,100
,,,253
,,,54
,,,207
,,,170
,,,250
,,,220
,,,123
,,,211
,,,0
,,,138
,,,88
,,,0
,,,253
,,,0
,,,1
,,,6
,,,32
,,,247
,,,125
,,,100
,,,60
,,,56
,,,167
,,,23
,,,21
,,,0
,,,205
,,,218
,,,131
,,,149
,,,146
,,,52
,,,120
,,,196
,,,91
,,,35
,,,0
,,,196
,,,193
,,,252
,,,239
,,,0
,,,139
,,,73
,,,6
,,,89
,,,3
,,,175
,,,209
,,,89
,,,255
,,,0
,,,254
,,,54
,,,255
,,,0
,,,99
,,,0
,,,97
,,,77
,,,12
,,,139
,,,251
,,,1
,,,127
,,,111
,,,255
,,,84
,,,254
,,,122
,,,160
,,,116
,,,159
,,,40
,,,28
,,,66
,,,119
,,,59
,,,2
,,,75
,,,142
,,,255
,,,255
,,,196
,,,147
,,,242
,,,83
,,,179
,,,255
,,,85
,,,59
,,,209
,,,74
,,,255
,,,77
,,,2
,,,93
,,,255
,,,255
,,,33
,,,133
,,,182
,,,161
,,,34
,,,188
,,,185
,,,218
,,,188
,,,70
,,,111
,,,133
,,,224
,,,0
,,,127
,,,245
,,,56
,,,255
,,,149
,,,237
,,,42
,,,255
,,,40
,,,125
,,,218
,,,192
,,,153
,,,255
,,,216
,,,133
,,,244
,,,255
,,,81
,,,250
,,,255
,,,115
,,,235
,,,29
,,,255
,,,226
,,,23
,,,37
,,,132
,,,48
,,,232
,,,193
,,,233
,,,230
,,,41
,,,200
,,,90
,,,0
,,,255
,,,40
,,,255
,,,252
,,,42
,,,253
,,,88
,,,251
,,,37
,,,244
,,,231
,,,152
,,,228
,,,2
,,,50
,,,254
,,,255
,,,111
,,,0
,,,3
,,,152
,,,152
,,,51
,,,22
,,,254
,,,0
,,,0
,,,92
,,,0
,,,89
,,,119
,,,246
,,,42
,,,107
,,,252
,,,172
,,,14
,,,198
,,,1
,,,128
,,,182
,,,3
,,,119
,,,131
,,,234
,,,168
,,,46
,,,233
,,,205
,,,36
,,,183
,,,0
,,,203
,,,82
,,,130
,,,212
,,,165
,,,228
,,,148
,,,242
,,,209
,,,122
,,,16
,,,42
,,,51
,,,0
,,,134
,,,233
,,,1
,,,54
,,,52
,,,16
,,,42
,,,198
,,,58
,,,227
,,,139
,,,122
,,,253
,,,0
,,,207
,,,131
,,,129
,,,0
,,,0
,,,255
,,,252
,,,6
,,,34
,,,196
,,,226
,,,77
,,,195
,,,255
,,,240
,,,0
,,,70
,,,229
,,,255
,,,82
,,,255
,,,88
,,,249
,,,104
,,,117
,,,101
,,,114
,,,255
,,,53
,,,0
,,,247
,,,170
,,,121
,,,111
,,,80
,,,134
,,,103
,,,252
,,,72
,,,255
,,,209
,,,255
,,,255
,,,255
,,,74
,,,236
,,,33
,,,118
,,,143
,,,207
,,,206
,,,98
,,,255
,,,71
,,,96
,,,182
,,,255
,,,98
,,,255
,,,6
,,,134
,,,255
,,,122
,,,42
,,,170
,,,227
,,,58
,,,100
,,,255
,,,251
,,,95
,,,48
,,,54
,,,97
,,,149
,,,254
,,,165
,,,189
,,,255
,,,85
,,,77
,,,92
,,,255
,,,99
,,,0
,,,188
,,,255
,,,0
,,,172
,,,81
,,,69
,,,104
,,,202
,,,244
,,,255
,,,192
,,,255
,,,94
,,,0
,,,229
,,,211
,,,6
,,,2
,,,3
,,,254
,,,208
,,,210
,,,255
,,,63
,,,255
,,,4
,,,155
,,,213
,,,241
,,,211
,,,42
,,,104
,,,246
,,,255
,,,116
,,,107
,,,2
,,,39
,,,175
,,,155
,,,139
,,,254
,,,0
,,,135
,,,231
,,,199
,,,112
,,,255
,,,58
,,,182
,,,41
,,,13
,,,133
,,,2
,,,51
,,,111
,,,58
,,,139
,,,142
,,,234
,,,85
,,,255
,,,255
,,,181
,,,91
,,,255
,,,8
,,,27
,,,229
,,,107
,,,154
,,,152
,,,210
,,,255
,,,9
,,,3
,,,28
,,,166
,,,34
,,,194
,,,21
,,,175
,,,11
,,,95
,,,253
,,,12
,,,87
,,,28
,,,138
,,,48
,,,27
,,,250
,,,104
,,,97
,,,252
,,,0
,,,217
,,,133
,,,159
,,,54
,,,82
,,,253
,,,231
,,,166
,,,71
,,,72
,,,100
,,,248
,,,0
,,,141
,,,195
,,,26
,,,0
,,,0
,,,255
,,,113
,,,100
,,,148
,,,54
,,,0
,,,254
,,,229
,,,80
,,,133
,,,89
,,,128
,,,180
,,,3
,,,63
,,,255
,,,0
,,,70
,,,242
,,,253
,,,123
,,,252
,,,255
,,,81
,,,53
,,,0
,,,118
,,,225
,,,101
,,,255
,,,79
,,,130
,,,130
,,,57
,,,3
,,,77
,,,128
,,,138
,,,253
,,,86
,,,95
,,,74
,,,75
,,,180
,,,33
,,,252
,,,2
,,,0
,,,107
,,,254
,,,42
,,,154
,,,0
,,,92
,,,172
,,,180
,,,227
,,,93
,,,95
,,,149
,,,19
,,,0
,,,62
,,,100
,,,216
,,,1
,,,181
,,,151
,,,255
,,,241
,,,7
,,,165
,,,27
,,,0
,,,14
,,,219
,,,43
,,,255
,,,227
,,,195
,,,154
,,,39
,,,174
,,,255
,,,209
,,,255
,,,255
,,,0
,,,42
,,,230
,,,173
,,,233
,,,102
,,,255
,,,221
,,,210
,,,0
,,,99
,,,191
,,,247
,,,0
,,,45
,,,146
,,,67
,,,121
,,,255
,,,147
,,,86
,,,99
,,,16
,,,137
,,,147
,,,255
,,,255
,,,55
,,,74
,,,37
,,,122
,,,0
,,,255
,,,0
,,,92
,,,235
,,,5
,,,58
,,,254
,,,87
,,,255
,,,82
,,,52
,,,28
,,,38
,,,59
,,,212
,,,255
,,,255
,,,161
,,,242
,,,79
,,,255
,,,197
,,,255
,,,71
,,,201
,,,81
,,,98
,,,198
,,,65
,,,253
,,,153
,,,211
,,,248
,,,158
,,,53
,,,255
,,,211
,,,89
,,,63
,,,166
,,,1
,,,148
,,,0
,,,4
,,,176
,,,255
,,,164
,,,201
,,,114
,,,102
,,,217
,,,166
,,,6
,,,255
,,,77
,,,164
,,,17
,,,69
,,,234
,,,251
,,,0
,,,125
,,,177
,,,81
,,,88
,,,6
,,,140
,,,0
,,,53
,,,104
,,,49
,,,141
,,,54
,,,132
,,,255
,,,128
,,,255
,,,255
,,,0
,,,72
,,,132
,,,192
,,,88
,,,76
,,,7
,,,138
,,,0
,,,255
,,,205
,,,74
,,,0
,,,218
,,,8
,,,187
,,,238
,,,12
,,,77
,,,255
,,,144
,,,252
,,,132
,,,171
,,,255
,,,8
,,,195
,,,191
,,,61
,,,18
,,,119
,,,173
,,,179
,,,52
,,,144
,,,66
,,,76
,,,253
,,,68
,,,255
,,,79
,,,172
,,,110
,,,218
,,,197
,,,62
,,,158
,,,110
,,,185
,,,42
,,,87
,,,189
,,,77
,,,110
,,,255
,,,144
,,,184
,,,253
,,,253
,,,96
,,,58
,,,199
,,,238
,,,84
,,,226
,,,124
,,,255
,,,0
,,,6
,,,96
,,,149
,,,97
,,,255
,,,236
,,,65
,,,17
,,,130
,,,106
,,,0
,,,1
,,,101
,,,0
,,,196
,,,255
,,,153
,,,52
,,,207
,,,0
,,,0
,,,2
,,,195
,,,25
,,,189
,,,0
,,,95
,,,225
,,,64
,,,52
,,,90
,,,58
,,,106
,,,219
,,,135
,,,251
,,,255
,,,255
,,,239
,,,250
,,,118
,,,255
,,,58
,,,195
,,,0
,,,174
,,,131
,,,59
,,,28
,,,255
,,,0
,,,247
,,,31
,,,254
,,,26
,,,191
,,,53
,,,54
,,,211
,,,189
,,,222
,,,210
,,,255
,,,227
,,,115
,,,81
,,,67
,,,255
,,,207
,,,128
,,,79
,,,20
,,,239
,,,255
,,,28
,,,20
,,,71
,,,86
,,,208
,,,243
,,,185
,,,225
,,,16
,,,253
,,,169
,,,255
,,,13
,,,0
,,,54
,,,246
,,,255
,,,55
,,,102
,,,143
,,,79
,,,172
,,,0
,,,255
,,,74
,,,0
,,,207
,,,92
,,,200
,,,120
,,,199
,,,174
,,,177
,,,0
,,,205
,,,75
,,,0
,,,65
,,,49
,,,132
,,,176
,,,210
,,,0
,,,102
,,,78
,,,227
,,,46
,,,250
,,,67
,,,0
,,,175
,,,103
,,,71
,,,97
,,,181
,,,27
,,,237
,,,104
,,,225
,,,88
,,,252
,,,149
,,,255
,,,203
,,,169
,,,218
,,,2
,,,126
,,,155
,,,255
,,,77
,,,29
,,,0
,,,201
,,,200
,,,37
,,,197
,,,58
,,,8
,,,48
,,,59
,,,186
,,,26
,,,237
,,,1
,,,121
,,,0
,,,216
,,,169
,,,12
,,,194
,,,172
,,,135
,,,255
,,,233
,,,54
,,,164
,,,74
,,,154
,,,255
,,,255
,,,91
,,,77
,,,87
,,,48
,,,244
,,,90
,,,245
,,,32
,,,110
,,,0
,,,124
,,,131
,,,69
,,,0
,,,255
,,,225
,,,122
,,,40
,,,197
,,,228
,,,255
,,,255
,,,146
,,,28
,,,134
,,,109
,,,192
,,,172
,,,218
,,,255
,,,205
,,,12
,,,245
,,,118
,,,247
,,,91
,,,64
,,,216
,,,92
,,,109
,,,178
,,,244
,,,40
,,,62
,,,100
,,,226
,,,0
,,,158
,,,235
,,,0
,,,7
,,,250
,,,214
,,,0
,,,50
,,,165
,,,231
,,,160
,,,232
,,,255
,,,254
,,,75
,,,0
,,,240
,,,255
,,,250
,,,146
,,,255
,,,68
,,,12
,,,211
,,,245
,,,254
,,,89
,,,204
,,,198
,,,192
,,,163
,,,48
,,,207
,,,79
,,,60
,,,77
,,,98
,,,133
,,,19
,,,156
,,,141
,,,1
,,,62
,,,255
,,,124
,,,186
,,,0
,,,236
,,,0
,,,200
,,,203
,,,108
,,,74
,,,9
,,,29
,,,73
,,,60
,,,0
,,,17
,,,77
,,,105
,,,119
,,,139
,,,128
,,,70
,,,0
,,,255
,,,225
,,,208
,,,245
,,,243
,,,255
,,,189
,,,133
,,,139
,,,79
,,,253
,,,98
,,,67
,,,255
,,,118
,,,180
,,,60
,,,10
,,,55
,,,1
,,,132
,,,17
,,,198
,,,50
,,,211
,,,57
,,,180
,,,0
,,,252
,,,117
,,,159
,,,90
,,,255
,,,251
,,,198
,,,33
,,,211
,,,246
,,,104
,,,255
,,,128
,,,159
,,,13
,,,1
,,,218
,,,9
,,,248
,,,216
,,,226
,,,254
,,,186
,,,56
,,,81
,,,5
,,,200
,,,168
,,,112
,,,102
,,,218
,,,69
,,,171
,,,254
,,,74
,,,56
,,,69
,,,234
,,,184
,,,253
,,,208
,,,252
,,,103
,,,125
,,,238
,,,255
,,,106
,,,180
,,,255
,,,254
,,,255
,,,171
,,,196
,,,255
,,,112
,,,110
,,,135
,,,57
,,,255
,,,255
,,,201
,,,0
,,,203
,,,211
,,,66
,,,106
,,,5
,,,60
,,,110
,,,100
,,,42
,,,139
,,,255
,,,93
,,,96
,,,25
,,,252
,,,255
,,,56
,,,0
,,,189
,,,255
,,,26
,,,0
,,,190
,,,140
,,,2
,,,255
,,,101
,,,48
,,,91
,,,182
,,,0
,,,244
,,,140
,,,81
,,,255
,,,90
,,,255
,,,16
,,,250
,,,38
,,,0
,,,120
,,,207
,,,0
,,,88
,,,164
,,,254
,,,152
,,,185
,,,213
,,,106
,,,134
,,,236
,,,8
,,,160
,,,59
,,,29
,,,254
,,,171
,,,127
,,,255
,,,111
,,,41
,,,172
,,,208
,,,41
,,,81
,,,108
,,,33
,,,229
,,,255
,,,106
,,,0
,,,1
,,,254
,,,209
,,,178
,,,134
,,,0
,,,146
,,,96
,,,51
,,,40
,,,28
,,,140
,,,59
,,,166
,,,255
,,,47
,,,159
,,,65
,,,234
,,,255
,,,0
,,,176
,,,254
,,,83
,,,205
,,,233
,,,12
,,,28
,,,0
,,,255
,,,69
,,,99
,,,0
,,,150
,,,205
,,,75
,,,67
,,,154
,,,121
,,,255
,,,240
,,,5
,,,48
,,,60
,,,182
,,,165
,,,172
,,,255
,,,255
,,,176
,,,155
,,,162
,,,190
,,,254
,,,44
,,,125
,,,171
,,,255
,,,182
,,,239
,,,57
,,,255
,,,43
,,,75
,,,68
,,,199
,,,255
,,,224
,,,77
,,,163
,,,138
,,,21
,,,56
,,,164
,,,0
,,,32
,,,56
,,,160
,,,255
,,,71
,,,239
,,,254
,,,13
,,,59
,,,117
,,,9
,,,70
,,,255
,,,209
,,,81
,,,199
,,,38
,,,247
,,,196
,,,21
,,,255
,,,10
,,,81
,,,255
,,,254
,,,254
,,,243
,,,255
,,,100
,,,2
,,,209
,,,104
,,,255
,,,149
,,,104
,,,82
,,,0
,,,36
,,,204
,,,138
,,,157
,,,223
,,,241
,,,0
,,,16
,,,201
,,,188
,,,255
,,,148
,,,84
,,,168
,,,55
,,,123
,,,255
,,,249
,,,56
,,,90
,,,215
,,,0
,,,171
,,,42
,,,164
,,,5
,,,188
,,,35
,,,41
,,,119
,,,39
,,,36
,,,142
,,,139
,,,58
,,,230
,,,196
,,,210
,,,124
,,,49
,,,65
,,,0
,,,70
,,,121
,,,180
,,,165
,,,247
,,,72
,,,104
,,,156
,,,31
,,,125
,,,51
,,,107
,,,232
,,,16
,,,126
,,,172
,,,33
,,,0
,,,0
,,,231
,,,54
,,,255
,,,14
,,,191
,,,212
,,,139
,,,103
,,,254
,,,108
,,,56
,,,112
,,,0
,,,38
,,,106
,,,255
,,,1
,,,65
,,,255
,,,84
,,,45
,,,254
,,,255
,,,31
,,,114
,,,108
,,,0
,,,6
,,,255
,,,251
,,,215
,,,1
,,,180
,,,48
,,,241
,,,189
,,,0
,,,0
,,,47
,,,201
,,,255
,,,105
,,,144
,,,209
,,,189
,,,0
,,,182
,,,255
,,,63
,,,160
,,,227
,,,145
,,,56
,,,24
,,,248
,,,73
,,,227
,,,244
,,,252
,,,98
,,,9
,,,234
,,,25
,,,150
,,,0
,,,39
,,,140
,,,16
,,,210
,,,73
,,,227
,,,10
,,,255
,,,196
,,,133
,,,161
,,,207
,,,87
,,,28
,,,82
,,,151
,,,254
,,,2
,,,50
,,,227
,,,102
,,,209
,,,127
,,,201
,,,18
,,,42
,,,73
,,,43
,,,95
,,,125
,,,92
,,,82
,,,104
,,,43
,,,88
,,,216
,,,1
,,,255
,,,254
,,,31
,,,53
,,,238
,,,88
,,,123
,,,0
,,,64
,,,192
,,,29
,,,255
,,,86
,,,111
,,,0
,,,255
,,,192
,,,8
,,,30
,,,93
,,,30
,,,199
,,,0
,,,37
,,,42
,,,54
,,,129
,,,196
,,,168
,,,35
,,,62
,,,106
,,,56
,,,122
,,,26
,,,109
,,,17
,,,233
,,,35
,,,49
,,,254
,,,188
,,,255
,,,177
,,,106
,,,165
,,,255
,,,36
,,,175
,,,193
,,,255
,,,173
,,,227
,,,0
,,,166
,,,11
,,,13
,,,29
,,,47
,,,224
,,,211
,,,0
,,,81
,,,144
,,,212
,,,220
,,,0
,,,210
,,,71
,,,255
,,,186
,,,114
,,,159
,,,129
,,,81
,,,196
,,,42
,,,6
,,,6
,,,245
,,,223
,,,255
,,,79
,,,205
,,,50
,,,26
,,,202
,,,91
,,,233
,,,243
,,,0
,,,254
,,,194
,,,102
,,,125
,,,136
,,,248
,,,255
,,,40
,,,110
,,,91
,,,33
,,,72
,,,255
,,,131
,,,245
,,,112
,,,224
,,,35
,,,79
,,,54
,,,189
,,,255
,,,64
,,,100
,,,104
,,,73
,,,98
,,,255
,,,77
,,,168
,,,136
,,,141
,,,59
,,,255
,,,23
,,,255
,,,235
,,,103
,,,254
,,,255
,,,0
,,,43
,,,59
,,,77
,,,56
,,,142
,,,120
,,,0
,,,165
,,,148
,,,103
,,,123
,,,0
,,,227
,,,7
,,,255
,,,230
,,,129
,,,170
,,,255
,,,74
,,,88
,,,90
,,,233
,,,229
,,,163
,,,87
,,,115
,,,236
,,,153
,,,0
,,,216
,,,211
,,,225
,,,244
,,,195
,,,255
,,,73
,,,167
,,,151
,,,132
,,,176
,,,139
,,,42
,,,226
,,,255
,,,44
,,,212
,,,209
,,,122
,,,127
,,,54
,,,193
,,,209
,,,148
,,,5
,,,21
,,,76
,,,116
,,,97
,,,74
,,,239
,,,100
,,,173
,,,133
,,,255
,,,0
,,,123
,,,225
,,,48
,,,19
,,,59
,,,106
,,,211
,,,87
,,,229
,,,194
,,,72
,,,131
,,,250
,,,21
,,,121
,,,121
,,,225
,,,167
,,,189
,,,255
,,,128
,,,186
,,,65
,,,93
,,,54
,,,7
,,,125
,,,244
,,,142
,,,165
,,,92
,,,14
,,,77
,,,12
,,,92
,,,6
,,,92
,,,0
,,,185
,,,195
,,,72
,,,0
,,,251
,,,239
,,,0
,,,103
,,,251
,,,109
,,,162
,,,100
,,,0
,,,160
,,,6
,,,0
,,,196
,,,42
,,,76
,,,29
,,,73
,,,147
,,,12
,,,1
,,,116
,,,254
,,,210
,,,254
,,,241
,,,107
,,,1
,,,80
,,,167
,,,119
,,,41
,,,0
,,,185
,,,111
,,,255
,,,67
,,,239
,,,21
,,,162
,,,255
,,,59
,,,255
,,,177
,,,255
,,,255
,,,164
,,,252
,,,4
,,,63
,,,189
,,,210
,,,75
,,,135
,,,83
,,,221
,,,166
,,,111
,,,83
,,,0
,,,218
,,,16
,,,95
,,,244
,,,112
,,,38
,,,145
,,,255
,,,163
,,,135
,,,123
,,,221
,,,101
,,,123
,,,89
,,,255
,,,0
,,,255
,,,236
,,,12
,,,0
,,,80
,,,0
,,,197
,,,25
,,,206
,,,57
,,,87
,,,226
,,,242
,,,206
,,,65
,,,255
,,,26
,,,0
,,,111
,,,29
,,,196
,,,254
,,,140
,,,15
,,,96
,,,214
,,,254
,,,74
,,,90
,,,104
,,,216
,,,115
,,,202
,,,237
,,,37
,,,16
,,,99
,,,0
,,,4
,,,100
,,,111
,,,0
,,,175
,,,146
,,,221
,,,180
,,,117
,,,0
,,,231
,,,50
,,,88
,,,233
,,,220
,,,209
,,,37
,,,0
,,,0
,,,255
,,,123
,,,196
,,,75
,,,14
,,,132
,,,0
,,,67
,,,82
,,,80
,,,5
,,,164
,,,255
,,,129
,,,188
,,,15
,,,120
,,,254
,,,215
,,,160
,,,59
,,,48
,,,121
,,,0
,,,0
,,,255
,,,228
,,,191
,,,177
,,,2
,,,255
,,,227
,,,255
,,,0
,,,22
,,,255
,,,197
,,,229
,,,208
,,,122
,,,99
,,,3
,,,51
,,,135
,,,187
,,,51
,,,251
,,,255
,,,171
,,,254
,,,89
,,,246
,,,235
,,,178
,,,174
,,,81
,,,126
,,,244
,,,54
,,,74
,,,255
,,,213
,,,40
,,,113
,,,188
,,,108
,,,35
,,,185
,,,0
,,,253
,,,18
,,,254
,,,85
,,,64
,,,83
,,,255
,,,194
,,,255
,,,175
,,,192
,,,174
,,,33
,,,192
,,,253
,,,200
,,,48
,,,0
,,,60
,,,227
,,,139
,,,246
,,,0
,,,255
,,,132
,,,37
,,,227
,,,0
,,,237
,,,197
,,,255
,,,252
,,,98
,,,4
,,,14
,,,0
,,,207
,,,253
,,,0
,,,192
,,,0
,,,6
,,,195
,,,44
,,,94
,,,94
,,,104
,,,167
,,,123
,,,178
,,,85
,,,144
,,,152
,,,143
,,,102
,,,0
,,,240
,,,82
,,,240
,,,1
,,,0
,,,0
,,,210
,,,214
,,,255
,,,37
,,,116
,,,33
,,,12
,,,255
,,,223
,,,6
,,,75
,,,244
,,,32
,,,245
,,,126
,,,196
,,,251
,,,99
,,,147
,,,255
,,,32
,,,36
,,,255
,,,250
,,,53
,,,155
,,,53
,,,255
,,,103
,,,135
,,,28
,,,161
,,,111
,,,38
,,,104
,,,252
,,,255
,,,102
,,,252
,,,0
,,,255
,,,33
,,,255
,,,65
,,,198
,,,77
,,,2
,,,35
,,,177
,,,174
,,,120
,,,178
,,,193
,,,168
,,,162
,,,255
,,,38
,,,95
,,,255
,,,25
,,,142
,,,83
,,,170
,,,27
,,,166
,,,170
,,,42
,,,104
,,,255
,,,175
,,,254
,,,33
,,,14
,,,0
,,,87
,,,255
,,,234
,,,248
,,,55
,,,15
,,,252
,,,1
,,,142
,,,211
,,,250
,,,10
,,,255
,,,29
,,,251
,,,255
,,,117
,,,248
,,,85
,,,27
,,,104
,,,118
,,,255
,,,197
,,,209
,,,25
,,,252
,,,108
,,,80
,,,244
,,,44
,,,196
,,,255
,,,148
,,,144
,,,173
,,,150
,,,0
,,,161
,,,92
,,,149
,,,10
,,,255
,,,95
,,,190
,,,190
,,,197
,,,79
,,,254
,,,44
,,,67
,,,181
,,,48
,,,100
,,,163
,,,106
,,,174
,,,252
,,,50
,,,110
,,,215
,,,182
,,,244
,,,149
,,,74
,,,0
,,,212
,,,188
,,,201
,,,171
,,,228
,,,254
,,,239
,,,194
,,,37
,,,66
,,,90
,,,92
,,,21
,,,88
,,,164
,,,133
,,,122
,,,146
,,,69
,,,178
,,,255
,,,147
,,,195
,,,9
,,,200
,,,58
,,,154
,,,117
,,,149
,,,152
,,,1
,,,107
,,,255
,,,179
,,,0
,,,0
,,,64
,,,178
,,,127
,,,88
,,,152
,,,186
,,,203
,,,0
,,,255
,,,181
,,,44
,,,196
,,,115
,,,245
,,,209
,,,252
,,,195
,,,35
,,,90
,,,131
,,,93
,,,255
,,,123
,,,88
,,,105
,,,255
,,,8
,,,142
,,,216
,,,88
,,,9
,,,255
,,,0
,,,130
,,,0
,,,203
,,,1
,,,176
,,,255
,,,167
,,,146
,,,14
,,,9
,,,43
,,,59
,,,166
,,,189
,,,255
,,,252
,,,145
,,,69
,,,111
,,,206
,,,0
,,,0
,,,73
,,,191
,,,6
,,,255
,,,152
,,,204
,,,69
,,,217
,,,33
,,,90
,,,0
,,,255
,,,133
,,,95
,,,56
,,,20
,,,255
,,,219
,,,116
,,,71
,,,178
,,,2
,,,107
,,,168
,,,246
,,,171
,,,177
,,,210
,,,212
,,,254
,,,218
,,,118
,,,233
,,,66
,,,92
,,,158
,,,191
,,,153
,,,40
,,,130
,,,28
,,,145
,,,116
,,,85
,,,255
,,,186
,,,2
,,,229
,,,0
,,,11
,,,93
,,,245
,,,58
,,,134
,,,110
,,,103
,,,57
,,,76
,,,188
,,,179
,,,151
,,,98
,,,110
,,,194
,,,55
,,,29
,,,227
,,,161
,,,0
,,,0
,,,87
,,,251
,,,255
,,,211
,,,88
,,,134
,,,150
,,,0
,,,16
,,,254
,,,211
,,,191
,,,210
,,,0
,,,65
,,,160
,,,140
,,,54
,,,112
,,,162
,,,17
,,,210
,,,254
,,,57
,,,209
,,,111
,,,4
,,,209
,,,0
,,,186
,,,110
,,,162
,,,5
,,,255
,,,71
,,,112
,,,218
,,,59
,,,229
,,,99
,,,35
,,,48
,,,217
,,,1
,,,196
,,,3
,,,231
,,,255
,,,255
,,,121
,,,251
,,,187
,,,237
,,,254
,,,77
,,,57
,,,6
,,,143
,,,180
,,,102
,,,43
,,,149
,,,168
,,,114
,,,252
,,,165
,,,123
,,,227
,,,255
,,,140
,,,45
,,,109
,,,122
,,,137
,,,188
,,,44
,,,237
,,,117
,,,162
,,,233
,,,211
,,,225
,,,210
,,,0
,,,6
,,,222
,,,246
,,,254
,,,212
,,,0
,,,0
,,,18
,,,84
,,,151
,,,106
,,,232
,,,193
,,,0
,,,52
,,,6
,,,210
,,,255
,,,178
,,,255
,,,248
,,,255
,,,204
,,,55
,,,67
,,,254
,,,247
,,,177
,,,5
,,,106
,,,72
,,,255
,,,159
,,,95
,,,75
,,,194
,,,254
,,,121
,,,114
,,,255
,,,166
,,,0
,,,148
,,,126
,,,49
,,,253
,,,61
,,,187
,,,255
,,,213
,,,137
,,,189
,,,38
,,,30
,,,9
,,,199
,,,132
,,,124
,,,255
,,,2
,,,164
,,,197
,,,255
,,,101
,,,255
,,,47
,,,15
,,,211
,,,8
,,,13
,,,1
,,,126
,,,91
,,,255
,,,255
,,,72
,,,50
,,,211
,,,211
,,,201
,,,121
,,,108
,,,182
,,,13
,,,238
,,,176
,,,0
,,,4
,,,100
,,,123
,,,158
,,,62
,,,89
,,,29
,,,168
,,,186
,,,208
,,,59
,,,157
,,,145
,,,255
,,,0
,,,134
,,,143
,,,0
,,,209
,,,255
,,,33
,,,173
,,,220
,,,153
,,,211
,,,255
,,,143
,,,0
,,,0
,,,247
,,,128
,,,219
,,,191
,,,42
,,,164
,,,246
,,,254
,,,14
,,,25
,,,179
,,,122
,,,202
,,,255
,,,88
,,,255
,,,150
,,,85
,,,0
,,,227
,,,201
,,,17
,,,165
,,,168
,,,61
,,,73
,,,0
,,,124
,,,120
,,,246
,,,99
,,,147
,,,0
,,,188
,,,0
,,,196
,,,0
,,,0
,,,167
,,,255
,,,104
,,,219
,,,145
,,,92
,,,95
,,,87
,,,220
,,,105
,,,255
,,,30
,,,252
,,,26
,,,20
,,,246
,,,91
,,,255
,,,129
,,,209
,,,211
,,,238
,,,22
,,,100
,,,76
,,,77
,,,158
,,,202
,,,254
,,,223
,,,171
,,,155
,,,255
,,,255
,,,98
,,,59
,,,1
,,,63
,,,14
,,,172
,,,255
,,,15
,,,15
,,,63
,,,66
,,,0
,,,32
,,,190
,,,77
,,,255
,,,246
,,,189
,,,255
,,,238
,,,36
,,,253
,,,159
,,,47
,,,59
,,,0
,,,216
,,,153
,,,193
,,,186
,,,86
,,,183
,,,233
,,,251
,,,244
,,,170
,,,97
,,,85
,,,254
,,,153
,,,91
,,,255
,,,5
,,,34
,,,135
,,,218
,,,255
,,,255
,,,232
,,,175
,,,25
,,,145
,,,19
,,,205
,,,58
,,,0
,,,169
,,,255
,,,37
,,,0
,,,91
,,,100
,,,211
,,,252
,,,245
,,,86
,,,0
,,,151
,,,0
,,,14
,,,255
,,,110
,,,143
,,,255
,,,242
,,,84
,,,39
,,,191
,,,76
,,,255
,,,255
,,,133
,,,224
,,,18
,,,255
,,,221
,,,0
,,,248
,,,91
,,,12
,,,90
,,,20
,,,125
,,,67
,,,128
,,,234
,,,110
,,,255
,,,255
,,,169
,,,201
,,,255
,,,75
,,,162
,,,255
,,,17
,,,255
,,,75
,,,43
,,,254
,,,0
,,,185
,,,149
,,,255
,,,33
,,,126
,,,224
,,,23
,,,255
,,,0
,,,116
,,,0
,,,247
,,,79
,,,0
,,,188
,,,5
,,,254
,,,109
,,,181
,,,253
,,,50
,,,196
,,,165
,,,142
,,,3
,,,244
,,,224
,,,100
,,,255
,,,29
,,,0
,,,16
,,,255
,,,141
,,,79
,,,229
,,,255
,,,179
,,,254
,,,211
,,,160
,,,196
,,,103
,,,68
,,,255
,,,96
,,,6
,,,32
,,,101
,,,98
,,,92
,,,85
,,,0
,,,0
,,,197
,,,139
,,,199
,,,0
,,,106
,,,124
,,,162
,,,31
,,,70
,,,199
,,,138
,,,40
,,,11
,,,125
,,,45
,,,237
,,,74
,,,147
,,,148
,,,255
,,,0
,,,157
,,,252
,,,215
,,,196
,,,148
,,,189
,,,196
,,,81
,,,245
,,,79
,,,0
,,,244
,,,87
,,,19
,,,136
,,,109
,,,171
,,,245
,,,63
,,,111
,,,192
,,,0
,,,77
,,,213
,,,210
,,,50
,,,36
,,,24
,,,0
,,,0
,,,236
,,,128
,,,124
,,,197
,,,0
,,,154
,,,247
,,,66
,,,10
,,,3
,,,197
,,,103
,,,11
,,,255
,,,176
,,,127
,,,9
,,,8
,,,11
,,,230
,,,149
,,,255
,,,220
,,,180
,,,131
,,,136
,,,124
,,,88
,,,255
,,,239
,,,92
,,,104
,,,183
,,,255
,,,201
,,,147
,,,133
,,,0
,,,229
,,,179
,,,54
,,,42
,,,255
,,,128
,,,51
,,,14
,,,254
,,,254
,,,255
,,,102
,,,20
,,,255
,,,254
,,,2
,,,0
,,,61
,,,242
,,,0
,,,217
,,,162
,,,197
,,,0
,,,0
,,,0
,,,170
,,,227
,,,255
,,,255
,,,107
,,,205
,,,194
,,,32
,,,67
,,,91
,,,255
,,,250
,,,80
,,,64
,,,94
,,,63
,,,133
,,,69
,,,194
,,,244
,,,221
,,,255
,,,215
,,,255
,,,133
,,,100
,,,0
,,,231
,,,123
,,,97
,,,229
,,,110
,,,52
,,,15
,,,208
,,,181
,,,255
,,,151
,,,123
,,,48
,,,229
,,,73
,,,11
,,,121
,,,203
,,,175
,,,28
,,,234
,,,199
,,,255
,,,32
,,,149
,,,166
,,,208
,,,54
,,,68
,,,146
,,,218
,,,107
,,,95
,,,253
,,,69
,,,254
,,,143
,,,0
,,,179
,,,160
,,,0
,,,99
,,,132
,,,255
,,,201
,,,82
,,,1
,,,116
,,,0
,,,253
,,,66
,,,194
,,,192
,,,255
,,,240
,,,140
,,,94
,,,54
,,,254
,,,33
,,,0
,,,233
,,,61
,,,212
,,,141
,,,225
,,,194
,,,195
,,,184
,,,159
,,,65
,,,131
,,,118
,,,116
,,,109
,,,26
,,,255
,,,94
,,,254
,,,160
,,,100
,,,4
,,,3
,,,76
,,,186
,,,255
,,,63
,,,122
,,,182
,,,255
,,,64
,,,255
,,,255
,,,165
,,,174
,,,255
,,,35
,,,135
,,,95
,,,90
,,,255
,,,55
,,,164
,,,92
,,,225
,,,153
,,,204
,,,249
,,,126
,,,105
,,,116
,,,218
,,,250
,,,10
,,,89
,,,192
,,,31
,,,52
,,,244
,,,62
,,,127
,,,228
,,,2
,,,252
,,,172
,,,255
,,,172
,,,0
,,,209
,,,255
,,,7
,,,191
,,,153
,,,185
,,,200
,,,255
,,,125
,,,0
,,,41
,,,120
,,,255
,,,180
,,,255
,,,0
,,,149
,,,135
,,,254
,,,243
,,,84
,,,2
,,,145
,,,91
,,,36
,,,129
,,,111
,,,25
,,,255
,,,0
,,,254
,,,79
,,,254
,,,1
,,,0
,,,255
,,,176
,,,68
,,,177
,,,185
,,,101
,,,15
,,,70
,,,0
,,,45
,,,187
,,,123
,,,60
,,,105
,,,45
,,,217
,,,159
,,,105
,,,122
,,,224
,,,36
,,,23
,,,194
,,,255
,,,122
,,,255
,,,182
,,,93
,,,174
,,,122
,,,48
,,,251
,,,229
,,,254
,,,125
,,,0
,,,73
,,,83
,,,110
,,,93
,,,184
,,,54
,,,122
,,,43
,,,127
,,,255
,,,2
,,,149
,,,48
,,,255
,,,11
,,,64
,,,86
,,,4
,,,255
,,,15
,,,91
,,,123
,,,196
,,,191
,,,255
,,,255
,,,153
,,,86
,,,104
,,,0
,,,177
,,,150
,,,0
,,,151
,,,253
,,,54
,,,67
,,,63
,,,112
,,,93
,,,207
,,,202
,,,247
,,,0
,,,91
,,,0
,,,103
,,,218
,,,194
,,,255
,,,104
,,,0
,,,255
,,,215
,,,0
,,,243
,,,3
,,,9
,,,255
,,,19
,,,209
,,,151
,,,122
,,,143
,,,55
,,,255
,,,255
,,,110
,,,125
,,,228
,,,255
,,,255
,,,49
,,,0
,,,90
,,,56
,,,61
,,,255
,,,196
,,,0
,,,81
,,,189
,,,143
,,,0
,,,206
,,,110
,,,119
,,,221
,,,64
,,,7
,,,165
,,,84
,,,122
,,,103
,,,216
,,,108
,,,255
,,,133
,,,0
,,,139
,,,79
,,,76
,,,73
,,,255
,,,66
,,,32
,,,32
,,,112
,,,161
,,,98
,,,255
,,,244
,,,209
,,,32
,,,168
,,,0
,,,101
,,,255
,,,68
,,,24
,,,116
,,,24
,,,225
,,,222
,,,2
,,,254
,,,0
,,,94
,,,248
,,,0
,,,90
,,,80
,,,241
,,,255
,,,153
,,,0
,,,33
,,,101
,,,226
,,,122
,,,249
,,,212
,,,119
,,,160
,,,98
,,,219
,,,180
,,,54
,,,0
,,,41
,,,185
,,,184
,,,170
,,,255
,,,178
,,,253
,,,3
,,,195
,,,58
,,,80
,,,122
,,,30
,,,53
,,,6
,,,215
,,,255
,,,29
,,,190
,,,229
,,,179
,,,105
,,,78
,,,255
,,,146
,,,154
,,,151
,,,88
,,,249
,,,141
,,,63
,,,120
,,,195
,,,142
,,,123
,,,255
,,,216
,,,209
,,,76
,,,250
,,,21
,,,182
,,,137
,,,87
,,,0
,,,76
,,,38
,,,108
,,,155
,,,55
,,,209
,,,238
,,,112
,,,132
,,,76
,,,133
,,,226
,,,59
,,,121
,,,255
,,,113
,,,144
,,,66
,,,255
,,,49
,,,135
,,,195
,,,39
,,,83
,,,53
,,,250
,,,184
,,,67
,,,124
,,,227
,,,254
,,,209
,,,4
,,,208
,,,253
,,,0
,,,248
,,,151
,,,229
,,,7
,,,184
,,,255
,,,46
,,,14
,,,181
,,,101
,,,40
,,,197
,,,74
,,,49
,,,162
,,,0
,,,255
,,,126
,,,174
,,,251
,,,127
,,,0
,,,47
,,,254
,,,195
,,,94
,,,174
,,,161
,,,0
,,,59
,,,228
,,,72
,,,255
,,,134
,,,194
,,,255
,,,130
,,,255
,,,0
,,,1
,,,255
,,,15
,,,11
,,,251
,,,255
,,,123
,,,229
,,,76
,,,0
,,,7
,,,231
,,,0
,,,186
,,,103
,,,26
,,,244
,,,255
,,,0
,,,184
,,,103
,,,247
,,,244
,,,66
,,,255
,,,231
,,,138
,,,255
,,,198
,,,162
,,,146
,,,164
,,,183
,,,231
,,,255
,,,252
,,,101
,,,105
,,,0
,,,0
,,,157
,,,122
,,,0
,,,88
,,,223
,,,66
,,,108
,,,255
,,,62
,,,254
,,,254
,,,84
,,,124
,,,48
,,,0
,,,66
,,,49
,,,90
,,,156
,,,253
,,,192
,,,255
,,,93
,,,79
,,,59
,,,255
,,,103
,,,0
,,,251
,,,254
,,,90
,,,17
,,,170
,,,145
,,,108
,,,155
,,,175
,,,141
,,,176
,,,106
,,,255
,,,0
,,,255
,,,87
,,,255
,,,0
,,,29
,,,0
,,,98
,,,232
,,,143
,,,1
,,,51
,,,211
,,,0
,,,254
,,,200
,,,197
,,,146
,,,255
,,,74
,,,255
,,,74
,,,255
,,,255
,,,164
,,,244
,,,237
,,,39
,,,52
,,,219
,,,243
,,,110
,,,163
,,,155
,,,255
,,,159
,,,7
,,,4
,,,0
,,,247
,,,36
,,,127
,,,195
,,,165
,,,18
,,,254
,,,79
,,,39
,,,3
,,,35
,,,53
,,,1
,,,122
,,,151
,,,26
,,,24
,,,27
,,,52
,,,123
,,,194
,,,144
,,,72
,,,197
,,,255
,,,125
,,,255
,,,139
,,,67
,,,209
,,,28
,,,185
,,,255
,,,225
,,,254
,,,4
,,,255
,,,91
,,,255
,,,185
,,,139
,,,187
,,,153
,,,23
,,,152
,,,225
,,,177
,,,168
,,,208
,,,190
,,,115
,,,112
,,,110
,,,76
,,,255
,,,124
,,,0
,,,108
,,,66
,,,36
,,,248
,,,137
,,,255
,,,255
,,,134
,,,255
,,,0
,,,28
,,,72
,,,204
,,,48
,,,14
,,,116
,,,244
,,,53
,,,102
,,,76
,,,88
,,,79
,,,45
,,,49
,,,226
,,,143
,,,244
,,,26
,,,8
,,,186
,,,255
,,,252
,,,93
,,,1
,,,204
,,,186
,,,113
,,,78
,,,0
,,,11
,,,36
,,,143
,,,145
,,,12
,,,251
,,,224
,,,98
,,,163
,,,28
,,,253
,,,51
,,,74
,,,56
,,,225
,,,255
,,,185
,,,36
,,,220
,,,230
,,,101
,,,159
,,,31
,,,110
,,,255
,,,80
,,,137
,,,13
,,,13
,,,199
,,,108
,,,207
,,,78
,,,251
,,,137
,,,255
,,,243
,,,164
,,,137
,,,253
,,,114
,,,0
,,,244
,,,255
,,,200
,,,160
,,,19
,,,131
,,,68
,,,42
,,,255
,,,178
,,,0
,,,141
,,,227
,,,200
,,,116
,,,223
,,,129
,,,65
,,,56
,,,101
,,,34
,,,252
,,,217
,,,65
,,,65
,,,255
,,,178
,,,163
,,,211
,,,77
,,,191
,,,227
,,,255
,,,211
,,,255
,,,7
,,,93
,,,66
,,,118
,,,116
,,,195
,,,255
,,,252
,,,255
,,,255
,,,23
,,,131
,,,116
,,,35
,,,110
,,,137
,,,83
,,,16
,,,189
,,,51
,,,25
,,,14
,,,24
,,,20
,,,173
,,,0
,,,120
,,,219
,,,164
,,,255
,,,161
,,,0
,,,211
,,,250
,,,120
,,,189
,,,255
,,,170
,,,154
,,,121
,,,198
,,,226
,,,189
,,,255
,,,43
,,,171
,,,132
,,,15
,,,140
,,,165
,,,36
,,,138
,,,178
,,,255
,,,60
,,,250
,,,226
,,,182
,,,194
,,,42
,,,244
,,,105
,,,87
,,,168
,,,127
,,,250
,,,255
,,,4
,,,223
,,,168
,,,189
,,,96
,,,255
,,,255
,,,201
,,,76
,,,168
,,,105
,,,252
,,,56
,,,100
,,,45
,,,153
,,,120
,,,133
,,,229
,,,191
,,,3
,,,172
,,,2
,,,111
,,,254
,,,22
,,,3
,,,69
,,,76
,,,255
,,,109
,,,15
,,,232
,,,70
,,,66
,,,121
,,,0
,,,211
,,,189
,,,171
,,,123
,,,255
,,,255
,,,250
,,,3
,,,0
,,,102
,,,98
,,,123
,,,179
,,,149
,,,255
,,,255
,,,23
,,,217
,,,24
,,,0
,,,0
,,,246
,,,65
,,,56
,,,116
,,,207
,,,205
,,,49
,,,156
,,,255
,,,255
,,,253
,,,1
,,,164
,,,76
,,,255
,,,26
,,,149
,,,202
,,,84
,,,0
,,,0
,,,169
,,,252
,,,144
,,,91
,,,0
,,,186
,,,104
,,,41
,,,102
,,,184
,,,111
,,,57
,,,114
,,,113
,,,76
,,,122
,,,43
,,,209
,,,163
,,,7
,,,255
,,,96
,,,116
,,,177
,,,64
,,,249
,,,66
,,,255
,,,252
,,,0
,,,255
,,,98
,,,240
,,,103
,,,110
,,,129
,,,122
,,,0
,,,2
,,,34
,,,255
,,,247
,,,83
,,,118
,,,239
,,,191
,,,91
,,,200
,,,134
,,,255
,,,47
,,,255
,,,255
,,,98
,,,184
,,,52
,,,108
,,,255
,,,2
,,,241
,,,223
,,,255
,,,137
,,,133
,,,255
,,,195
,,,26
,,,255
,,,167
,,,33
,,,131
,,,246
,,,84
,,,213
,,,175
,,,97
,,,255
,,,119
,,,209
,,,255
,,,173
,,,108
,,,255
,,,255
,,,3
,,,225
,,,211
,,,0
,,,114
,,,80
,,,74
,,,0
,,,205
,,,171
,,,255
,,,156
,,,0
,,,72
,,,211
,,,133
,,,190
,,,159
,,,255
,,,39
,,,254
,,,255
,,,255
,,,161
,,,5
,,,0
,,,0
,,,0
,,,116
,,,173
,,,249
,,,8
,,,165
,,,0
,,,64
,,,73
,,,205
,,,116
,,,94
,,,139
,,,214
,,,255
,,,255
,,,255
,,,150
,,,185
,,,74
,,,127
,,,255
,,,138
,,,188
,,,251
,,,10
,,,22
,,,141
,,,212
,,,251
,,,92
,,,26
,,,254
,,,248
,,,61
,,,255
,,,185
,,,124
,,,0
,,,91
,,,100
,,,15
,,,237
,,,91
,,,255
,,,207
,,,242
,,,43
,,,90
,,,180
,,,47
,,,61
,,,255
,,,22
,,,255
,,,14
,,,249
,,,68
,,,129
,,,154
,,,50
,,,246
,,,242
,,,43
,,,211
,,,119
,,,167
,,,76
,,,67
,,,15
,,,50
,,,62
,,,184
,,,249
,,,52
,,,214
,,,171
,,,101
,,,165
,,,149
,,,128
,,,255
,,,254
,,,213
,,,57
,,,208
,,,105
,,,173
,,,66
,,,11
,,,68
,,,185
,,,255
,,,248
,,,49
,,,128
,,,87
,,,188
,,,111
,,,0
,,,86
,,,166
,,,1
,,,121
,,,172
,,,211
,,,25
,,,30
,,,7
,,,0
,,,210
,,,139
,,,252
,,,122
,,,255
,,,162
,,,113
,,,186
,,,244
,,,89
,,,252
,,,240
,,,180
,,,254
,,,242
,,,157
,,,140
,,,205
,,,188
,,,183
,,,92
,,,128
,,,250
,,,0
,,,141
,,,0
,,,255
,,,53
,,,116
,,,145
,,,0
,,,0
,,,211
,,,21
,,,15
,,,4
,,,164
,,,239
,,,180
,,,157
,,,24
,,,85
,,,163
,,,108
,,,122
,,,63
,,,109
,,,0
,,,186
,,,59
,,,124
,,,188
,,,110
,,,248
,,,92
,,,209
,,,86
,,,244
,,,255
,,,170
,,,0
,,,88
,,,215
,,,190
,,,123
,,,0
,,,30
,,,255
,,,132
,,,99
,,,169
,,,125
,,,22
,,,201
,,,193
,,,255
,,,254
,,,211
,,,201
,,,230
,,,144
,,,161
,,,0
,,,108
,,,37
,,,0
,,,241
,,,3
,,,141
,,,76
,,,157
,,,92
,,,255
,,,42
,,,0
,,,33
,,,153
,,,255
,,,70
,,,25
,,,202
,,,110
,,,30
,,,9
,,,250
,,,197
,,,62
,,,255
,,,212
,,,228
,,,117
,,,228
,,,43
,,,59
,,,209
,,,83
,,,88
,,,108
,,,3
,,,0
,,,0
,,,109
,,,237
,,,39
,,,212
,,,65
,,,125
,,,95
,,,22
,,,212
,,,62
,,,189
,,,0
,,,165
,,,114
,,,141
,,,162
,,,180
,,,79
,,,252
,,,76
,,,161
,,,245
,,,79
,,,127
,,,178
,,,197
,,,39
,,,5
,,,216
,,,2
,,,116
,,,188
,,,157
,,,146
,,,255
,,,102
,,,42
,,,149
,,,191
,,,34
,,,249
,,,42
,,,0
,,,229
,,,114
,,,112
,,,255
,,,0
,,,30
,,,208
,,,255
,,,255
,,,85
,,,172
,,,255
,,,254
,,,24
,,,73
,,,87
,,,167
,,,78
,,,247
,,,216
,,,2
,,,180
,,,86
,,,253
,,,255
,,,66
,,,3
,,,253
,,,90
,,,107
,,,255
,,,24
,,,134
,,,91
,,,255
,,,1
,,,255
,,,148
,,,42
,,,0
,,,254
,,,193
,,,61
,,,162
,,,91
,,,0
,,,199
,,,4
,,,166
,,,254
,,,255
,,,255
,,,144
,,,110
,,,132
,,,255
,,,104
,,,6
,,,135
,,,109
,,,13
,,,54
,,,209
,,,255
,,,238
,,,223
,,,2
,,,1
,,,73
,,,141
,,,33
,,,186
,,,201
,,,255
,,,179
,,,36
,,,92
,,,0
,,,10
,,,247
,,,32
,,,255
,,,153
,,,177
,,,255
,,,201
,,,211
,,,106
,,,0
,,,201
,,,111
,,,182
,,,195
,,,138
,,,120
,,,69
,,,101
,,,134
,,,137
,,,131
,,,53
,,,79
,,,149
,,,198
,,,241
,,,87
,,,227
,,,221
,,,166
,,,197
,,,162
,,,218
,,,1
,,,156
,,,209
,,,255
,,,221
,,,254
,,,217
,,,166
,,,167
,,,255
,,,0
,,,159
,,,97
,,,27
,,,64
,,,196
,,,150
,,,176
,,,72
,,,39
,,,92
,,,173
,,,181
,,,255
,,,18
,,,199
,,,211
,,,14
,,,240
,,,5
,,,255
,,,48
,,,197
,,,203
,,,36
,,,245
,,,113
,,,127
,,,122
,,,174
,,,244
,,,206
,,,240
,,,255
,,,205
,,,57
,,,22
,,,185
,,,226
,,,254
,,,194
,,,255
,,,166
,,,67
,,,38
,,,253
,,,195
,,,75
,,,5
,,,54
,,,33
,,,0
,,,166
,,,50
,,,0
,,,0
,,,255
,,,209
,,,13
,,,39
,,,192
,,,2
,,,255
,,,31
,,,0
,,,54
,,,12
,,,56
,,,2
,,,58
,,,2
,,,0
,,,253
,,,137
,,,255
,,,0
,,,255
,,,126
,,,81
,,,80
,,,10
,,,153
,,,126
,,,2
,,,226
,,,255
,,,249
,,,184
,,,255
,,,97
,,,56
,,,255
,,,36
,,,133
,,,225
,,,39
,,,100
,,,211
,,,210
,,,74
,,,164
,,,185
,,,102
,,,192
,,,8
,,,128
,,,9
,,,253
,,,6
,,,255
,,,157
,,,92
,,,0
,,,185
,,,146
,,,0
,,,185
,,,211
,,,0
,,,0
,,,255
,,,19
,,,238
,,,0
,,,101
,,,124
,,,231
,,,255
,,,130
,,,172
,,,57
,,,150
,,,105
,,,0
,,,252
,,,18
,,,55
,,,43
,,,29
,,,211
,,,255
,,,142
,,,77
,,,255
,,,60
,,,147
,,,226
,,,19
,,,211
,,,104
,,,55
,,,21
,,,199
,,,72
,,,0
,,,157
,,,153
,,,165
,,,109
,,,0
,,,19
,,,2
,,,42
,,,70
,,,166
,,,192
,,,255
,,,255
,,,125
,,,31
,,,27
,,,49
,,,185
,,,86
,,,42
,,,0
,,,8
,,,168
,,,93
,,,46
,,,252
,,,58
,,,73
,,,255
,,,203
,,,249
,,,177
,,,207
,,,136
,,,254
,,,69
,,,166
,,,48
,,,251
,,,92
,,,63
,,,218
,,,0
,,,72
,,,153
,,,119
,,,98
,,,0
,,,162
,,,255
,,,254
,,,211
,,,153
,,,235
,,,75
,,,103
,,,110
,,,246
,,,135
,,,6
,,,215
,,,199
,,,126
,,,229
,,,27
,,,199
,,,116
,,,151
,,,128
,,,0
,,,70
,,,245
,,,7
,,,227
,,,156
,,,159
,,,68
,,,45
,,,255
,,,102
,,,191
,,,0
,,,245
,,,93
,,,15
,,,0
,,,159
,,,133
,,,162
,,,255
,,,253
,,,30
,,,0
,,,57
,,,0
,,,12
,,,255
,,,163
,,,192
,,,102
,,,0
,,,90
,,,41
,,,2
,,,249
,,,88
,,,0
,,,100
,,,75
,,,244
,,,118
,,,0
,,,22
,,,207
,,,123
,,,133
,,,65
,,,58
,,,0
,,,255
,,,92
,,,185
,,,4
,,,29
,,,240
,,,87
,,,1
,,,255
,,,162
,,,97
,,,210
,,,147
,,,197
,,,0
,,,148
,,,80
,,,26
,,,253
,,,206
,,,246
,,,77
,,,114
,,,0
,,,0
,,,2
,,,11
,,,57
,,,81
,,,255
,,,91
,,,0
,,,227
,,,2
,,,19
,,,110
,,,91
,,,2
,,,3
,,,186
,,,25
,,,195
,,,170
,,,136
,,,72
,,,204
,,,10
,,,153
,,,134
,,,111
,,,178
,,,144
,,,228
,,,143
,,,255
,,,59
,,,12
,,,125
,,,43
,,,244
,,,157
,,,255
,,,0
,,,129
,,,255
,,,193
,,,46
,,,221
,,,210
,,,210
,,,255
,,,67
,,,13
,,,252
,,,197
,,,255
,,,179
,,,181
,,,25
,,,177
,,,7
,,,91
,,,227
,,,11
,,,207
,,,227
,,,198
,,,226
,,,152
,,,170
,,,245
,,,54
,,,92
,,,39
,,,0
,,,28
,,,255
,,,101
,,,171
,,,207
,,,46
,,,69
,,,211
,,,54
,,,203
,,,255
,,,255
,,,255
,,,194
,,,240
,,,210
,,,52
,,,124
,,,246
,,,40
,,,255
,,,203
,,,81
,,,39
,,,200
,,,92
,,,255
,,,4
,,,56
,,,254
,,,193
,,,4
,,,87
,,,101
,,,115
,,,255
,,,148
,,,107
,,,184
,,,132
,,,37
,,,221
,,,120
,,,198
,,,255
,,,146
,,,188
,,,0
,,,0
,,,40
,,,101
,,,2
,,,9
,,,133
,,,253
,,,255
,,,253
,,,201
,,,0
,,,212
,,,41
,,,255
,,,251
,,,254
,,,17
,,,32
,,,255
,,,210
,,,250
,,,255
,,,103
,,,87
,,,203
,,,190
,,,90
,,,180
,,,87
,,,207
,,,215
,,,217
,,,181
,,,190
,,,250
,,,220
,,,141
,,,28
,,,195
,,,254
,,,144
,,,55
,,,144
,,,166
,,,93
,,,0
,,,42
,,,252
,,,44
,,,94
,,,52
,,,174
,,,42
,,,12
,,,228
,,,230
,,,255
,,,93
,,,57
,,,31
,,,200
,,,255
,,,243
,,,11
,,,6
,,,140
,,,25
,,,14
,,,208
,,,39
,,,99
,,,36
,,,0
,,,0
,,,32
,,,59
,,,0
,,,116
,,,103
,,,171
,,,74
,,,0
,,,229
,,,75
,,,225
,,,21
,,,145
,,,196
,,,0
,,,246
,,,86
,,,253
,,,232
,,,255
,,,255
,,,0
,,,25
,,,141
,,,115
,,,13
,,,203
,,,182
,,,61
,,,208
,,,14
,,,144
,,,246
,,,55
,,,255
,,,145
,,,249
,,,255
,,,254
,,,0
,,,253
,,,255
,,,119
,,,172
,,,255
,,,84
,,,52
,,,56
,,,13
,,,255
,,,177
,,,27
,,,138
,,,241
,,,41
,,,16
,,,0
,,,254
,,,255
,,,255
,,,0
,,,74
,,,111
,,,129
,,,85
,,,0
,,,92
,,,115
,,,180
,,,53
,,,176
,,,208
,,,161
,,,133
,,,0
,,,18
,,,14
,,,209
,,,116
,,,87
,,,254
,,,70
,,,29
,,,122
,,,124
,,,0
,,,120
,,,199
,,,48
,,,255
,,,92
,,,218
,,,255
,,,21
,,,197
,,,126
,,,33
,,,100
,,,245
,,,8
,,,101
,,,0
,,,252
,,,255
,,,96
,,,71
,,,179
,,,138
,,,120
,,,204
,,,62
,,,170
,,,8
,,,76
,,,91
,,,0
,,,86
,,,255
,,,159
,,,190
,,,49
,,,60
,,,116
,,,98
,,,230
,,,255
,,,215
,,,178
,,,252
,,,254
,,,253
,,,255
,,,226
,,,124
,,,255
,,,244
,,,3
,,,80
,,,255
,,,38
,,,255
,,,77
,,,166
,,,172
,,,169
,,,146
,,,120
,,,92
,,,25
,,,156
,,,134
,,,11
,,,228
,,,5
,,,254
,,,86
,,,1
,,,9
,,,53
,,,130
,,,255
,,,192
,,,58
,,,19
,,,255
,,,217
,,,116
,,,0
,,,81
,,,0
,,,190
,,,243
,,,255
,,,255
,,,68
,,,246
,,,250
,,,0
,,,83
,,,132
,,,51
,,,114
,,,95
,,,187
,,,120
,,,147
,,,255
,,,58
,,,255
,,,144
,,,170
,,,255
,,,12
,,,123
,,,67
,,,143
,,,116
,,,83
,,,85
,,,251
,,,209
,,,20
,,,179
,,,50
,,,93
,,,93
,,,7
,,,33
,,,126
,,,53
,,,89
,,,113
,,,224
,,,253
,,,188
,,,227
,,,217
,,,243
,,,137
,,,233
,,,114
,,,191
,,,75
,,,0
,,,109
,,,219
,,,86
,,,81
,,,158
,,,92
,,,208
,,,27
,,,226
,,,181
,,,199
,,,197
,,,161
,,,122
,,,18
,,,244
,,,1
,,,255
,,,58
,,,145
,,,25
,,,87
,,,76
,,,104
,,,132
,,,4
,,,244
,,,165
,,,241
,,,245
,,,148
,,,192
,,,168
,,,137
,,,255
,,,233
,,,255
,,,87
,,,0
,,,141
,,,192
,,,233
,,,125
,,,82
,,,142
,,,0
,,,103
,,,157
,,,66
,,,18
,,,169
,,,187
,,,82
,,,100
,,,150
,,,209
,,,14
,,,142
,,,87
,,,87
,,,250
,,,130
,,,173
,,,60
,,,26
,,,255
,,,247
,,,255
,,,18
,,,146
,,,0
,,,255
,,,204
,,,27
,,,105
,,,119
,,,233
,,,194
,,,109
,,,253
,,,255
,,,145
,,,66
,,,209
,,,255
,,,132
,,,36
,,,163
,,,187
,,,23
,,,255
,,,33
,,,255
,,,211
,,,195
,,,104
,,,103
,,,123
,,,15
,,,0
,,,112
,,,0
,,,108
,,,35
,,,25
,,,255
,,,233
,,,84
,,,69
,,,48
,,,4
,,,42
,,,162
,,,104
,,,10
,,,234
,,,157
,,,135
,,,252
,,,255
,,,175
,,,191
,,,255
,,,73
,,,78
,,,255
,,,198
,,,200
,,,87
,,,255
,,,218
,,,58
,,,59
,,,124
,,,15
,,,254
,,,229
,,,255
,,,235
,,,182
,,,202
,,,0
,,,158
,,,255
,,,26
,,,73
,,,42
,,,35
,,,5
,,,175
,,,174
,,,242
,,,144
,,,209
,,,0
,,,211
,,,255
,,,0
,,,178
,,,13
,,,255
,,,95
,,,78
,,,25
,,,65
,,,255
,,,247
,,,7
,,,65
,,,186
,,,214
,,,39
,,,100
,,,26
,,,0
,,,185
,,,252
,,,255
,,,222
,,,255
,,,145
,,,2
,,,179
,,,254
,,,229
,,,56
,,,64
,,,107
,,,251
,,,91
,,,199
,,,254
,,,5
,,,17
,,,1
,,,56
,,,0
,,,112
,,,11
,,,110
,,,127
,,,48
,,,110
,,,46
,,,239
,,,0
,,,140
,,,164
,,,44
,,,255
,,,129
,,,119
,,,126
,,,0
,,,100
,,,35
,,,65
,,,222
,,,33
,,,165
,,,95
,,,103
,,,76
,,,0
,,,193
,,,65
,,,35
,,,30
,,,200
,,,16
,,,62
,,,40
,,,122
,,,162
,,,0
,,,2
,,,163
,,,255
,,,96
,,,232
,,,227
,,,200
,,,86
,,,160
,,,209
,,,159
,,,12
,,,68
,,,43
,,,109
,,,28
,,,95
,,,20
,,,206
,,,39
,,,75
,,,143
,,,232
,,,244
,,,170
,,,0
,,,209
,,,222
,,,255
,,,138
,,,109
,,,227
,,,175
,,,89
,,,124
,,,88
,,,4
,,,255
,,,211
,,,191
,,,255
,,,165
,,,251
,,,0
,,,128
,,,129
,,,110
,,,235
,,,89
,,,49
,,,190
,,,31
,,,66
,,,17
,,,33
,,,254
,,,3
,,,79
,,,255
,,,76
,,,1
,,,246
,,,254
,,,197
,,,24
,,,162
,,,106
,,,248
,,,138
,,,228
,,,118
,,,211
,,,103
,,,22
,,,138
,,,69
,,,255
,,,129
,,,254
,,,255
,,,255
,,,247
,,,72
,,,99
,,,221
,,,251
,,,32
,,,193
,,,25
,,,247
,,,85
,,,43
,,,253
,,,96
,,,3
,,,5
,,,109
,,,1
,,,99
,,,231
,,,76
,,,217
,,,86
,,,233
,,,218
,,,244
,,,224
,,,81
,,,20
,,,0
,,,214
,,,104
,,,202
,,,249
,,,205
,,,211
,,,253
,,,254
,,,104
,,,110
,,,230
,,,19
,,,104
,,,255
,,,209
,,,255
,,,244
,,,0
,,,0
,,,255
,,,255
,,,253
,,,129
,,,170
,,,227
,,,155
,,,56
,,,253
,,,0
,,,0
,,,254
,,,60
,,,183
,,,0
,,,205
,,,92
,,,46
,,,82
,,,250
,,,255
,,,44
,,,255
,,,102
,,,235
,,,255
,,,93
,,,255
,,,81
,,,220
,,,255
,,,7
,,,118
,,,213
,,,87
,,,219
,,,162
,,,110
,,,91
,,,56
,,,255
,,,6
,,,156
,,,4
,,,131
,,,201
,,,0
,,,255
,,,209
,,,103
,,,80
,,,0
,,,0
,,,133
,,,152
,,,87
,,,180
,,,81
,,,71
,,,125
,,,73
,,,34
,,,0
,,,28
,,,184
,,,25
,,,242
,,,29
,,,116
,,,128
,,,244
,,,0
,,,0
,,,190
,,,222
,,,61
,,,0
,,,153
,,,122
,,,221
,,,0
,,,0
,,,255
,,,0
,,,230
,,,48
,,,25
,,,76
,,,51
,,,147
,,,44
,,,37
,,,56
,,,255
,,,37
,,,66
,,,0
,,,77
,,,14
,,,140
,,,251
,,,148
,,,171
,,,254
,,,132
,,,66
,,,142
,,,0
,,,100
,,,51
,,,244
,,,135
,,,254
,,,57
,,,193
,,,14
,,,54
,,,26
,,,159
,,,224
,,,92
,,,197
,,,124
,,,170
,,,159
,,,1
,,,65
,,,153
,,,61
,,,155
,,,40
,,,85
,,,255
,,,142
,,,1
,,,120
,,,111
,,,60
,,,115
,,,166
,,,210
,,,211
,,,166
,,,255
,,,118
,,,110
,,,123
,,,15
,,,255
,,,255
,,,73
,,,6
,,,255
,,,0
,,,255
,,,102
,,,255
,,,177
,,,194
,,,164
,,,206
,,,118
,,,90
,,,175
,,,92
,,,113
,,,108
,,,204
,,,146
,,,149
,,,134
,,,196
,,,251
,,,249
,,,56
,,,154
,,,254
,,,225
,,,145
,,,90
,,,105
,,,146
,,,255
,,,85
,,,68
,,,79
,,,124
,,,255
,,,57
,,,184
,,,43
,,,98
,,,118
,,,0
,,,104
,,,229
,,,120
,,,255
,,,148
,,,96
,,,215
,,,39
,,,254
,,,41
,,,0
,,,110
,,,255
,,,101
,,,0
,,,52
,,,57
,,,7
,,,94
,,,182
,,,143
,,,3
,,,37
,,,39
,,,253
,,,255
,,,255
,,,178
,,,21
,,,162
,,,85
,,,255
,,,255
,,,254
,,,54
,,,109
,,,111
,,,77
,,,255
,,,20
,,,149
,,,179
,,,255
,,,255
,,,27
,,,122
,,,60
,,,34
,,,245
,,,177
,,,221
,,,2
,,,45
,,,255
,,,0
,,,133
,,,2
,,,218
,,,254
,,,251
,,,72
,,,121
,,,175
,,,3
,,,42
,,,188
,,,12
,,,0
,,,53
,,,175
,,,0
,,,77
,,,0
,,,14
,,,208
,,,76
,,,73
,,,177
,,,254
,,,9
,,,86
,,,22
,,,209
,,,219
,,,183
,,,97
,,,88
,,,83
,,,253
,,,199
,,,86
,,,249
,,,92
,,,255
,,,0
,,,254
,,,42
,,,31
,,,74
,,,24
,,,119
,,,16
,,,31
,,,197
,,,174
,,,20
,,,25
,,,183
,,,150
,,,227
,,,60
,,,139
,,,25
,,,209
,,,176
,,,33
,,,177
,,,255
,,,55
,,,48
,,,12
,,,34
,,,182
,,,137
,,,207
,,,159
,,,169
,,,255
,,,68
,,,88
,,,235
,,,147
,,,255
,,,169
,,,49
,,,213
,,,252
,,,9
,,,166
,,,230
,,,171
,,,140
,,,127
,,,58
,,,48
,,,2
,,,142
,,,218
,,,255
,,,0
,,,208
,,,229
,,,255
,,,129
,,,226
,,,32
,,,38
,,,250
,,,202
,,,254
,,,213
,,,191
,,,103
,,,223
,,,125
,,,4
,,,0
,,,251
,,,255
,,,228
,,,60
,,,78
,,,148
,,,80
,,,200
,,,43
,,,255
,,,67
,,,15
,,,0
,,,11
,,,4
,,,139
,,,11
,,,3
,,,35
,,,142
,,,77
,,,42
,,,58
,,,61
,,,166
,,,236
,,,0
,,,74
,,,52
,,,40
,,,2
,,,0
,,,184
,,,195
,,,99
,,,1
,,,24
,,,235
,,,209
,,,103
,,,211
,,,182
,,,122
,,,103
,,,111
,,,35
,,,197
,,,27
,,,13
,,,0
,,,210
,,,247
,,,209
,,,29
,,,232
,,,93
,,,255
,,,101
,,,184
,,,255
,,,104
,,,178
,,,66
,,,42
,,,254
,,,116
,,,255
,,,235
,,,179
,,,174
,,,141
,,,126
,,,118
,,,19
,,,234
,,,255
,,,0
,,,202
,,,2
,,,26
,,,111
,,,10
,,,160
,,,21
,,,156
,,,56
,,,255
,,,118
,,,255
,,,147
,,,3
,,,90
,,,12
,,,70
,,,181
,,,62
,,,229
,,,239
,,,0
,,,176
,,,1
,,,49
,,,84
,,,188
,,,255
,,,49
,,,0
,,,247
,,,182
,,,44
,,,7
,,,84
,,,89
,,,0
,,,79
,,,99
,,,0
,,,20
,,,254
,,,252
,,,252
,,,0
,,,0
,,,0
,,,3
,,,83
,,,162
,,,182
,,,194
,,,194
,,,255
,,,4
,,,0
,,,28
,,,26
,,,255
,,,9
,,,42
,,,0
,,,255
,,,28
,,,255
,,,255
,,,255
,,,47
,,,205
,,,91
,,,60
,,,26
,,,255
,,,168
,,,186
,,,173
,,,79
,,,251
,,,5
,,,244
,,,135
,,,0
,,,140
,,,79
,,,178
,,,189
,,,255
,,,180
,,,244
,,,0
,,,162
,,,75
,,,255
,,,120
,,,133
,,,151
,,,255
,,,3
,,,91
,,,46
,,,4
,,,12
,,,189
,,,30
,,,169
,,,109
,,,192
,,,129
,,,31
,,,0
,,,185
,,,42
,,,92
,,,132
,,,67
,,,0
,,,216
,,,138
,,,0
,,,150
,,,0
,,,0
,,,0
,,,31
,,,66
,,,254
,,,120
,,,49
,,,22
,,,146
,,,119
,,,0
,,,255
,,,168
,,,171
,,,0
,,,255
,,,255
,,,2
,,,255
,,,64
,,,93
,,,0
,,,93
,,,255
,,,78
,,,255
,,,10
,,,119
,,,241
,,,64
,,,0
,,,0
,,,43
,,,209
,,,192
,,,89
,,,176
,,,132
,,,0
,,,250
,,,90
,,,176
,,,48
,,,255
,,,136
,,,201
,,,101
,,,255
,,,121
,,,253
,,,193
,,,73
,,,179
,,,8
,,,30
,,,102
,,,82
,,,104
,,,0
,,,82
,,,255
,,,95
,,,249
,,,200
,,,185
,,,120
,,,110
,,,25
,,,177
,,,110
,,,17
,,,39
,,,1
,,,1
,,,218
,,,227
,,,77
,,,0
,,,126
,,,105
,,,36
,,,199
,,,164
,,,127
,,,69
,,,175
,,,54
,,,127
,,,59
,,,184
,,,247
,,,173
,,,105
,,,0
,,,246
,,,57
,,,104
,,,175
,,,254
,,,0
,,,141
,,,18
,,,0
,,,208
,,,209
,,,77
,,,255
,,,79
,,,230
,,,58
,,,226
,,,201
,,,100
,,,207
,,,221
,,,59
,,,60
,,,106
,,,80
,,,255
,,,8
,,,0
,,,0
,,,0
,,,124
,,,208
,,,122
,,,255
,,,118
,,,213
,,,74
,,,255
,,,104
,,,211
,,,215
,,,174
,,,0
,,,1
,,,174
,,,98
,,,2
,,,210
,,,0
,,,80
,,,173
,,,108
,,,3
,,,110
,,,255
,,,255
,,,255
,,,246
,,,9
,,,1
,,,161
,,,255
,,,167
,,,78
,,,255
,,,34
,,,169
,,,169
,,,251
,,,161
,,,160
,,,211
,,,255
,,,115
,,,106
,,,92
,,,161
,,,147
,,,255
,,,107
,,,255
,,,171
,,,109
,,,177
,,,121
,,,43
,,,227
,,,253
,,,68
,,,208
,,,79
,,,26
,,,255
,,,172
,,,131
,,,81
,,,98
,,,251
,,,221
,,,167
,,,189
,,,133
,,,188
,,,144
,,,140
,,,254
,,,116
,,,235
,,,232
,,,205
,,,104
,,,139
,,,194
,,,56
,,,100
,,,114
,,,80
,,,255
,,,0
,,,43
,,,206
,,,0
,,,255
,,,253
,,,39
,,,215
,,,181
,,,174
,,,195
,,,255
,,,20
,,,0
,,,244
,,,255
,,,0
,,,62
,,,242
,,,217
,,,128
,,,88
,,,108
,,,0
,,,147
,,,43
,,,13
,,,220
,,,142
,,,113
,,,31
,,,119
,,,169
,,,44
,,,24
,,,145
,,,91
,,,79
,,,128
,,,127
,,,88
,,,30
,,,121
,,,35
,,,8
,,,255
,,,0
,,,54
,,,100
,,,207
,,,25
,,,0
,,,255
,,,238
,,,198
,,,202
,,,0
,,,41
,,,255
,,,255
,,,59
,,,25
,,,127
,,,73
,,,30
,,,131
,,,19
,,,146
,,,12
,,,77
,,,0
,,,209
,,,190
,,,57
,,,94
,,,180
,,,208
,,,245
,,,208
,,,254
,,,4
,,,211
,,,163
,,,255
,,,55
,,,104
,,,162
,,,238
,,,160
,,,223
,,,25
,,,255
,,,110
,,,62
,,,254
,,,123
,,,53
,,,255
,,,55
,,,38
,,,196
,,,4
,,,11
,,,205
,,,46
,,,238
,,,13
,,,242
,,,68
,,,170
,,,252
,,,183
,,,84
,,,44
,,,255
,,,138
,,,103
,,,183
,,,19
,,,255
,,,96
,,,223
,,,255
,,,151
,,,128
,,,73
,,,184
,,,225
,,,124
,,,28
,,,19
,,,53
,,,8
,,,0
,,,46
,,,63
,,,184
,,,23
,,,85
,,,148
,,,89
,,,248
,,,252
,,,192
,,,185
,,,96
,,,25
,,,1
,,,73
,,,251
,,,211
,,,244
,,,0
,,,89
,,,52
,,,79
,,,154
,,,107
,,,49
,,,0
,,,197
,,,79
,,,89
,,,11
,,,253
,,,119
,,,98
,,,211
,,,25
,,,255
,,,65
,,,89
,,,141
,,,244
,,,135
,,,246
,,,0
,,,0
,,,33
,,,35
,,,209
,,,6
,,,26
,,,122
,,,85
,,,66
,,,132
,,,255
,,,3
,,,211
,,,237
,,,24
,,,168
,,,255
,,,96
,,,192
,,,239
,,,105
,,,0
,,,246
,,,179
,,,137
,,,197
,,,255
,,,255
,,,1
,,,128
,,,232
,,,19
,,,237
,,,61
,,,92
,,,215
,,,235
,,,53
,,,39
,,,241
,,,123
,,,146
,,,161
,,,154
,,,98
,,,138
,,,224
,,,210
,,,83
,,,12
,,,212
,,,252
,,,151
,,,28
,,,18
,,,42
,,,255
,,,52
,,,123
,,,137
,,,165
,,,176
,,,192
,,,14
,,,86
,,,60
,,,49
,,,167
,,,8
,,,18
,,,175
,,,94
,,,128
,,,117
,,,247
,,,144
,,,6
,,,253
,,,236
,,,186
,,,214
,,,49
,,,255
,,,3
,,,0
,,,91
,,,40
,,,83
,,,255
,,,27
,,,249
,,,0
,,,241
,,,114
,,,197
,,,0
,,,0
,,,125
,,,29
,,,223
,,,101
,,,141
,,,158
,,,214
,,,173
,,,10
,,,20
,,,157
,,,42
,,,80
,,,0
,,,101
,,,252
,,,98
,,,0
,,,32
,,,69
,,,0
,,,216
,,,158
,,,244
,,,34
,,,101
,,,224
,,,94
,,,255
,,,125
,,,0
,,,18
,,,91
,,,227
,,,35
,,,0
,,,101
,,,60
,,,170
,,,164
,,,38
,,,0
,,,236
,,,169
,,,255
,,,93
,,,0
,,,184
,,,1
,,,117
,,,255
,,,233
,,,169
,,,0
,,,38
,,,138
,,,73
,,,101
,,,255
,,,40
,,,61
,,,0
,,,75
,,,89
,,,1
,,,248
,,,209
,,,201
,,,41
,,,255
,,,158
,,,230
,,,19
,,,37
,,,1
,,,71
,,,220
,,,116
,,,144
,,,255
,,,175
,,,102
,,,14
,,,74
,,,54
,,,172
,,,46
,,,255
,,,9
,,,255
,,,0
,,,255
,,,9
,,,54
,,,139
,,,142
,,,98
,,,39
,,,255
,,,69
,,,245
,,,250
,,,27
,,,252
,,,87
,,,255
,,,1
,,,255
,,,244
,,,53
,,,135
,,,255
,,,0
,,,110
,,,0
,,,0
,,,0
,,,144
,,,254
,,,252
,,,0
,,,104
,,,3
,,,7
,,,54
,,,21
,,,250
,,,37
,,,91
,,,173
,,,159
,,,255
,,,255
,,,246
,,,0
,,,255
,,,0
,,,209
,,,125
,,,5
,,,106
,,,255
,,,54
,,,255
,,,255
,,,85
,,,35
,,,187
,,,5
,,,255
,,,92
,,,0
,,,58
,,,54
,,,158
,,,106
,,,201
,,,179
,,,0
,,,219
,,,0
,,,28
,,,255
,,,208
,,,180
,,,190
,,,232
,,,220
,,,48
,,,164
,,,166
,,,253
,,,0
,,,141
,,,236
,,,37
,,,20
,,,195
,,,255
,,,0
,,,0
,,,2
,,,119
,,,244
,,,1
,,,255
,,,3
,,,246
,,,0
,,,168
,,,149
,,,250
,,,55
,,,199
,,,87
,,,0
,,,255
,,,17
,,,226
,,,110
,,,252
,,,21
,,,148
,,,103
,,,116
,,,255
,,,252
,,,169
,,,199
,,,53
,,,254
,,,249
,,,111
,,,255
,,,20
,,,254
,,,67
,,,47
,,,34
,,,150
,,,216
,,,47
,,,113
,,,0
,,,255
,,,134
,,,0
,,,199
,,,59
,,,126
,,,34
,,,255
,,,218
,,,155
,,,11
,,,36
,,,80
,,,128
,,,173
,,,154
,,,174
,,,125
,,,78
,,,90
,,,255
,,,255
,,,33
,,,128
,,,0
,,,150
,,,155
,,,165
,,,183
,,,195
,,,51
,,,106
,,,144
,,,1
,,,235
,,,87
,,,164
,,,2
,,,89
,,,164
,,,53
,,,213
,,,244
,,,255
,,,115
,,,227
,,,241
,,,124
,,,241
,,,200
,,,236
,,,153
,,,231
,,,161
,,,142
,,,9
,,,0
,,,15
,,,255
,,,196
,,,84
,,,118
,,,136
,,,255
,,,52
,,,79
,,,255
,,,117
,,,79
,,,197
,,,212
,,,56
,,,122
,,,79
,,,88
,,,125
,,,135
,,,250
,,,154
,,,52
,,,255
,,,83
,,,176
,,,147
,,,122
,,,117
,,,246
,,,250
,,,178
,,,248
,,,169
,,,94
,,,231
,,,141
,,,38
,,,137
,,,76
,,,93
,,,254
,,,179
,,,166
,,,146
,,,13
,,,115
,,,154
,,,0
,,,0
,,,55
,,,210
,,,118
,,,98
,,,255
,,,225
,,,83
,,,149
,,,1
,,,76
,,,254
,,,170
,,,158
,,,200
,,,0
,,,122
,,,13
,,,48
,,,129
,,,116
,,,145
,,,107
,,,79
,,,0
,,,92
,,,255
,,,110
,,,255
,,,255
,,,254
,,,0
,,,255
,,,1
,,,0
,,,209
,,,109
,,,39
,,,176
,,,68
,,,255
,,,253
,,,194
,,,96
,,,47
,,,89
,,,16
,,,70
,,,0
,,,239
,,,125
,,,255
,,,7
,,,56
,,,91
,,,132
,,,152
,,,79
,,,133
,,,255
,,,255
,,,249
,,,118
,,,192
,,,85
,,,0
,,,199
,,,247
,,,255
,,,255
,,,255
,,,32
,,,254
,,,253
,,,163
,,,197
,,,220
,,,59
,,,243
,,,4
,,,54
,,,23
,,,76
,,,238
,,,254
,,,212
,,,253
,,,0
,,,6
,,,55
,,,98
,,,155
,,,254
,,,167
,,,254
,,,141
,,,187
,,,145
,,,255
,,,243
,,,0
,,,196
,,,37
,,,255
,,,133
,,,43
,,,58
,,,31
,,,65
,,,113
,,,51
,,,118
,,,15
,,,0
,,,251
,,,196
,,,162
,,,255
,,,253
,,,25
,,,161
,,,217
,,,254
,,,56
,,,201
,,,67
,,,76
,,,210
,,,192
,,,123
,,,255
,,,255
,,,53
,,,196
,,,86
,,,166
,,,255
,,,49
,,,143
,,,58
,,,255
,,,251
,,,81
,,,15
,,,255
,,,0
,,,139
,,,32
,,,162
,,,250
,,,35
,,,255
,,,253
,,,107
,,,32
,,,100
,,,0
,,,6
,,,0
,,,53
,,,214
,,,148
,,,0
,,,102
,,,208
,,,31
,,,185
,,,0
,,,254
,,,68
,,,255
,,,200
,,,215
,,,232
,,,28
,,,82
,,,255
,,,188
,,,0
,,,255
,,,185
,,,255
,,,126
,,,114
,,,185
,,,254
,,,247
,,,66
,,,131
,,,67
,,,14
,,,251
,,,218
,,,229
,,,42
,,,184
,,,0
,,,54
,,,208
,,,2
,,,147
,,,126
,,,203
,,,141
,,,128
,,,247
,,,255
,,,249
,,,239
,,,253
,,,255
,,,228
,,,141
,,,0
,,,255
,,,92
,,,157
,,,11
,,,111
,,,235
,,,131
,,,25
,,,0
,,,116
,,,133
,,,62
,,,113
,,,48
,,,91
,,,246
,,,2
,,,254
,,,90
,,,0
,,,63
,,,120
,,,20
,,,76
,,,158
,,,22
,,,123
,,,255
,,,40
,,,0
,,,232
,,,169
,,,237
,,,11
,,,145
,,,250
,,,0
,,,19
,,,255
,,,86
,,,255
,,,148
,,,228
,,,252
,,,109
,,,0
,,,71
,,,68
,,,0
,,,34
,,,254
,,,0
,,,10
,,,19
,,,41
,,,141
,,,235
,,,10
,,,43
,,,0
,,,4
,,,42
,,,1
,,,150
,,,137
,,,184
,,,147
,,,193
,,,255
,,,254
,,,92
,,,173
,,,252
,,,0
,,,146
,,,59
,,,254
,,,139
,,,109
,,,255
,,,67
,,,239
,,,229
,,,61
,,,67
,,,254
,,,184
,,,74
,,,255
,,,13
,,,81
,,,32
,,,241
,,,102
,,,68
,,,195
,,,26
,,,220
,,,0
,,,255
,,,46
,,,73
,,,217
,,,97
,,,151
,,,9
,,,0
,,,255
,,,169
,,,216
,,,131
,,,41
,,,254
,,,14
,,,253
,,,0
,,,36
,,,53
,,,0
,,,1
,,,177
,,,5
,,,216
,,,92
,,,238
,,,126
,,,152
,,,230
,,,88
,,,35
,,,74
,,,194
,,,155
,,,42
,,,190
,,,77
,,,244
,,,101
,,,148
,,,97
,,,244
,,,255
,,,18
,,,251
,,,250
,,,208
,,,80
,,,178
,,,156
,,,2
,,,73
,,,5
,,,26
,,,0
,,,95
,,,0
,,,112
,,,126
,,,188
,,,255
,,,148
,,,182
,,,255
,,,181
,,,104
,,,221
,,,230
,,,83
,,,74
,,,156
,,,96
,,,77
,,,39
,,,112
,,,37
,,,110
,,,120
,,,120
,,,198
,,,193
,,,249
,,,0
,,,187
,,,228
,,,222
,,,162
,,,182
,,,47
,,,197
,,,8
,,,254
,,,114
,,,254
,,,34
,,,255
,,,5
,,,21
,,,63
,,,135
,,,199
,,,159
,,,44
,,,85
,,,255
,,,38
,,,82
,,,255
,,,40
,,,190
,,,103
,,,27
,,,199
,,,104
,,,196
,,,255
,,,10
,,,82
,,,209
,,,65
,,,255
,,,195
,,,30
,,,190
,,,68
,,,95
,,,255
,,,8
,,,144
,,,0
,,,236
,,,133
,,,0
,,,208
,,,0
,,,115
,,,133
,,,110
,,,255
,,,253
,,,254
,,,137
,,,120
,,,51
,,,62
,,,42
,,,209
,,,154
,,,208
,,,151
,,,4
,,,61
,,,112
,,,197
,,,212
,,,187
,,,252
,,,255
,,,60
,,,206
,,,255
,,,60
,,,255
,,,14
,,,9
,,,146
,,,91
,,,79
,,,118
,,,165
,,,137
,,,85
,,,174
,,,111
,,,0
,,,211
,,,255
,,,201
,,,162
,,,120
,,,109
,,,203
,,,253
,,,255
,,,0
,,,25
,,,108
,,,87
,,,0
,,,70
,,,2
,,,34
,,,252
,,,39
,,,255
,,,255
,,,255
,,,104
,,,222
,,,212
,,,127
,,,52
,,,199
,,,127
,,,19
,,,112
,,,255
,,,100
,,,166
,,,36
,,,173
,,,253
,,,69
,,,122
,,,227
,,,200
,,,69
,,,182
,,,104
,,,216
,,,129
,,,255
,,,198
,,,211
,,,122
,,,255
,,,252
,,,42
,,,139
,,,36
,,,194
,,,175
,,,10
,,,0
,,,255
,,,176
,,,154
,,,75
,,,146
,,,255
,,,51
,,,80
,,,246
,,,127
,,,42
,,,152
,,,121
,,,82
,,,53
,,,144
,,,255
,,,136
,,,94
,,,164
,,,191
,,,68
,,,246
,,,254
,,,0
,,,147
,,,149
,,,255
,,,209
,,,28
,,,221
,,,240
,,,192
,,,177
,,,50
,,,232
,,,255
,,,0
,,,0
,,,201
,,,96
,,,242
,,,244
,,,211
,,,93
,,,211
,,,255
,,,110
,,,253
,,,60
,,,244
,,,54
,,,229
,,,169
,,,255
,,,237
,,,22
,,,0
,,,255
,,,16
,,,41
,,,189
,,,0
,,,137
,,,255
,,,37
,,,0
,,,0
,,,255
,,,0
,,,184
,,,53
,,,1
,,,82
,,,40
,,,119
,,,3
,,,76
,,,170
,,,22
,,,245
,,,3
,,,42
,,,26
,,,255
,,,255
,,,164
,,,7
,,,176
,,,110
,,,33
,,,10
,,,26
,,,233
,,,145
,,,63
,,,115
,,,188
,,,114
,,,52
,,,73
,,,157
,,,54
,,,2
,,,250
,,,53
,,,55
,,,29
,,,208
,,,0
,,,65
,,,197
,,,229
,,,255
,,,115
,,,170
,,,72
,,,255
,,,0
,,,197
,,,194
,,,194
,,,0
,,,255
,,,255
,,,235
,,,9
,,,228
,,,97
,,,247
,,,3
,,,179
,,,174
,,,243
,,,208
,,,88
,,,47
,,,203
,,,0
,,,143
,,,52
,,,148
,,,254
,,,255
,,,29
,,,66
,,,0
,,,9
,,,176
,,,105
,,,239
,,,204
,,,93
,,,97
,,,54
,,,255
,,,81
,,,255
,,,57
,,,53
,,,244
,,,34
,,,152
,,,204
,,,236
,,,58
,,,111
,,,255
,,,254
,,,116
,,,93
,,,15
,,,207
,,,178
,,,255
,,,92
,,,168
,,,255
,,,122
,,,143
,,,130
,,,255
,,,151
,,,142
,,,30
,,,199
,,,200
,,,97
,,,40
,,,39
,,,255
,,,0
,,,163
,,,0
,,,59
,,,0
,,,181
,,,74
,,,7
,,,168
,,,180
,,,191
,,,25
,,,179
,,,88
,,,76
,,,85
,,,105
,,,8
,,,181
,,,133
,,,180
,,,236
,,,138
,,,97
,,,127
,,,31
,,,203
,,,0
,,,59
,,,252
,,,250
,,,119
,,,79
,,,87
,,,207
,,,114
,,,232
,,,77
,,,1
,,,195
,,,60
,,,210
,,,42
,,,34
,,,206
,,,50
,,,190
,,,255
,,,76
,,,110
,,,232
,,,122
,,,209
,,,184
,,,184
,,,199
,,,104
,,,176
,,,89
,,,254
,,,88
,,,255
,,,76
,,,160
,,,178
,,,164
,,,161
,,,0
,,,0
,,,124
,,,123
,,,59
,,,196
,,,211
,,,54
,,,27
,,,112
,,,34
,,,206
,,,147
,,,70
,,,56
,,,95
,,,0
,,,0
,,,125
,,,124
,,,35
,,,191
,,,246
,,,118
,,,151
,,,198
,,,174
,,,166
,,,145
,,,1
,,,162
,,,196
,,,225
,,,113
,,,184
,,,0
,,,104
,,,35
,,,234
,,,255
,,,228
,,,0
,,,183
,,,22
,,,253
,,,255
,,,181
,,,76
,,,134
,,,49
,,,135
,,,0
,,,158
,,,227
,,,254
,,,137
,,,220
,,,65
,,,255
,,,22
,,,48
,,,0
,,,67
,,,0
,,,216
,,,20
,,,176
,,,173
,,,186
,,,39
,,,10
,,,255
,,,29
,,,255
,,,58
,,,37
,,,0
,,,123
,,,98
,,,119
,,,0
,,,193
,,,0
,,,165
,,,86
,,,253
,,,163
,,,91
,,,133
,,,0
,,,191
,,,255
,,,205
,,,106
,,,95
,,,177
,,,0
,,,4
,,,34
,,,244
,,,145
,,,0
,,,43
,,,227
,,,42
,,,255
,,,98
,,,0
,,,209
,,,51
,,,162
,,,126
,,,210
,,,178
,,,255
,,,162
,,,54
,,,147
,,,255
,,,95
,,,222
,,,60
,,,139
,,,154
,,,198
,,,247
,,,148
,,,147
,,,0
,,,112
,,,0
,,,135
,,,255
,,,95
,,,208
,,,126
,,,254
,,,38
,,,26
,,,76
,,,0
,,,108
,,,255
,,,211
,,,138
,,,124
,,,77
,,,0
,,,77
,,,35
,,,254
,,,209
,,,120
,,,228
,,,60
,,,255
,,,91
,,,254
,,,235
,,,129
,,,107
,,,19
,,,228
,,,66
,,,1
,,,55
,,,7
,,,0
,,,39
,,,1
,,,195
,,,4
,,,58
,,,152
,,,144
,,,150
,,,255
,,,67
,,,255
,,,226
,,,144
,,,90
,,,143
,,,146
,,,139
,,,90
,,,146
,,,14
,,,222
,,,209
,,,174
,,,255
,,,126
,,,238
,,,210
,,,250
,,,255
,,,216
,,,41
,,,234
,,,255
,,,42
,,,244
,,,250
,,,51
,,,255
,,,21
,,,77
,,,0
,,,236
,,,0
,,,255
,,,214
,,,253
,,,94
,,,49
,,,45
,,,75
,,,39
,,,73
,,,0
,,,118
,,,89
,,,54
,,,145
,,,195
,,,252
,,,250
,,,3
,,,68
,,,176
,,,254
,,,208
,,,42
,,,0
,,,206
,,,163
,,,255
,,,126
,,,26
,,,55
,,,176
,,,218
,,,141
,,,56
,,,44
,,,0
,,,255
,,,7
,,,211
,,,2
,,,239
,,,2
,,,239
,,,244
,,,131
,,,46
,,,156
,,,61
,,,255
,,,165
,,,162
,,,194
,,,249
,,,255
,,,206
,,,255
,,,145
,,,254
,,,35
,,,11
,,,51
,,,30
,,,39
,,,174
,,,229
,,,42
,,,4
,,,234
,,,177
,,,79
,,,255
,,,153
,,,171
,,,242
,,,18
,,,0
,,,113
,,,249
,,,93
,,,88
,,,22
,,,13
,,,138
,,,255
,,,113
,,,145
,,,81
,,,42
,,,144
,,,175
,,,130
,,,167
,,,110
,,,0
,,,178
,,,167
,,,111
,,,64
,,,147
,,,173
,,,251
,,,91
,,,111
,,,0
,,,255
,,,22
,,,255
,,,185
,,,0
,,,6
,,,110
,,,98
,,,0
,,,211
,,,90
,,,252
,,,253
,,,77
,,,92
,,,255
,,,42
,,,0
,,,193
,,,181
,,,19
,,,110
,,,99
,,,0
,,,211
,,,40
,,,127
,,,0
,,,141
,,,169
,,,0
,,,2
,,,0
,,,80
,,,255
,,,57
,,,94
,,,243
,,,255
,,,229
,,,255
,,,0
,,,50
,,,42
,,,255
,,,14
,,,159
,,,119
,,,0
,,,255
,,,40
,,,146
,,,28
,,,109
,,,187
,,,142
,,,255
,,,210
,,,255
,,,255
,,,52
,,,0
,,,69
,,,255
,,,180
,,,188
,,,77
,,,11
,,,125
,,,255
,,,56
,,,210
,,,228
,,,42
,,,61
,,,241
,,,173
,,,54
,,,176
,,,7
,,,139
,,,0
,,,0
,,,65
,,,250
,,,255
,,,114
,,,247
,,,114
,,,255
,,,219
,,,254
,,,26
,,,51
,,,255
,,,6
,,,177
,,,93
,,,155
,,,209
,,,211
,,,80
,,,157
,,,165
,,,0
,,,218
,,,216
,,,249
,,,255
,,,170
,,,168
,,,54
,,,199
,,,232
,,,179
,,,70
,,,91
,,,112
,,,170
,,,126
,,,230
,,,97
,,,105
,,,58
,,,64
,,,181
,,,0
,,,0
,,,157
,,,0
,,,68
,,,11
,,,166
,,,130
,,,230
,,,173
,,,62
,,,96
,,,92
,,,159
,,,51
,,,7
,,,93
,,,255
,,,98
,,,116
,,,106
,,,31
,,,0
,,,91
,,,11
,,,28
,,,120
,,,92
,,,167
,,,193
,,,0
,,,120
,,,74
,,,7
,,,255
,,,211
,,,255
,,,196
,,,5
,,,94
,,,138
,,,100
,,,238
,,,218
,,,77
,,,161
,,,186
,,,161
,,,83
,,,226
,,,253
,,,39
,,,162
,,,229
,,,255
,,,0
,,,255
,,,255
,,,110
,,,255
,,,0
,,,200
,,,0
,,,104
,,,210
,,,254
,,,185
,,,252
,,,59
,,,226
,,,59
,,,199
,,,199
,,,225
,,,49
,,,164
,,,0
,,,0
,,,26
,,,0
,,,153
,,,219
,,,174
,,,203
,,,0
,,,83
,,,101
,,,221
,,,255
,,,200
,,,255
,,,206
,,,66
,,,250
,,,71
,,,244
,,,120
,,,255
,,,111
,,,193
,,,187
,,,76
,,,130
,,,120
,,,243
,,,253
,,,187
,,,170
,,,255
,,,56
,,,254
,,,255
,,,121
,,,254
,,,3
,,,0
,,,119
,,,98
,,,95
,,,249
,,,0
,,,248
,,,187
,,,3
,,,46
,,,49
,,,93
,,,118
,,,142
,,,60
,,,0
,,,190
,,,0
,,,25
,,,13
,,,0
,,,1
,,,119
,,,101
,,,246
,,,227
,,,100
,,,151
,,,249
,,,173
,,,255
,,,128
,,,0
,,,85
,,,17
,,,0
,,,31
,,,229
,,,255
,,,66
,,,146
,,,245
,,,170
,,,174
,,,180
,,,179
,,,255
,,,130
,,,209
,,,67
,,,255
,,,137
,,,224
,,,168
,,,210
,,,188
,,,59
,,,90
,,,251
,,,255
,,,242
,,,0
,,,120
,,,62
,,,136
,,,254
,,,70
,,,174
,,,255
,,,35
,,,174
,,,102
,,,255
,,,14
,,,0
,,,253
,,,255
,,,147
,,,255
,,,123
,,,168
,,,153
,,,255
,,,28
,,,124
,,,175
,,,32
,,,254
,,,131
,,,183
,,,166
,,,0
,,,85
,,,244
,,,44
,,,78
,,,186
,,,255
,,,147
,,,0
,,,255
,,,148
,,,0
,,,62
,,,185
,,,8
,,,10
,,,196
,,,255
,,,141
,,,46
,,,19
,,,2
,,,140
,,,65
,,,78
,,,199
,,,255
,,,34
,,,193
,,,114
,,,227
,,,183
,,,255
,,,255
,,,103
,,,0
,,,0
,,,1
,,,206
,,,76
,,,41
,,,247
,,,56
,,,34
,,,110
,,,225
,,,211
,,,0
,,,116
,,,135
,,,172
,,,129
,,,119
,,,115
,,,118
,,,193
,,,110
,,,61
,,,38
,,,211
,,,168
,,,255
,,,10
,,,255
,,,74
,,,76
,,,155
,,,80
,,,146
,,,255
,,,164
,,,229
,,,202
,,,0
,,,3
,,,58
,,,84
,,,126
,,,214
,,,87
,,,254
,,,54
,,,5
,,,0
,,,254
,,,143
,,,50
,,,126
,,,254
,,,161
,,,255
,,,194
,,,213
,,,255
,,,0
,,,204
,,,84
,,,112
,,,68
,,,183
,,,162
,,,209
,,,57
,,,129
,,,255
,,,129
,,,196
,,,233
,,,167
,,,255
,,,147
,,,145
,,,173
,,,57
,,,0
,,,10
,,,251
,,,92
,,,250
,,,255
,,,174
,,,95
,,,0
,,,55
,,,0
,,,44
,,,93
,,,255
,,,255
,,,56
,,,75
,,,253
,,,114
,,,73
,,,0
,,,46
,,,156
,,,172
,,,154
,,,189
,,,173
,,,30
,,,203
,,,242
,,,116
,,,255
,,,26
,,,61
,,,0
,,,65
,,,254
,,,209
,,,195
,,,38
,,,254
,,,100
,,,142
,,,54
,,,89
,,,186
,,,197
,,,165
,,,137
,,,9
,,,111
,,,255
,,,152
,,,165
,,,222
,,,113
,,,22
,,,149
,,,92
,,,0
,,,211
,,,0
,,,157
,,,241
,,,162
,,,227
,,,254
,,,181
,,,253
,,,216
,,,69
,,,158
,,,172
,,,0
,,,75
,,,177
,,,252
,,,170
,,,3
,,,28
,,,48
,,,85
,,,209
,,,249
,,,125
,,,227
,,,85
,,,82
,,,91
,,,234
,,,196
,,,255
,,,206
,,,36
,,,67
,,,255
,,,247
,,,231
,,,0
,,,208
,,,96
,,,171
,,,31
,,,250
,,,119
,,,162
,,,255
,,,124
,,,87
,,,11
,,,140
,,,255
,,,178
,,,187
,,,253
,,,254
,,,151
,,,201
,,,166
,,,224
,,,123
,,,116
,,,0
,,,14
,,,196
,,,122
,,,149
,,,119
,,,55
,,,170
,,,206
,,,24
,,,13
,,,37
,,,205
,,,169
,,,60
,,,255
,,,0
,,,25
,,,0
,,,255
,,,70
,,,181
,,,2
,,,195
,,,0
,,,218
,,,255
,,,152
,,,220
,,,244
,,,238
,,,87
,,,255
,,,178
,,,229
,,,0
,,,209
,,,175
,,,254
,,,193
,,,111
,,,56
,,,76
,,,230
,,,94
,,,59
,,,32
,,,0
,,,9
,,,72
,,,156
,,,212
,,,167
,,,150
,,,50
,,,255
,,,49
,,,120
,,,249
,,,251
,,,162
,,,254
,,,224
,,,18
,,,207
,,,229
,,,240
,,,75
,,,125
,,,162
,,,241
,,,254
,,,153
,,,51
,,,202
,,,137
,,,119
,,,37
,,,99
,,,112
,,,255
,,,117
,,,20
,,,132
,,,35
,,,255
,,,237
,,,214
,,,201
,,,2
,,,144
,,,54
,,,187
,,,255
,,,209
,,,3
,,,255
,,,80
,,,243
,,,253
,,,187
,,,95
,,,205
,,,84
,,,34
,,,126
,,,137
,,,0
,,,193
,,,97
,,,0
,,,84
,,,0
,,,163
,,,77
,,,0
,,,107
,,,83
,,,98
,,,78
,,,180
,,,92
,,,227
,,,160
,,,0
,,,207
,,,242
,,,0
,,,255
,,,0
,,,21
,,,209
,,,240
,,,2
,,,104
,,,24
,,,153
,,,0
,,,142
,,,105
,,,228
,,,48
,,,42
,,,65
,,,210
,,,221
,,,255
,,,122
,,,101
,,,185
,,,85
,,,0
,,,247
,,,0
,,,25
,,,200
,,,54
,,,58
,,,169
,,,0
,,,17
,,,229
,,,216
,,,93
,,,151
,,,174
,,,63
,,,57
,,,64
,,,255
,,,255
,,,16
,,,212
,,,0
,,,199
,,,169
,,,164
,,,203
,,,167
,,,239
,,,249
,,,228
,,,176
,,,92
,,,97
,,,248
,,,255
,,,123
,,,112
,,,124
,,,27
,,,33
,,,0
,,,162
,,,158
,,,23
,,,160
,,,255
,,,193
,,,155
,,,255
,,,20
,,,6
,,,254
,,,47
,,,255
,,,248
,,,252
,,,254
,,,199
,,,179
,,,205
,,,252
,,,87
,,,8
,,,171
,,,255
,,,57
,,,0
,,,93
,,,56
,,,246
,,,12
,,,46
,,,11
,,,92
,,,59
,,,253
,,,2
,,,185
,,,152
,,,39
,,,0
,,,181
,,,209
,,,164
,,,234
,,,206
,,,78
,,,255
,,,254
,,,20
,,,131
,,,109
,,,255
,,,0
,,,57
,,,43
,,,92
,,,87
,,,133
,,,6
,,,211
,,,113
,,,159
,,,150
,,,76
,,,195
,,,111
,,,193
,,,0
,,,255
,,,128
,,,54
,,,133
,,,255
,,,218
,,,67
,,,83
,,,174
,,,0
,,,53
,,,148
,,,240
,,,255
,,,59
,,,120
,,,187
,,,211
,,,102
,,,255
,,,83
,,,178
,,,155
,,,4
,,,3
,,,248
,,,113
,,,192
,,,103
,,,255
,,,83
,,,204
,,,117
,,,1
,,,0
,,,153
,,,59
,,,29
,,,160
,,,255
,,,163
,,,215
,,,184
,,,193
,,,254
,,,0
,,,104
,,,38
,,,58
,,,87
,,,106
,,,58
,,,0
,,,153
,,,164
,,,208
,,,164
,,,174
,,,111
,,,103
,,,31
,,,93
,,,186
,,,25
,,,56
,,,162
,,,255
,,,97
,,,229
,,,49
,,,99
,,,37
,,,228
,,,13
,,,4
,,,223
,,,220
,,,244
,,,191
,,,252
,,,45
,,,116
,,,40
,,,53
,,,117
,,,84
,,,158
,,,0
,,,96
,,,119
,,,33
,,,163
,,,113
,,,0
,,,88
,,,119
,,,172
,,,166
,,,0
,,,244
,,,255
,,,154
,,,153
,,,0
,,,49
,,,192
,,,77
,,,123
,,,164
,,,0
,,,255
,,,98
,,,32
,,,79
,,,170
,,,85
,,,0
,,,209
,,,5
,,,200
,,,187
,,,173
,,,49
,,,10
,,,94
,,,196
,,,204
,,,255
,,,255
,,,166
,,,174
,,,217
,,,0
,,,84
,,,89
,,,0
,,,0
,,,29
,,,25
,,,205
,,,252
,,,76
,,,182
,,,64
,,,13
,,,255
,,,35
,,,35
,,,92
,,,37
,,,248
,,,43
,,,90
,,,18
,,,143
,,,3
,,,255
,,,253
,,,0
,,,254
,,,9
,,,83
,,,104
,,,254
,,,166
,,,139
,,,255
,,,255
,,,133
,,,209
,,,230
,,,255
,,,61
,,,151
,,,230
,,,203
,,,211
,,,254
,,,103
,,,253
,,,131
,,,109
,,,199
,,,150
,,,0
,,,106
,,,12
,,,92
,,,110
,,,25
,,,251
,,,66
,,,142
,,,52
,,,0
,,,116
,,,255
,,,253
,,,180
,,,197
,,,71
,,,132
,,,255
,,,197
,,,0
,,,9
,,,0
,,,12
,,,132
,,,99
,,,255
,,,0
,,,151
,,,138
,,,255
,,,227
,,,255
,,,0
,,,173
,,,162
,,,200
,,,11
,,,158
,,,253
,,,255
,,,255
,,,246
,,,25
,,,91
,,,153
,,,216
,,,62
,,,121
,,,126
,,,5
,,,210
,,,37
,,,220
,,,65
,,,151
,,,122
,,,0
,,,255
,,,209
,,,94
,,,210
,,,42
,,,0
,,,120
,,,139
,,,160
,,,207
,,,137
,,,229
,,,111
,,,2
,,,94
,,,226
,,,0
,,,0
,,,251
,,,251
,,,95
,,,0
,,,247
,,,234
,,,0
,,,200
,,,111
,,,51
,,,157
,,,58
,,,161
,,,74
,,,125
,,,47
,,,145
,,,42
,,,139
,,,76
,,,241
,,,87
,,,50
,,,0
,,,101
,,,144
,,,255
,,,26
,,,77
,,,35
,,,116
,,,136
,,,58
,,,181
,,,210
,,,120
,,,238
,,,195
,,,45
,,,166
,,,64
,,,202
,,,134
,,,156
,,,245
,,,54
,,,176
,,,244
,,,85
,,,108
,,,172
,,,0
,,,0
,,,255
,,,142
,,,112
,,,15
,,,178
,,,0
,,,101
,,,196
,,,181
,,,255
,,,104
,,,41
,,,122
,,,218
,,,28
,,,194
,,,167
,,,127
,,,47
,,,116
,,,255
,,,95
,,,111
,,,0
,,,66
,,,156
,,,219
,,,0
,,,38
,,,255
,,,199
,,,198
,,,186
,,,251
,,,196
,,,255
,,,253
,,,131
,,,83
,,,73
,,,194
,,,5
,,,54
,,,124
,,,110
,,,0
,,,88
,,,255
,,,255
,,,219
,,,255
,,,120
,,,40
,,,209
,,,192
,,,216
,,,0
,,,103
,,,85
,,,125
,,,120
,,,207
,,,45
,,,196
,,,54
,,,55
,,,0
,,,158
,,,221
,,,36
,,,255
,,,244
,,,188
,,,255
,,,254
,,,255
,,,253
,,,155
,,,74
,,,247
,,,255
,,,0
,,,73
,,,163
,,,251
,,,0
,,,255
,,,208
,,,5
,,,254
,,,58
,,,42
,,,193
,,,48
,,,255
,,,255
,,,70
,,,144
,,,255
,,,170
,,,0
,,,174
,,,203
,,,110
,,,42
,,,174
,,,39
,,,104
,,,88
,,,211
,,,230
,,,254
,,,255
,,,201
,,,209
,,,74
,,,255
,,,206
,,,22
,,,133
,,,252
,,,55
,,,35
,,,149
,,,160
,,,119
,,,98
,,,74
,,,88
,,,196
,,,138
,,,255
,,,115
,,,96
,,,53
,,,161
,,,126
,,,138
,,,254
,,,110
,,,255
,,,115
,,,162
,,,82
,,,70
,,,39
,,,253
,,,255
,,,0
,,,138
,,,137
,,,255
,,,255
,,,88
,,,255
,,,36
,,,250
,,,252
,,,2
,,,98
,,,254
,,,70
,,,253
,,,175
,,,0
,,,248
,,,83
,,,177
,,,227
,,,209
,,,74
,,,255
,,,116
,,,165
,,,0
,,,0
,,,40
,,,89
,,,167
,,,111
,,,49
,,,43
,,,162
,,,206
,,,90
,,,0
,,,252
,,,165
,,,43
,,,0
,,,146
,,,161
,,,102
,,,96
,,,241
,,,116
,,,243
,,,217
,,,245
,,,160
,,,19
,,,126
,,,40
,,,255
,,,218
,,,255
,,,255
,,,254
,,,254
,,,122
,,,172
,,,98
,,,161
,,,219
,,,49
,,,252
,,,255
,,,65
,,,67
,,,66
,,,179
,,,16
,,,184
,,,255
,,,116
,,,0
,,,254
,,,188
,,,37
,,,26
,,,208
,,,0
,,,255
,,,244
,,,60
,,,255
,,,186
,,,174
,,,163
,,,255
,,,173
,,,87
,,,176
,,,255
,,,255
,,,108
,,,137
,,,94
,,,252
,,,211
,,,191
,,,109
,,,17
,,,254
,,,200
,,,233
,,,199
,,,241
,,,77
,,,143
,,,3
,,,255
,,,255
,,,255
,,,136
,,,0
,,,253
,,,157
,,,237
,,,136
,,,42
,,,38
,,,255
,,,192
,,,255
,,,142
,,,254
,,,195
,,,0
,,,231
,,,194
,,,150
,,,10
,,,153
,,,247
,,,157
,,,37
,,,178
,,,231
,,,74
,,,1
,,,255
,,,35
,,,254
,,,131
,,,65
,,,170
,,,127
,,,186
,,,47
,,,204
,,,255
,,,176
,,,59
,,,255
,,,251
,,,255
,,,193
,,,244
,,,193
,,,202
,,,176
,,,131
,,,18
,,,193
,,,252
,,,0
,,,74
,,,251
,,,179
,,,134
,,,187
,,,124
,,,108
,,,110
,,,165
,,,196
,,,145
,,,10
,,,193
,,,83
,,,51
,,,0
,,,54
,,,34
,,,245
,,,33
,,,196
,,,189
,,,252
,,,194
,,,113
,,,87
,,,37
,,,253
,,,255
,,,145
,,,4
,,,83
,,,255
,,,0
,,,255
,,,0
,,,211
,,,104
,,,204
,,,0
,,,0
,,,193
,,,187
,,,0
,,,2
,,,227
,,,28
,,,140
,,,194
,,,0
,,,223
,,,164
,,,14
,,,19
,,,255
,,,183
,,,116
,,,250
,,,255
,,,249
,,,152
,,,187
,,,74
,,,235
,,,230
,,,238
,,,141
,,,206
,,,173
,,,0
,,,104
,,,252
,,,255
,,,255
,,,21
,,,98
,,,221
,,,101
,,,50
,,,0
,,,35
,,,164
,,,95
,,,162
,,,255
,,,189
,,,209
,,,232
,,,255
,,,255
,,,164
,,,255
,,,0
,,,0
,,,255
,,,18
,,,217
,,,150
,,,0
,,,3
,,,132
,,,47
,,,252
,,,0
,,,236
,,,21
,,,114
,,,104
,,,195
,,,174
,,,255
,,,110
,,,1
,,,165
,,,0
,,,0
,,,48
,,,0
,,,53
,,,242
,,,239
,,,253
,,,49
,,,38
,,,0
,,,0
,,,134
,,,151
,,,168
,,,209
,,,204
,,,112
,,,123
,,,120
,,,35
,,,79
,,,128
,,,86
,,,47
,,,0
,,,85
,,,255
,,,186
,,,166
,,,0
,,,0
,,,63
,,,4
,,,116
,,,144
,,,254
,,,255
,,,0
,,,77
,,,188
,,,162
,,,186
,,,0
,,,108
,,,0
,,,25
,,,100
,,,155
,,,128
,,,211
,,,166
,,,139
,,,126
,,,137
,,,0
,,,160
,,,22
,,,131
,,,77
,,,116
,,,0
,,,115
,,,0
,,,251
,,,226
,,,0
,,,66
,,,241
,,,77
,,,33
,,,104
,,,0
,,,255
,,,238
,,,106
,,,0
,,,49
,,,174
,,,0
,,,170
,,,64
,,,247
,,,99
,,,204
,,,133
,,,179
,,,29
,,,47
,,,237
,,,29
,,,207
,,,94
,,,227
,,,8
,,,30
,,,226
,,,162
,,,72
,,,0
,,,125
,,,0
,,,207
,,,47
,,,247
,,,187
,,,40
,,,0
,,,0
,,,133
,,,253
,,,189
,,,51
,,,100
,,,125
,,,140
,,,226
,,,178
,,,254
,,,195
,,,0
,,,242
,,,110
,,,59
,,,4
,,,90
,,,252
,,,142
,,,109
,,,0
,,,9
,,,222
,,,110
,,,165
,,,249
,,,28
,,,135
,,,211
,,,162
,,,55
,,,95
,,,255
,,,125
,,,39
,,,54
,,,178
,,,0
,,,68
,,,255
,,,55
,,,140
,,,255
,,,255
,,,157
,,,230
,,,21
,,,255
,,,191
,,,87
,,,103
,,,255
,,,153
,,,174
,,,252
,,,252
,,,139
,,,193
,,,255
,,,255
,,,226
,,,252
,,,84
,,,137
,,,68
,,,93
,,,4
,,,254
,,,53
,,,50
,,,0
,,,175
,,,198
,,,116
,,,255
,,,10
,,,216
,,,255
,,,255
,,,254
,,,132
,,,81
,,,40
,,,0
,,,118
,,,41
,,,218
,,,26
,,,5
,,,12
,,,21
,,,255
,,,202
,,,101
,,,255
,,,99
,,,171
,,,35
,,,152
,,,49
,,,3
,,,40
,,,171
,,,71
,,,211
,,,249
,,,119
,,,140
,,,14
,,,152
,,,255
,,,23
,,,0
,,,255
,,,255
,,,95
,,,85
,,,0
,,,225
,,,51
,,,192
,,,255
,,,255
,,,129
,,,209
,,,165
,,,59
,,,254
,,,209
,,,255
,,,178
,,,121
,,,127
,,,192
,,,24
,,,100
,,,255
,,,3
,,,130
,,,2
,,,249
,,,255
,,,192
,,,199
,,,0
,,,255
,,,116
,,,255
,,,255
,,,56
,,,0
,,,255
,,,255
,,,161
,,,255
,,,179
,,,69
,,,255
,,,11
,,,31
,,,25
,,,170
,,,207
,,,255
,,,219
,,,0
,,,113
,,,3
,,,221
,,,111
,,,62
,,,42
,,,253
,,,76
,,,186
,,,0
,,,177
,,,192
,,,40
,,,81
,,,93
,,,42
,,,188
,,,115
,,,0
,,,255
,,,212
,,,208
,,,175
,,,21
,,,227
,,,111
,,,230
,,,11
,,,123
,,,72
,,,86
,,,255
,,,132
,,,128
,,,246
,,,179
,,,181
,,,253
,,,255
,,,132
,,,42
,,,209
,,,120
,,,229
,,,15
,,,255
,,,178
,,,227
,,,255
,,,255
,,,211
,,,15
,,,33
,,,88
,,,255
,,,253
,,,17
,,,246
,,,164
,,,244
,,,251
,,,197
,,,126
,,,4
,,,146
,,,187
,,,227
,,,29
,,,157
,,,236
,,,255
,,,116
,,,9
,,,255
,,,68
,,,209
,,,0
,,,80
,,,0
,,,235
,,,122
,,,218
,,,84
,,,97
,,,115
,,,205
,,,185
,,,131
,,,59
,,,38
,,,124
,,,92
,,,164
,,,56
,,,109
,,,54
,,,144
,,,191
,,,77
,,,156
,,,0
,,,143
,,,255
,,,125
,,,32
,,,11
,,,104
,,,127
,,,126
,,,232
,,,255
,,,208
,,,27
,,,164
,,,92
,,,255
,,,58
,,,104
,,,254
,,,139
,,,18
,,,179
,,,22
,,,143
,,,179
,,,227
,,,255
,,,27
,,,139
,,,24
,,,170
,,,57
,,,203
,,,154
,,,62
,,,229
,,,226
,,,167
,,,255
,,,1
,,,255
,,,116
,,,146
,,,206
,,,221
,,,132
,,,234
,,,2
,,,255
,,,94
,,,8
,,,97
,,,255
,,,255
,,,2
,,,28
,,,40
,,,134
,,,140
,,,255
,,,254
,,,255
,,,172
,,,251
,,,199
,,,153
,,,185
,,,254
,,,124
,,,189
,,,48
,,,239
,,,116
,,,134
,,,57
,,,160
,,,228
,,,175
,,,255
,,,201
,,,64
,,,54
,,,31
,,,0
,,,144
,,,63
,,,97
,,,138
,,,136
,,,153
,,,172
,,,255
,,,252
,,,0
,,,136
,,,195
,,,53
,,,202
,,,198
,,,2
,,,245
,,,93
,,,255
,,,255
,,,237
,,,145
,,,100
,,,208
,,,255
,,,255
,,,209
,,,4
,,,203
,,,141
,,,215
,,,140
,,,37
,,,67
,,,253
,,,219
,,,5
,,,151
,,,121
,,,168
,,,49
,,,200
,,,36
,,,89
,,,97
,,,210
,,,0
,,,0
,,,189
,,,255
,,,0
,,,229
,,,160
,,,209
,,,0
,,,25
,,,121
,,,255
,,,221
,,,95
,,,195
,,,25
,,,255
,,,41
,,,240
,,,11
,,,142
,,,255
,,,146
,,,18
,,,215
,,,127
,,,1
,,,236
,,,138
,,,47
,,,132
,,,3
,,,56
,,,214
,,,255
,,,210
,,,1
,,,0
,,,125
,,,29
,,,133
,,,164
,,,221
,,,95
,,,255
,,,2
,,,39
,,,111
,,,187
,,,255
,,,169
,,,198
,,,174
,,,100
,,,116
,,,28
,,,190
,,,83
,,,224
,,,64
,,,106
,,,255
,,,123
,,,180
,,,211
,,,76
,,,193
,,,251
,,,141
,,,189
,,,79
,,,245
,,,199
,,,104
,,,224
,,,255
,,,255
,,,60
,,,37
,,,6
,,,0
,,,158
,,,255
,,,106
,,,240
,,,15
,,,78
,,,59
,,,180
,,,133
,,,86
,,,255
,,,159
,,,254
,,,92
,,,173
,,,255
,,,252
,,,199
,,,163
,,,88
,,,107
,,,3
,,,2
,,,0
,,,3
,,,50
,,,75
,,,13
,,,184
,,,62
,,,150
,,,255
,,,59
,,,250
,,,215
,,,255
,,,49
,,,54
,,,41
,,,255
,,,0
,,,34
,,,12
,,,205
,,,14
,,,66
,,,177
,,,251
,,,178
,,,17
,,,41
,,,102
,,,21
,,,4
,,,38
,,,144
,,,255
,,,254
,,,145
,,,111
,,,215
,,,255
,,,42
,,,187
,,,78
,,,134
,,,12
,,,0
,,,126
,,,104
,,,158
,,,0
,,,27
,,,60
,,,237
,,,255
,,,73
,,,0
,,,250
,,,91
,,,216
,,,173
,,,123
,,,214
,,,255
,,,191
,,,125
,,,111
,,,132
,,,94
,,,234
,,,114
,,,59
,,,254
,,,202
,,,243
,,,109
,,,113
,,,173
,,,103
,,,223
,,,84
,,,255
,,,184
,,,255
,,,113
,,,113
,,,219
,,,34
,,,233
,,,247
,,,45
,,,0
,,,13
,,,0
,,,186
,,,73
,,,255
,,,0
,,,151
,,,109
,,,123
,,,89
,,,246
,,,253
,,,145
,,,92
,,,119
,,,32
,,,46
,,,210
,,,55
,,,255
,,,183
,,,57
,,,61
,,,255
,,,162
,,,97
,,,253
,,,162
,,,45
,,,251
,,,110
,,,128
,,,104
,,,153
,,,33
,,,195
,,,84
,,,255
,,,167
,,,77
,,,160
,,,255
,,,218
,,,166
,,,82
,,,143
,,,117
,,,216
,,,41
,,,80
,,,117
,,,89
,,,188
,,,10
,,,31
,,,131
,,,156
,,,36
,,,30
,,,106
,,,118
,,,61
,,,0
,,,31
,,,0
,,,211
,,,180
,,,155
,,,164
,,,254
,,,0
,,,170
,,,0
,,,104
,,,76
,,,201
,,,72
,,,229
,,,83
,,,255
,,,109
,,,87
,,,190
,,,216
,,,200
,,,54
,,,190
,,,223
,,,255
,,,1
,,,40
,,,171
,,,211
,,,77
,,,224
,,,151
,,,0
,,,76
,,,40
,,,164
,,,237
,,,255
,,,0
,,,113
,,,254
,,,238
,,,200
,,,222
,,,18
,,,253
,,,40
,,,249
,,,40
,,,206
,,,140
,,,194
,,,241
,,,0
,,,227
,,,0
,,,184
,,,0
,,,255
,,,94
,,,247
,,,174
,,,155
,,,158
,,,6
,,,133
,,,0
,,,1
,,,255
,,,255
,,,155
,,,144
,,,122
,,,48
,,,255
,,,208
,,,129
,,,90
,,,0
,,,150
,,,21
,,,39
,,,20
,,,25
,,,216
,,,255
,,,83
,,,133
,,,116
,,,59
,,,212
,,,255
,,,220
,,,241
,,,168
,,,93
,,,255
,,,219
,,,211
,,,178
,,,130
,,,6
,,,210
,,,255
,,,200
,,,166
,,,6
,,,70
,,,2
,,,64
,,,92
,,,9
,,,255
,,,208
,,,242
,,,0
,,,254
,,,255
,,,196
,,,145
,,,235
,,,196
,,,193
,,,147
,,,165
,,,176
,,,58
,,,231
,,,37
,,,74
,,,220
,,,106
,,,255
,,,194
,,,249
,,,226
,,,0
,,,35
,,,208
,,,3
,,,227
,,,255
,,,255
,,,48
,,,14
,,,158
,,,160
,,,0
,,,105
,,,254
,,,208
,,,85
,,,125
,,,69
,,,255
,,,96
,,,251
,,,98
,,,22
,,,98
,,,186
,,,162
,,,22
,,,22
,,,102
,,,219
,,,222
,,,206
,,,1
,,,249
,,,24
,,,44
,,,255
,,,244
,,,198
,,,0
,,,22
,,,62
,,,17
,,,95
,,,178
,,,255
,,,253
,,,39
,,,55
,,,20
,,,247
,,,252
,,,227
,,,28
,,,255
,,,229
,,,186
,,,248
,,,56
,,,23
,,,133
,,,77
,,,221
,,,255
,,,129
,,,180
,,,174
,,,0
,,,117
,,,51
,,,193
,,,190
,,,218
,,,95
,,,126
,,,103
,,,144
,,,187
,,,79
,,,202
,,,56
,,,255
,,,114
,,,139
,,,209
,,,253
,,,238
,,,134
,,,162
,,,255
,,,255
,,,0
,,,243
,,,0
,,,16
,,,75
,,,12
,,,253
,,,67
,,,204
,,,0
,,,51
,,,107
,,,186
,,,184
,,,244
,,,254
,,,84
,,,6
,,,156
,,,235
,,,135
,,,98
,,,255
,,,215
,,,83
,,,130
,,,12
,,,221
,,,51
,,,197
,,,17
,,,188
,,,210
,,,182
,,,238
,,,8
,,,87
,,,183
,,,103
,,,50
,,,150
,,,251
,,,130
,,,235
,,,171
,,,196
,,,0
,,,134
,,,10
,,,249
,,,95
,,,235
,,,54
,,,8
,,,0
,,,54
,,,189
,,,95
,,,132
,,,159
,,,255
,,,73
,,,81
,,,54
,,,255
,,,161
,,,95
,,,127
,,,237
,,,167
,,,228
,,,131
,,,255
,,,19
,,,87
,,,83
,,,211
,,,12
,,,0
,,,106
,,,45
,,,0
,,,254
,,,253
,,,74
,,,164
,,,255
,,,13
,,,189
,,,185
,,,47
,,,100
,,,87
,,,0
,,,22
,,,244
,,,142
,,,1
,,,104
,,,166
,,,209
,,,90
,,,26
,,,189
,,,25
,,,254
,,,255
,,,255
,,,35
,,,178
,,,124
,,,8
,,,230
,,,108
,,,186
,,,252
,,,150
,,,224
,,,87
,,,147
,,,104
,,,11
,,,49
,,,106
,,,13
,,,28
,,,252
,,,96
,,,66
,,,174
,,,35
,,,208
,,,179
,,,115
,,,254
,,,190
,,,255
,,,208
,,,102
,,,31
,,,202
,,,0
,,,255
,,,255
,,,0
,,,118
,,,46
,,,181
,,,158
,,,255
,,,229
,,,0
,,,43
,,,0
,,,198
,,,71
,,,128
,,,254
,,,0
,,,0
,,,145
,,,221
,,,17
,,,0
,,,119
,,,59
,,,211
,,,212
,,,71
,,,50
,,,17
,,,26
,,,194
,,,0
,,,125
,,,127
,,,192
,,,141
,,,0
,,,215
,,,255
,,,186
,,,88
,,,150
,,,132
,,,100
,,,104
,,,183
,,,49
,,,15
,,,18
,,,223
,,,171
,,,77
,,,105
,,,169
,,,212
,,,88
,,,0
,,,85
,,,2
,,,76
,,,255
,,,12
,,,247
,,,60
,,,211
,,,130
,,,254
,,,10
,,,244
,,,65
,,,179
,,,33
,,,255
,,,110
,,,211
,,,86
,,,255
,,,163
,,,255
,,,155
,,,18
,,,162
,,,0
,,,158
,,,102
,,,0
,,,86
,,,127
,,,227
,,,10
,,,213
,,,158
,,,112
,,,0
,,,254
,,,46
,,,73
,,,163
,,,94
,,,68
,,,94
,,,255
,,,0
,,,105
,,,27
,,,69
,,,190
,,,110
,,,200
,,,178
,,,0
,,,0
,,,135
,,,49
,,,97
,,,92
,,,184
,,,173
,,,229
,,,252
,,,21
,,,55
,,,210
,,,92
,,,90
,,,92
,,,141
,,,0
,,,185
,,,255
,,,251
,,,211
,,,17
,,,151
,,,213
,,,250
,,,19
,,,0
,,,133
,,,255
,,,1
,,,110
,,,194
,,,0
,,,0
,,,191
,,,86
,,,27
,,,209
,,,182
,,,76
,,,229
,,,255
,,,0
,,,198
,,,157
,,,47
,,,110
,,,53
,,,242
,,,244
,,,195
,,,187
,,,250
,,,88
,,,255
,,,77
,,,42
,,,57
,,,228
,,,116
,,,127
,,,235
,,,158
,,,255
,,,148
,,,12
,,,54
,,,199
,,,19
,,,98
,,,97
,,,77
,,,77
,,,54
,,,25
,,,85
,,,0
,,,255
,,,0
,,,100
,,,18
,,,227
,,,0
,,,107
,,,169
,,,19
,,,200
,,,83
,,,69
,,,37
,,,132
,,,255
,,,237
,,,64
,,,1
,,,255
,,,53
,,,210
,,,8
,,,122
,,,15
,,,14
,,,24
,,,95
,,,152
,,,210
,,,171
,,,0
,,,4
,,,179
,,,118
,,,119
,,,109
,,,0
,,,0
,,,255
,,,1
,,,249
,,,13
,,,59
,,,248
,,,203
,,,67
,,,82
,,,184
,,,31
,,,255
,,,203
,,,27
,,,199
,,,82
,,,15
,,,156
,,,163
,,,0
,,,141
,,,255
,,,47
,,,131
,,,132
,,,252
,,,57
,,,196
,,,132
,,,98
,,,111
,,,138
,,,255
,,,255
,,,196
,,,67
,,,141
,,,255
,,,135
,,,61
,,,1
,,,255
,,,101
,,,167
,,,196
,,,0
,,,0
,,,28
,,,164
,,,137
,,,165
,,,255
,,,177
,,,74
,,,38
,,,171
,,,75
,,,166
,,,0
,,,191
,,,254
,,,189
,,,8
,,,125
,,,15
,,,255
,,,54
,,,0
,,,32
,,,135
,,,187
,,,1
,,,255
,,,255
,,,151
,,,235
,,,94
,,,84
,,,201
,,,194
,,,229
,,,91
,,,177
,,,194
,,,198
,,,162
,,,81
,,,255
,,,120
,,,180
,,,202
,,,114
,,,0
,,,0
,,,1
,,,254
,,,0
,,,255
,,,56
,,,219
,,,194
,,,212
,,,76
,,,255
,,,143
,,,111
,,,0
,,,255
,,,207
,,,251
,,,79
,,,79
,,,51
,,,58
,,,255
,,,29
,,,102
,,,243
,,,54
,,,145
,,,0
,,,34
,,,254
,,,252
,,,60
,,,0
,,,251
,,,251
,,,32
,,,213
,,,0
,,,136
,,,227
,,,198
,,,225
,,,42
,,,216
,,,43
,,,191
,,,227
,,,131
,,,194
,,,69
,,,101
,,,124
,,,1
,,,73
,,,255
,,,161
,,,255
,,,254
,,,10
,,,83
,,,33
,,,17
,,,93
,,,193
,,,82
,,,255
,,,50
,,,128
,,,110
,,,229
,,,229
,,,166
,,,0
,,,193
,,,167
,,,255
,,,110
,,,254
,,,76
,,,232
,,,44
,,,42
,,,186
,,,221
,,,201
,,,79
,,,111
,,,98
,,,83
,,,147
,,,120
,,,255
,,,78
,,,123
,,,158
,,,38
,,,168
,,,127
,,,206
,,,0
,,,48
,,,255
,,,255
,,,197
,,,0
,,,82
,,,255
,,,240
,,,181
,,,0
,,,159
,,,129
,,,6
,,,6
,,,255
,,,126
,,,14
,,,251
,,,255
,,,255
,,,251
,,,219
,,,124
,,,53
,,,0
,,,132
,,,19
,,,188
,,,171
,,,244
,,,98
,,,15
,,,255
,,,232
,,,56
,,,42
,,,0
,,,113
,,,200
,,,45
,,,56
,,,255
,,,70
,,,97
,,,22
,,,1
,,,255
,,,106
,,,208
,,,110
,,,0
,,,244
,,,97
,,,89
,,,12
,,,52
,,,216
,,,49
,,,229
,,,254
,,,22
,,,97
,,,0
,,,95
,,,123
,,,37
,,,108
,,,184
,,,55
,,,176
,,,0
,,,253
,,,104
,,,37
,,,165
,,,42
,,,154
,,,40
,,,0
,,,86
,,,149
,,,4
,,,93
,,,0
,,,71
,,,118
,,,146
,,,114
,,,2
,,,39
,,,60
,,,81
,,,87
,,,179
,,,116
,,,202
,,,254
,,,177
,,,229
,,,149
,,,255
,,,154
,,,92
,,,228
,,,238
,,,0
,,,182
,,,86
,,,44
,,,46
,,,42
,,,203
,,,188
,,,5
,,,93
,,,128
,,,0
,,,255
,,,151
,,,225
,,,61
,,,172
,,,218
,,,255
,,,147
,,,149
,,,255
,,,83
,,,137
,,,126
,,,196
,,,254
,,,29
,,,194
,,,67
,,,255
,,,165
,,,240
,,,233
,,,91
,,,87
,,,109
,,,33
,,,209
,,,148
,,,65
,,,255
,,,126
,,,255
,,,89
,,,252
,,,72
,,,0
,,,91
,,,216
,,,108
,,,128
,,,255
,,,3
,,,248
,,,191
,,,99
,,,145
,,,25
,,,180
,,,240
,,,15
,,,162
,,,255
,,,119
,,,108
,,,178
,,,139
,,,0
,,,1
,,,7
,,,145
,,,0
,,,207
,,,68
,,,137
,,,255
,,,12
,,,36
,,,185
,,,83
,,,180
,,,252
,,,0
,,,255
,,,174
,,,159
,,,133
,,,1
,,,255
,,,167
,,,18
,,,101
,,,7
,,,91
,,,181
,,,196
,,,61
,,,210
,,,4
,,,90
,,,147
,,,152
,,,166
,,,224
,,,37
,,,92
,,,217
,,,158
,,,255
,,,66
,,,34
,,,0
,,,253
,,,10
,,,1
,,,95
,,,115
,,,87
,,,173
,,,161
,,,2
,,,131
,,,61
,,,77
,,,167
,,,255
,,,62
,,,179
,,,65
,,,134
,,,248
,,,198
,,,138
,,,194
,,,25
,,,110
,,,236
,,,138
,,,15
,,,233
,,,188
,,,0
,,,196
,,,59
,,,242
,,,163
,,,1
,,,0
,,,44
,,,0
,,,254
,,,255
,,,137
,,,126
,,,146
,,,22
,,,215
,,,246
,,,209
,,,2
,,,255
,,,255
,,,162
,,,255
,,,253
,,,202
,,,178
,,,151
,,,186
,,,121
,,,126
,,,78
,,,20
,,,217
,,,56
,,,88
,,,97
,,,127
,,,79
,,,32
,,,0
,,,228
,,,105
,,,30
,,,147
,,,116
,,,68
,,,99
,,,193
,,,229
,,,19
,,,0
,,,48
,,,111
,,,42
,,,134
,,,0
,,,0
,,,24
,,,139
,,,91
,,,136
,,,188
,,,152
,,,56
,,,126
,,,255
,,,0
,,,61
,,,190
,,,252
,,,255
,,,108
,,,120
,,,255
,,,5
,,,0
,,,28
,,,35
,,,255
,,,202
,,,0
,,,48
,,,219
,,,74
,,,57
,,,0
,,,197
,,,250
,,,189
,,,55
,,,67
,,,79
,,,255
,,,145
,,,255
,,,72
,,,208
,,,78
,,,251
,,,250
,,,168
,,,8
,,,86
,,,210
,,,0
,,,215
,,,174
,,,196
,,,156
,,,79
,,,28
,,,62
,,,91
,,,164
,,,52
,,,20
,,,150
,,,102
,,,53
,,,98
,,,91
,,,96
,,,166
,,,140
,,,0
,,,0
,,,39
,,,1
,,,122
,,,198
,,,0
,,,0
,,,37
,,,38
,,,20
,,,105
,,,255
,,,16
,,,88
,,,38
,,,231
,,,185
,,,115
,,,175
,,,255
,,,45
,,,157
,,,10
,,,84
,,,18
,,,254
,,,15
,,,0
,,,24
,,,254
,,,0
,,,53
,,,162
,,,30
,,,92
,,,249
,,,254
,,,121
,,,55
,,,37
,,,0
,,,86
,,,0
,,,245
,,,254
,,,236
,,,162
,,,132
,,,65
,,,171
,,,50
,,,203
,,,255
,,,224
,,,197
,,,200
,,,196
,,,163
,,,0
,,,99
,,,229
,,,0
,,,100
,,,99
,,,142
,,,209
,,,255
,,,238
,,,167
,,,141
,,,180
,,,55
,,,163
,,,101
,,,95
,,,24
,,,199
,,,0
,,,129
,,,249
,,,255
,,,255
,,,202
,,,169
,,,82
,,,0
,,,124
,,,55
,,,210
,,,34
,,,246
,,,104
,,,144
,,,47
,,,255
,,,140
,,,211
,,,91
,,,90
,,,255
,,,175
,,,54
,,,189
,,,66
,,,40
,,,254
,,,255
,,,42
,,,115
,,,181
,,,0
,,,30
,,,25
,,,202
,,,166
,,,46
,,,76
,,,99
,,,255
,,,137
,,,155
,,,161
,,,142
,,,213
,,,112
,,,249
,,,144
,,,145
,,,168
,,,0
,,,29
,,,6
,,,255
,,,214
,,,244
,,,199
,,,206
,,,255
,,,40
,,,238
,,,64
,,,198
,,,107
,,,0
,,,198
,,,0
,,,252
,,,255
,,,164
,,,143
,,,0
,,,168
,,,71
,,,255
,,,131
,,,150
,,,62
,,,54
,,,7
,,,241
,,,14
,,,135
,,,75
,,,0
,,,8
,,,187
,,,0
,,,170
,,,0
,,,237
,,,83
,,,234
,,,165
,,,34
,,,237
,,,73
,,,255
,,,142
,,,116
,,,42
,,,15
,,,216
,,,178
,,,213
,,,255
,,,252
,,,254
,,,175
,,,86
,,,0
,,,38
,,,0
,,,116
,,,58
,,,254
,,,49
,,,161
,,,163
,,,71
,,,76
,,,197
,,,39
,,,37
,,,181
,,,11
,,,0
,,,254
,,,255
,,,220
,,,244
,,,1
,,,65
,,,138
,,,44
,,,18
,,,253
,,,255
,,,255
,,,142
,,,1
,,,8
,,,35
,,,147
,,,255
,,,0
,,,193
,,,71
,,,48
,,,0
,,,255
,,,122
,,,0
,,,75
,,,243
,,,91
,,,246
,,,255
,,,255
,,,255
,,,46
,,,87
,,,146
,,,248
,,,104
,,,245
,,,255
,,,223
,,,107
,,,0
,,,255
,,,104
,,,243
,,,110
,,,135
,,,195
,,,16
,,,173
,,,122
,,,86
,,,174
,,,232
,,,236
,,,66
,,,219
,,,0
,,,0
,,,138
,,,254
,,,66
,,,0
,,,255
,,,44
,,,105
,,,15
,,,104
,,,130
,,,54
,,,255
,,,205
,,,89
,,,141
,,,255
,,,2
,,,0
,,,96
,,,28
,,,160
,,,209
,,,25
,,,56
,,,255
,,,253
,,,74
,,,165
,,,174
,,,0
,,,212
,,,226
,,,89
,,,88
,,,189
,,,204
,,,208
,,,7
,,,0
,,,255
,,,143
,,,0
,,,230
,,,0
,,,231
,,,255
,,,198
,,,255
,,,39
,,,0
,,,175
,,,213
,,,0
,,,26
,,,224
,,,209
,,,157
,,,191
,,,252
,,,66
,,,142
,,,37
,,,218
,,,1
,,,127
,,,89
,,,227
,,,29
,,,254
,,,84
,,,35
,,,0
,,,0
,,,193
,,,253
,,,8
,,,0
,,,122
,,,229
,,,163
,,,41
,,,173
,,,255
,,,6
,,,76
,,,11
,,,254
,,,0
,,,0
,,,168
,,,170
,,,223
,,,192
,,,125
,,,104
,,,128
,,,71
,,,220
,,,1
,,,0
,,,196
,,,244
,,,73
,,,235
,,,48
,,,0
,,,92
,,,119
,,,255
,,,73
,,,195
,,,211
,,,42
,,,69
,,,96
,,,255
,,,153
,,,180
,,,195
,,,0
,,,254
,,,39
,,,113
,,,137
,,,226
,,,209
,,,60
,,,247
,,,123
,,,42
,,,15
,,,170
,,,1
,,,155
,,,227
,,,29
,,,255
,,,89
,,,251
,,,211
,,,187
,,,67
,,,183
,,,125
,,,25
,,,92
,,,170
,,,108
,,,117
,,,0
,,,2
,,,255
,,,0
,,,209
,,,163
,,,255
,,,127
,,,59
,,,123
,,,179
,,,226
,,,0
,,,188
,,,197
,,,0
,,,154
,,,185
,,,169
,,,192
,,,249
,,,40
,,,250
,,,138
,,,122
,,,94
,,,243
,,,66
,,,227
,,,0
,,,126
,,,197
,,,53
,,,255
,,,255
,,,101
,,,82
,,,255
,,,63
,,,0
,,,0
,,,179
,,,73
,,,221
,,,44
,,,101
,,,70
,,,60
,,,161
,,,209
,,,255
,,,230
,,,77
,,,91
,,,43
,,,153
,,,0
,,,105
,,,177
,,,116
,,,105
,,,4
,,,137
,,,116
,,,254
,,,255
,,,91
,,,255
,,,1
,,,122
,,,61
,,,186
,,,253
,,,0
,,,0
,,,88
,,,229
,,,190
,,,253
,,,80
,,,81
,,,138
,,,163
,,,249
,,,128
,,,128
,,,0
,,,152
,,,209
,,,25
,,,255
,,,74
,,,36
,,,227
,,,0
,,,19
,,,100
,,,73
,,,29
,,,139
,,,170
,,,255
,,,202
,,,178
,,,164
,,,0
,,,216
,,,23
,,,226
,,,160
,,,145
,,,77
,,,15
,,,14
,,,90
,,,57
,,,250
,,,192
,,,236
,,,91
,,,0
,,,48
,,,122
,,,192
,,,100
,,,250
,,,188
,,,183
,,,10
,,,253
,,,255
,,,223
,,,30
,,,139
,,,0
,,,104
,,,255
,,,95
,,,19
,,,110
,,,89
,,,0
,,,162
,,,222
,,,79
,,,4
,,,0
,,,254
,,,218
,,,244
,,,255
,,,255
,,,59
,,,84
,,,36
,,,185
,,,112
,,,255
,,,228
,,,69
,,,66
,,,255
,,,89
,,,88
,,,16
,,,234
,,,237
,,,22
,,,255
,,,161
,,,65
,,,0
,,,100
,,,87
,,,253
,,,255
,,,0
,,,53
,,,7
,,,143
,,,2
,,,39
,,,236
,,,83
,,,130
,,,94
,,,180
,,,172
,,,50
,,,35
,,,3
,,,175
,,,209
,,,119
,,,0
,,,109
,,,245
,,,253
,,,73
,,,255
,,,233
,,,208
,,,14
,,,230
,,,26
,,,105
,,,40
,,,94
,,,133
,,,134
,,,255
,,,76
,,,108
,,,173
,,,255
,,,150
,,,3
,,,55
,,,0
,,,27
,,,84
,,,141
,,,48
,,,200
,,,52
,,,0
,,,120
,,,196
,,,191
,,,71
,,,180
,,,73
,,,235
,,,6
,,,74
,,,0
,,,244
,,,104
,,,216
,,,209
,,,64
,,,135
,,,57
,,,239
,,,240
,,,194
,,,255
,,,180
,,,211
,,,255
,,,66
,,,251
,,,201
,,,244
,,,224
,,,29
,,,3
,,,126
,,,173
,,,24
,,,224
,,,101
,,,255
,,,153
,,,223
,,,170
,,,88
,,,41
,,,111
,,,215
,,,157
,,,27
,,,113
,,,65
,,,47
,,,1
,,,176
,,,253
,,,255
,,,0
,,,109
,,,182
,,,70
,,,40
,,,76
,,,196
,,,236
,,,209
,,,2
,,,6
,,,255
,,,168
,,,146
,,,136
,,,0
,,,253
,,,35
,,,0
,,,174
,,,2
,,,87
,,,246
,,,196
,,,199
,,,211
,,,254
,,,206
,,,255
,,,118
,,,255
,,,56
,,,87
,,,199
,,,126
,,,136
,,,255
,,,131
,,,4
,,,0
,,,255
,,,255
,,,91
,,,230
,,,115
,,,55
,,,157
,,,144
,,,211
,,,67
,,,115
,,,168
,,,228
,,,0
,,,255
,,,255
,,,2
,,,40
,,,184
,,,156
,,,251
,,,9
,,,136
,,,77
,,,172
,,,160
,,,255
,,,139
,,,214
,,,82
,,,116
,,,42
,,,224
,,,144
,,,177
,,,180
,,,0
,,,77
,,,42
,,,105
,,,83
,,,255
,,,136
,,,0
,,,7
,,,125
,,,150
,,,0
,,,211
,,,66
,,,80
,,,138
,,,25
,,,177
,,,255
,,,27
,,,209
,,,128
,,,254
,,,67
,,,4
,,,18
,,,69
,,,143
,,,255
,,,48
,,,8
,,,143
,,,120
,,,225
,,,48
,,,0
,,,132
,,,255
,,,146
,,,9
,,,14
,,,207
,,,253
,,,167
,,,200
,,,18
,,,49
,,,64
,,,255
,,,184
,,,13
,,,255
,,,82
,,,44
,,,225
,,,59
,,,176
,,,88
,,,75
,,,55
,,,67
,,,141
,,,0
,,,255
,,,0
,,,173
,,,22
,,,255
,,,197
,,,107
,,,255
,,,172
,,,188
,,,194
,,,254
,,,255
,,,14
,,,84
,,,208
,,,0
,,,231
,,,188
,,,88
,,,56
,,,205
,,,162
,,,47
,,,254
,,,255
,,,172
,,,229
,,,146
,,,112
,,,95
,,,255
,,,246
,,,28
,,,211
,,,136
,,,253
,,,254
,,,211
,,,255
,,,110
,,,255
,,,90
,,,16
,,,210
,,,203
,,,179
,,,77
,,,240
,,,255
,,,253
,,,204
,,,163
,,,26
,,,0
,,,26
,,,138
,,,128
,,,215
,,,189
,,,61
,,,32
,,,149
,,,0
,,,255
,,,204
,,,120
,,,122
,,,201
,,,0
,,,187
,,,255
,,,97
,,,76
,,,0
,,,105
,,,254
,,,18
,,,198
,,,255
,,,79
,,,0
,,,0
,,,116
,,,35
,,,160
,,,1
,,,117
,,,43
,,,255
,,,81
,,,252
,,,6
,,,255
,,,255
,,,0
,,,102
,,,78
,,,112
,,,171
,,,228
,,,102
,,,42
,,,199
,,,1
,,,209
,,,131
,,,177
,,,187
,,,48
,,,154
,,,52
,,,241
,,,82
,,,135
,,,128
,,,189
,,,162
,,,251
,,,76
,,,43
,,,0
,,,1
,,,77
,,,248
,,,255
,,,186
,,,19
,,,237
,,,32
,,,210
,,,255
,,,119
,,,25
,,,92
,,,190
,,,8
,,,15
,,,155
,,,92
,,,116
,,,57
,,,255
,,,0
,,,79
,,,255
,,,161
,,,124
,,,36
,,,188
,,,21
,,,168
,,,189
,,,255
,,,84
,,,249
,,,0
,,,0
,,,109
,,,254
,,,229
,,,0
,,,255
,,,173
,,,105
,,,196
,,,92
,,,184
,,,83
,,,118
,,,209
,,,255
,,,249
,,,255
,,,251
,,,27
,,,148
,,,25
,,,74
,,,244
,,,0
,,,211
,,,20
,,,0
,,,49
,,,14
,,,160
,,,251
,,,255
,,,7
,,,122
,,,255
,,,202
,,,199
,,,228
,,,255
,,,8
,,,255
,,,251
,,,23
,,,229
,,,18
,,,39
,,,0
,,,254
,,,255
,,,255
,,,0
,,,108
,,,244
,,,127
,,,104
,,,46
,,,42
,,,74
,,,237
,,,170
,,,118
,,,40
,,,219
,,,47
,,,255
,,,204
,,,92
,,,255
,,,255
,,,130
,,,57
,,,32
,,,254
,,,3
,,,240
,,,92
,,,37
,,,0
,,,255
,,,0
,,,107
,,,111
,,,173
,,,133
,,,157
,,,0
,,,63
,,,209
,,,0
,,,255
,,,255
,,,233
,,,57
,,,0
,,,206
,,,145
,,,2
,,,174
,,,103
,,,246
,,,153
,,,245
,,,25
,,,167
,,,195
,,,72
,,,91
,,,255
,,,43
,,,195
,,,73
,,,135
,,,30
,,,20
,,,255
,,,105
,,,0
,,,127
,,,120
,,,201
,,,255
,,,254
,,,11
,,,31
,,,199
,,,50
,,,103
,,,208
,,,153
,,,0
,,,189
,,,25
,,,251
,,,255
,,,255
,,,179
,,,37
,,,156
,,,238
,,,31
,,,209
,,,246
,,,0
,,,157
,,,14
,,,137
,,,39
,,,157
,,,210
,,,109
,,,146
,,,110
,,,42
,,,2
,,,249
,,,35
,,,255
,,,141
,,,253
,,,0
,,,230
,,,255
,,,217
,,,69
,,,178
,,,248
,,,0
,,,188
,,,153
,,,134
,,,227
,,,113
,,,81
,,,255
,,,66
,,,203
,,,32
,,,154
,,,255
,,,174
,,,26
,,,92
,,,165
,,,198
,,,222
,,,141
,,,238
,,,0
,,,204
,,,168
,,,101
,,,24
,,,96
,,,255
,,,99
,,,74
,,,193
,,,201
,,,14
,,,189
,,,254
,,,0
,,,192
,,,73
,,,159
,,,214
,,,203
,,,254
,,,93
,,,194
,,,126
,,,209
,,,253
,,,38
,,,100
,,,137
,,,255
,,,59
,,,243
,,,184
,,,103
,,,0
,,,72
,,,196
,,,246
,,,252
,,,89
,,,1
,,,65
,,,40
,,,255
,,,77
,,,0
,,,184
,,,217
,,,254
,,,6
,,,138
,,,35
,,,136
,,,255
,,,209
,,,255
,,,252
,,,209
,,,255
,,,123
,,,8
,,,20
,,,175
,,,99
,,,86
,,,0
,,,255
,,,0
,,,60
,,,121
,,,187
,,,46
,,,176
,,,66
,,,226
,,,219
,,,20
,,,255
,,,132
,,,47
,,,255
,,,208
,,,238
,,,37
,,,64
,,,127
,,,156
,,,0
,,,24
,,,184
,,,244
,,,255
,,,200
,,,230
,,,118
,,,42
,,,58
,,,252
,,,53
,,,255
,,,103
,,,196
,,,54
,,,174
,,,74
,,,117
,,,109
,,,178
,,,32
,,,3
,,,112
,,,252
,,,207
,,,130
,,,49
,,,180
,,,76
,,,108
,,,255
,,,132
,,,135
,,,221
,,,252
,,,254
,,,255
,,,26
,,,161
,,,127
,,,45
,,,26
,,,255
,,,231
,,,88
,,,255
,,,117
,,,101
,,,4
,,,71
,,,107
,,,175
,,,255
,,,54
,,,0
,,,138
,,,254
,,,0
,,,255
,,,251
,,,164
,,,153
,,,202
,,,48
,,,255
,,,155
,,,136
,,,0
,,,39
,,,20
,,,179
,,,33
,,,248
,,,183
,,,123
,,,255
,,,255
,,,162
,,,74
,,,116
,,,229
,,,76
,,,73
,,,126
,,,252
,,,227
,,,29
,,,86
,,,87
,,,0
,,,134
,,,55
,,,164
,,,189
,,,255
,,,78
,,,114
,,,0
,,,163
,,,209
,,,166
,,,207
,,,126
,,,255
,,,232
,,,8
,,,151
,,,4
,,,193
,,,114
,,,133
,,,59
,,,128
,,,199
,,,135
,,,28
,,,218
,,,70
,,,185
,,,255
,,,255
,,,41
,,,0
,,,169
,,,0
,,,59
,,,228
,,,78
,,,253
,,,229
,,,128
,,,255
,,,212
,,,185
,,,71
,,,31
,,,86
,,,255
,,,80
,,,227
,,,204
,,,255
,,,252
,,,180
,,,255
,,,255
,,,253
,,,131
,,,7
,,,254
,,,38
,,,3
,,,220
,,,243
,,,177
,,,11
,,,255
,,,35
,,,137
,,,206
,,,148
,,,190
,,,254
,,,230
,,,0
,,,25
,,,255
,,,0
,,,183
,,,198
,,,0
,,,1
,,,74
,,,1
,,,0
,,,209
,,,42
,,,29
,,,7
,,,245
,,,64
,,,255
,,,40
,,,170
,,,255
,,,156
,,,198
,,,10
,,,236
,,,124
,,,94
,,,91
,,,115
,,,87
,,,211
,,,73
,,,71
,,,103
,,,5
,,,111
,,,161
,,,54
,,,8
,,,209
,,,255
,,,135
,,,177
,,,189
,,,133
,,,255
,,,122
,,,44
,,,35
,,,1
,,,244
,,,224
,,,255
,,,56
,,,0
,,,254
,,,59
,,,210
,,,179
,,,181
,,,180
,,,180
,,,254
,,,25
,,,223
,,,9
,,,71
,,,121
,,,255
,,,158
,,,8
,,,80
,,,255
,,,162
,,,163
,,,217
,,,216
,,,76
,,,183
,,,0
,,,255
,,,130
,,,110
,,,202
,,,93
,,,46
,,,5
,,,214
,,,81
,,,70
,,,224
,,,121
,,,219
,,,244
,,,194
,,,145
,,,255
,,,87
,,,74
,,,170
,,,2
,,,45
,,,195
,,,0
,,,169
,,,255
,,,168
,,,208
,,,242
,,,9
,,,0
,,,251
,,,104
,,,252
,,,23
,,,255
,,,75
,,,0
,,,99
,,,0
,,,169
,,,255
,,,254
,,,24
,,,193
,,,73
,,,255
,,,141
,,,168
,,,255
,,,145
,,,193
,,,91
,,,255
,,,255
,,,40
,,,217
,,,0
,,,76
,,,131
,,,255
,,,144
,,,232
,,,255
,,,4
,,,251
,,,42
,,,214
,,,0
,,,56
,,,170
,,,148
,,,224
,,,0
,,,6
,,,244
,,,86
,,,73
,,,138
,,,26
,,,16
,,,251
,,,208
,,,255
,,,249
,,,177
,,,193
,,,108
,,,227
,,,111
,,,111
,,,94
,,,95
,,,142
,,,161
,,,1
,,,244
,,,107
,,,2
,,,235
,,,240
,,,0
,,,252
,,,53
,,,30
,,,68
,,,94
,,,195
,,,0
,,,1
,,,16
,,,83
,,,64
,,,107
,,,84
,,,39
,,,226
,,,112
,,,35
,,,221
,,,211
,,,139
,,,160
,,,6
,,,255
,,,0
,,,218
,,,245
,,,153
,,,151
,,,42
,,,0
,,,189
,,,43
,,,119
,,,163
,,,37
,,,21
,,,213
,,,66
,,,216
,,,49
,,,220
,,,146
,,,100
,,,15
,,,174
,,,18
,,,248
,,,30
,,,255
,,,0
,,,175
,,,233
,,,228
,,,255
,,,6
,,,55
,,,0
,,,0
,,,137
,,,15
,,,199
,,,37
,,,235
,,,0
,,,116
,,,113
,,,253
,,,221
,,,110
,,,199
,,,19
,,,193
,,,56
,,,254
,,,196
,,,146
,,,171
,,,160
,,,17
,,,123
,,,171
,,,27
,,,180
,,,45
,,,184
,,,4
,,,106
,,,220
,,,75
,,,106
,,,255
,,,174
,,,135
,,,67
,,,90
,,,80
,,,150
,,,156
,,,48
,,,0
,,,244
,,,52
,,,255
,,,82
,,,52
,,,0
,,,255
,,,121
,,,35
,,,0
,,,233
,,,19
,,,0
,,,92
,,,209
,,,174
,,,136
,,,27
,,,253
,,,59
,,,35
,,,196
,,,238
,,,113
,,,186
,,,0
,,,255
,,,93
,,,0
,,,104
,,,0
,,,0
,,,45
,,,197
,,,139
,,,0
,,,119
,,,232
,,,117
,,,51
,,,172
,,,249
,,,216
,,,104
,,,249
,,,178
,,,254
,,,209
,,,255
,,,194
,,,87
,,,93
,,,150
,,,185
,,,234
,,,222
,,,246
,,,0
,,,251
,,,183
,,,163
,,,129
,,,254
,,,197
,,,216
,,,180
,,,55
,,,255
,,,80
,,,173
,,,89
,,,0
,,,111
,,,126
,,,88
,,,255
,,,173
,,,177
,,,255
,,,133
,,,185
,,,125
,,,216
,,,44
,,,85
,,,88
,,,98
,,,104
,,,254
,,,200
,,,56
,,,109
,,,0
,,,10
,,,141
,,,0
,,,10
,,,59
,,,97
,,,252
,,,211
,,,171
,,,253
,,,89
,,,0
,,,22
,,,243
,,,142
,,,63
,,,120
,,,120
,,,15
,,,87
,,,64
,,,218
,,,244
,,,186
,,,244
,,,114
,,,201
,,,4
,,,135
,,,167
,,,90
,,,123
,,,94
,,,77
,,,149
,,,255
,,,126
,,,247
,,,255
,,,244
,,,255
,,,100
,,,0
,,,231
,,,42
,,,13
,,,194
,,,254
,,,255
,,,94
,,,255
,,,255
,,,14
,,,250
,,,56
,,,174
,,,243
,,,153
,,,4
,,,44
,,,158
,,,252
,,,121
,,,54
,,,236
,,,123
,,,4
,,,199
,,,73
,,,15
,,,178
,,,209
,,,138
,,,84
,,,9
,,,194
,,,250
,,,166
,,,106
,,,196
,,,61
,,,20
,,,255
,,,102
,,,153
,,,116
,,,0
,,,253
,,,81
,,,255
,,,47
,,,22
,,,35
,,,161
,,,96
,,,35
,,,41
,,,48
,,,185
,,,211
,,,255
,,,254
,,,27
,,,54
,,,255
,,,125
,,,70
,,,20
,,,146
,,,0
,,,213
,,,29
,,,245
,,,167
,,,255
,,,193
,,,122
,,,144
,,,201
,,,189
,,,149
,,,36
,,,186
,,,240
,,,116
,,,64
,,,132
,,,167
,,,237
,,,0
,,,145
,,,244
,,,65
,,,46
,,,76
,,,0
,,,94
,,,255
,,,58
,,,124
,,,43
,,,192
,,,242
,,,25
,,,126
,,,15
,,,66
,,,104
,,,28
,,,3
,,,254
,,,194
,,,178
,,,36
,,,4
,,,196
,,,0
,,,57
,,,93
,,,89
,,,192
,,,29
,,,175
,,,89
,,,66
,,,56
,,,252
,,,0
,,,163
,,,78
,,,0
,,,247
,,,22
,,,37
,,,255
,,,33
,,,139
,,,248
,,,0
,,,48
,,,176
,,,209
,,,3
,,,95
,,,0
,,,0
,,,255
,,,8
,,,213
,,,114
,,,91
,,,73
,,,180
,,,254
,,,21
,,,54
,,,0
,,,175
,,,47
,,,209
,,,162
,,,94
,,,93
,,,103
,,,144
,,,111
,,,238
,,,242
,,,186
,,,159
,,,255
,,,211
,,,56
,,,214
,,,22
,,,5
,,,194
,,,227
,,,255
,,,92
,,,134
,,,82
,,,51
,,,1
,,,0
,,,6
,,,255
,,,58
,,,109
,,,166
,,,124
,,,255
,,,226
,,,92
,,,173
,,,36
,,,17
,,,247
,,,255
,,,18
,,,1
,,,5
,,,53
,,,208
,,,240
,,,246
,,,76
,,,255
,,,82
,,,227
,,,254
,,,186
,,,254
,,,246
,,,246
,,,162
,,,160
,,,226
,,,228
,,,98
,,,252
,,,249
,,,74
,,,74
,,,255
,,,195
,,,105
,,,71
,,,89
,,,243
,,,240
,,,59
,,,224
,,,6
,,,8
,,,224
,,,42
,,,8
,,,221
,,,252
,,,255
,,,54
,,,106
,,,148
,,,41
,,,226
,,,167
,,,36
,,,255
,,,86
,,,132
,,,202
,,,159
,,,145
,,,138
,,,188
,,,3
,,,174
,,,255
,,,18
,,,73
,,,255
,,,0
,,,53
,,,73
,,,219
,,,173
,,,186
,,,68
,,,42
,,,37
,,,5
,,,108
,,,0
,,,37
,,,7
,,,255
,,,12
,,,208
,,,3
,,,34
,,,211
,,,244
,,,176
,,,188
,,,112
,,,0
,,,246
,,,87
,,,240
,,,136
,,,155
,,,255
,,,208
,,,68
,,,255
,,,159
,,,255
,,,138
,,,255
,,,31
,,,37
,,,138
,,,223
,,,238
,,,210
,,,183
,,,116
,,,131
,,,0
,,,92
,,,186
,,,49
,,,238
,,,255
,,,255
,,,42
,,,0
,,,13
,,,159
,,,251
,,,68
,,,26
,,,220
,,,68
,,,132
,,,167
,,,27
,,,68
,,,236
,,,200
,,,165
,,,54
,,,193
,,,0
,,,146
,,,109
,,,160
,,,30
,,,103
,,,174
,,,121
,,,97
,,,203
,,,251
,,,255
,,,211
,,,176
,,,237
,,,0
,,,255
,,,0
,,,0
,,,37
,,,217
,,,211
,,,255
,,,30
,,,247
,,,255
,,,25
,,,255
,,,232
,,,67
,,,0
,,,87
,,,88
,,,95
,,,121
,,,146
,,,37
,,,167
,,,192
,,,13
,,,0
,,,2
,,,255
,,,42
,,,187
,,,89
,,,73
,,,8
,,,162
,,,254
,,,17
,,,100
,,,200
,,,4
,,,76
,,,36
,,,0
,,,18
,,,252
,,,42
,,,161
,,,58
,,,85
,,,68
,,,129
,,,178
,,,163
,,,73
,,,0
,,,209
,,,26
,,,25
,,,0
,,,118
,,,91
,,,49
,,,0
,,,181
,,,20
,,,14
,,,64
,,,154
,,,255
,,,252
,,,216
,,,88
,,,169
,,,1
,,,137
,,,255
,,,31
,,,38
,,,56
,,,0
,,,77
,,,0
,,,166
,,,0
,,,232
,,,255
,,,233
,,,229
,,,255
,,,195
,,,175
,,,245
,,,8
,,,59
,,,104
,,,200
,,,255
,,,255
,,,2
,,,39
,,,216
,,,72
,,,122
,,,254
,,,242
,,,0
,,,32
,,,85
,,,125
,,,1
,,,255
,,,133
,,,95
,,,255
,,,86
,,,209
,,,104
,,,164
,,,228
,,,3
,,,94
,,,0
,,,192
,,,210
,,,237
,,,0
,,,88
,,,106
,,,71
,,,144
,,,77
,,,19
,,,51
,,,181
,,,179
,,,25
,,,128
,,,255
,,,255
,,,47
,,,255
,,,187
,,,143
,,,98
,,,11
,,,5
,,,146
,,,108
,,,233
,,,0
,,,255
,,,53
,,,253
,,,220
,,,0
,,,196
,,,176
,,,100
,,,1
,,,200
,,,169
,,,253
,,,89
,,,61
,,,96
,,,26
,,,43
,,,159
,,,252
,,,49
,,,140
,,,255
,,,201
,,,4
,,,195
,,,30
,,,109
,,,160
,,,58
,,,254
,,,216
,,,195
,,,82
,,,92
,,,59
,,,148
,,,226
,,,64
,,,255
,,,253
,,,232
,,,152
,,,61
,,,13
,,,156
,,,110
,,,255
,,,142
,,,0
,,,254
,,,252
,,,209
,,,249
,,,4
,,,255
,,,35
,,,127
,,,207
,,,0
,,,3
,,,50
,,,157
,,,0
,,,59
,,,210
,,,13
,,,0
,,,252
,,,212
,,,239
,,,254
,,,255
,,,116
,,,0
,,,255
,,,50
,,,123
,,,255
,,,89
,,,252
,,,54
,,,187
,,,157
,,,254
,,,9
,,,192
,,,174
,,,255
,,,2
,,,255
,,,233
,,,150
,,,122
,,,0
,,,255
,,,193
,,,220
,,,196
,,,119
,,,126
,,,210
,,,164
,,,114
,,,188
,,,137
,,,115
,,,247
,,,123
,,,90
,,,29
,,,194
,,,255
,,,38
,,,145
,,,72
,,,0
,,,192
,,,171
,,,7
,,,146
,,,0
,,,73
,,,248
,,,141
,,,38
,,,254
,,,203
,,,209
,,,0
,,,5
,,,197
,,,185
,,,0
,,,193
,,,48
,,,118
,,,253
,,,114
,,,192
,,,255
,,,172
,,,65
,,,244
,,,255
,,,82
,,,0
,,,91
,,,118
,,,149
,,,176
,,,149
,,,138
,,,202
,,,209
,,,152
,,,29
,,,254
,,,52
,,,11
,,,255
,,,105
,,,140
,,,13
,,,209
,,,144
,,,82
,,,141
,,,16
,,,22
,,,255
,,,130
,,,180
,,,150
,,,255
,,,255
,,,255
,,,103
,,,18
,,,241
,,,74
,,,253
,,,255
,,,63
,,,76
,,,238
,,,211
,,,252
,,,84
,,,36
,,,52
,,,104
,,,226
,,,255
,,,255
,,,236
,,,183
,,,255
,,,44
,,,171
,,,249
,,,255
,,,244
,,,92
,,,252
,,,160
,,,155
,,,54
,,,157
,,,0
,,,35
,,,186
,,,3
,,,0
,,,244
,,,38
,,,255
,,,162
,,,91
,,,36
,,,3
,,,92
,,,153
,,,23
,,,31
,,,134
,,,70
,,,219
,,,205
,,,186
,,,216
,,,59
,,,66
,,,126
,,,146
,,,50
,,,105
,,,93
,,,119
,,,73
,,,148
,,,97
,,,166
,,,182
,,,18
,,,190
,,,46
,,,0
,,,73
,,,157
,,,1
,,,211
,,,255
,,,108
,,,26
,,,91
,,,62
,,,208
,,,251
,,,251
,,,88
,,,218
,,,147
,,,187
,,,255
,,,88
,,,255
,,,255
,,,5
,,,71
,,,0
,,,25
,,,0
,,,255
,,,106
,,,255
,,,249
,,,11
,,,93
,,,255
,,,56
,,,214
,,,0
,,,211
,,,30
,,,255
,,,255
,,,170
,,,0
,,,29
,,,255
,,,153
,,,219
,,,211
,,,18
,,,112
,,,50
,,,122
,,,184
,,,196
,,,235
,,,60
,,,53
,,,254
,,,0
,,,66
,,,163
,,,5
,,,254
,,,69
,,,128
,,,29
,,,170
,,,90
,,,165
,,,197
,,,143
,,,255
,,,7
,,,0
,,,200
,,,255
,,,27
,,,255
,,,252
,,,31
,,,120
,,,125
,,,202
,,,80
,,,112
,,,79
,,,0
,,,96
,,,116
,,,0
,,,255
,,,252
,,,252
,,,41
,,,218
,,,0
,,,255
,,,110
,,,0
,,,93
,,,131
,,,8
,,,57
,,,252
,,,208
,,,88
,,,53
,,,245
,,,89
,,,208
,,,90
,,,255
,,,74
,,,50
,,,255
,,,250
,,,228
,,,137
,,,92
,,,220
,,,0
,,,189
,,,116
,,,164
,,,210
,,,202
,,,146
,,,156
,,,57
,,,216
,,,40
,,,93
,,,254
,,,255
,,,97
,,,255
,,,184
,,,123
,,,194
,,,185
,,,188
,,,249
,,,30
,,,218
,,,0
,,,119
,,,255
,,,253
,,,70
,,,114
,,,255
,,,86
,,,186
,,,39
,,,149
,,,108
,,,31
,,,0
,,,161
,,,56
,,,175
,,,255
,,,205
,,,173
,,,255
,,,236
,,,255
,,,0
,,,127
,,,121
,,,255
,,,161
,,,109
,,,250
,,,0
,,,253
,,,34
,,,118
,,,0
,,,166
,,,110
,,,237
,,,61
,,,200
,,,105
,,,254
,,,54
,,,246
,,,12
,,,77
,,,118
,,,220
,,,0
,,,39
,,,211
,,,189
,,,163
,,,35
,,,247
,,,209
,,,254
,,,236
,,,74
,,,91
,,,191
,,,117
,,,254
,,,16
,,,255
,,,93
,,,255
,,,210
,,,169
,,,61
,,,70
,,,209
,,,148
,,,254
,,,0
,,,198
,,,130
,,,239
,,,247
,,,255
,,,93
,,,90
,,,145
,,,210
,,,255
,,,0
,,,52
,,,93
,,,0
,,,80
,,,162
,,,177
,,,98
,,,104
,,,0
,,,235
,,,198
,,,255
,,,23
,,,196
,,,0
,,,92
,,,237
,,,200
,,,199
,,,152
,,,130
,,,208
,,,242
,,,0
,,,227
,,,188
,,,129
,,,26
,,,104
,,,103
,,,89
,,,207
,,,146
,,,206
,,,0
,,,47
,,,209
,,,255
,,,166
,,,195
,,,192
,,,174
,,,227
,,,254
,,,244
,,,80
,,,252
,,,49
,,,56
,,,255
,,,7
,,,255
,,,93
,,,128
,,,3
,,,253
,,,123
,,,101
,,,196
,,,16
